# WaveFront *.obj file (generated by Autodesk ATF)

mtllib Day 1 2x4 Toy Block.mtl

g Body1

v 3.160000 0.020000 0.960000
v 3.160000 0.014824 0.959319
v 3.160000 0.010000 0.957321
v 3.160000 0.005858 0.954142
v 3.160000 0.002679 0.950000
v 3.160000 0.000681 0.945176
v 3.160000 0.000000 0.940000
v 3.165176 0.000681 0.940000
v 3.170000 0.002679 0.940000
v 3.174142 0.005858 0.940000
v 3.177321 0.010000 0.940000
v 3.179319 0.014824 0.940000
v 3.180000 0.020000 0.940000
v 3.179319 0.020000 0.945176
v 3.177321 0.020000 0.950000
v 3.174142 0.020000 0.954142
v 3.170000 0.020000 0.957321
v 3.165176 0.020000 0.959319
v 3.161691 0.012227 0.958350
v 3.163715 0.016922 0.959409
v 3.161563 0.003427 0.951085
v 3.164022 0.006669 0.954356
v 3.166208 0.010819 0.956648
v 3.167971 0.015595 0.957806
v 3.162216 0.000753 0.944962
v 3.165366 0.002763 0.948609
v 3.168149 0.005949 0.951669
v 3.170378 0.010092 0.953933
v 3.171899 0.014910 0.955248
v 3.164962 0.000753 0.942216
v 3.168609 0.002763 0.945366
v 3.171669 0.005949 0.948149
v 3.173933 0.010092 0.950378
v 3.175248 0.014910 0.951899
v 3.171085 0.003427 0.941563
v 3.174356 0.006669 0.944022
v 3.176648 0.010819 0.946208
v 3.177806 0.015595 0.947971
v 3.178350 0.012227 0.941691
v 3.179409 0.016922 0.943715
v 3.160000 0.000000 0.000000
v 3.165176 0.000681 0.000000
v 3.170000 0.002679 0.000000
v 3.174142 0.005858 0.000000
v 3.177321 0.010000 0.000000
v 3.179319 0.014824 0.000000
v 3.180000 0.020000 0.000000
v 3.165176 0.000681 0.104444
v 3.165176 0.000681 0.208889
v 3.165176 0.000681 0.313333
v 3.165176 0.000681 0.417778
v 3.165176 0.000681 0.522222
v 3.165176 0.000681 0.626667
v 3.165176 0.000681 0.731111
v 3.165176 0.000681 0.835556
v 3.170000 0.002679 0.104444
v 3.170000 0.002679 0.208889
v 3.170000 0.002679 0.313333
v 3.170000 0.002679 0.417778
v 3.170000 0.002679 0.522222
v 3.170000 0.002679 0.626667
v 3.170000 0.002679 0.731111
v 3.170000 0.002679 0.835556
v 3.174142 0.005858 0.104444
v 3.174142 0.005858 0.208889
v 3.174142 0.005858 0.313333
v 3.174142 0.005858 0.417778
v 3.174142 0.005858 0.522222
v 3.174142 0.005858 0.626667
v 3.174142 0.005858 0.731111
v 3.174142 0.005858 0.835556
v 3.177321 0.010000 0.104444
v 3.177321 0.010000 0.208889
v 3.177321 0.010000 0.313333
v 3.177321 0.010000 0.417778
v 3.177321 0.010000 0.522222
v 3.177321 0.010000 0.626667
v 3.177321 0.010000 0.731111
v 3.177321 0.010000 0.835556
v 3.179319 0.014824 0.104444
v 3.179319 0.014824 0.208889
v 3.179319 0.014824 0.313333
v 3.179319 0.014824 0.417778
v 3.179319 0.014824 0.522222
v 3.179319 0.014824 0.626667
v 3.179319 0.014824 0.731111
v 3.179319 0.014824 0.835556
v 3.160000 1.560000 0.960000
v 3.165176 1.560000 0.959319
v 3.170000 1.560000 0.957321
v 3.174142 1.560000 0.954142
v 3.177321 1.560000 0.950000
v 3.179319 1.560000 0.945176
v 3.180000 1.560000 0.940000
v 3.179319 1.565176 0.940000
v 3.177321 1.570000 0.940000
v 3.174142 1.574142 0.940000
v 3.170000 1.577321 0.940000
v 3.165176 1.579319 0.940000
v 3.160000 1.580000 0.940000
v 3.160000 1.579319 0.945176
v 3.160000 1.577321 0.950000
v 3.160000 1.574142 0.954142
v 3.160000 1.570000 0.957321
v 3.160000 1.565176 0.959319
v 3.163715 1.563078 0.959409
v 3.161691 1.567773 0.958350
v 3.167971 1.564405 0.957806
v 3.166208 1.569181 0.956648
v 3.164022 1.573331 0.954356
v 3.161563 1.576573 0.951085
v 3.171899 1.565090 0.955248
v 3.170378 1.569908 0.953933
v 3.168149 1.574051 0.951669
v 3.165366 1.577237 0.948609
v 3.162216 1.579247 0.944962
v 3.175248 1.565090 0.951899
v 3.173933 1.569908 0.950378
v 3.171669 1.574051 0.948149
v 3.168609 1.577237 0.945366
v 3.164962 1.579247 0.942216
v 3.177806 1.564405 0.947971
v 3.176648 1.569181 0.946208
v 3.174356 1.573331 0.944022
v 3.171085 1.576573 0.941563
v 3.179409 1.563078 0.943715
v 3.178350 1.567773 0.941691
v 3.180000 1.560000 0.000000
v 3.179319 1.565176 0.000000
v 3.177321 1.570000 0.000000
v 3.174142 1.574142 0.000000
v 3.170000 1.577321 0.000000
v 3.165176 1.579319 0.000000
v 3.160000 1.580000 0.000000
v 3.179319 1.565176 0.104444
v 3.179319 1.565176 0.208889
v 3.179319 1.565176 0.313333
v 3.179319 1.565176 0.417778
v 3.179319 1.565176 0.522222
v 3.179319 1.565176 0.626667
v 3.179319 1.565176 0.731111
v 3.179319 1.565176 0.835556
v 3.177321 1.570000 0.104444
v 3.177321 1.570000 0.208889
v 3.177321 1.570000 0.313333
v 3.177321 1.570000 0.417778
v 3.177321 1.570000 0.522222
v 3.177321 1.570000 0.626667
v 3.177321 1.570000 0.731111
v 3.177321 1.570000 0.835556
v 3.174142 1.574142 0.104444
v 3.174142 1.574142 0.208889
v 3.174142 1.574142 0.313333
v 3.174142 1.574142 0.417778
v 3.174142 1.574142 0.522222
v 3.174142 1.574142 0.626667
v 3.174142 1.574142 0.731111
v 3.174142 1.574142 0.835556
v 3.170000 1.577321 0.104444
v 3.170000 1.577321 0.208889
v 3.170000 1.577321 0.313333
v 3.170000 1.577321 0.417778
v 3.170000 1.577321 0.522222
v 3.170000 1.577321 0.626667
v 3.170000 1.577321 0.731111
v 3.170000 1.577321 0.835556
v 3.165176 1.579319 0.104444
v 3.165176 1.579319 0.208889
v 3.165176 1.579319 0.313333
v 3.165176 1.579319 0.417778
v 3.165176 1.579319 0.522222
v 3.165176 1.579319 0.626667
v 3.165176 1.579319 0.731111
v 3.165176 1.579319 0.835556
v 0.020000 0.020000 0.960000
v 0.014824 0.020000 0.959319
v 0.010000 0.020000 0.957321
v 0.005858 0.020000 0.954142
v 0.002679 0.020000 0.950000
v 0.000681 0.020000 0.945176
v 0.000000 0.020000 0.940000
v 0.000681 0.014824 0.940000
v 0.002679 0.010000 0.940000
v 0.005858 0.005858 0.940000
v 0.010000 0.002679 0.940000
v 0.014824 0.000681 0.940000
v 0.020000 0.000000 0.940000
v 0.020000 0.000681 0.945176
v 0.020000 0.002679 0.950000
v 0.020000 0.005858 0.954142
v 0.020000 0.010000 0.957321
v 0.020000 0.014824 0.959319
v 0.016285 0.016922 0.959409
v 0.018309 0.012227 0.958350
v 0.012029 0.015595 0.957806
v 0.013792 0.010819 0.956648
v 0.015978 0.006669 0.954356
v 0.018437 0.003427 0.951085
v 0.008101 0.014910 0.955248
v 0.009622 0.010092 0.953933
v 0.011851 0.005949 0.951669
v 0.014634 0.002763 0.948609
v 0.017784 0.000753 0.944962
v 0.004752 0.014910 0.951899
v 0.006067 0.010092 0.950378
v 0.008331 0.005949 0.948149
v 0.011391 0.002763 0.945366
v 0.015038 0.000753 0.942216
v 0.002194 0.015595 0.947971
v 0.003352 0.010819 0.946208
v 0.005644 0.006669 0.944022
v 0.008915 0.003427 0.941563
v 0.000591 0.016922 0.943715
v 0.001650 0.012227 0.941691
v -0.000000 0.020000 0.000000
v 0.000681 0.014824 0.000000
v 0.002679 0.010000 0.000000
v 0.005858 0.005858 0.000000
v 0.010000 0.002679 0.000000
v 0.014824 0.000681 0.000000
v 0.020000 0.000000 0.000000
v 0.000681 0.014824 0.104444
v 0.000681 0.014824 0.208889
v 0.000681 0.014824 0.313333
v 0.000681 0.014824 0.417778
v 0.000681 0.014824 0.522222
v 0.000681 0.014824 0.626667
v 0.000681 0.014824 0.731111
v 0.000681 0.014824 0.835556
v 0.002679 0.010000 0.104444
v 0.002679 0.010000 0.208889
v 0.002679 0.010000 0.313333
v 0.002679 0.010000 0.417778
v 0.002679 0.010000 0.522222
v 0.002679 0.010000 0.626667
v 0.002679 0.010000 0.731111
v 0.002679 0.010000 0.835556
v 0.005858 0.005858 0.104444
v 0.005858 0.005858 0.208889
v 0.005858 0.005858 0.313333
v 0.005858 0.005858 0.417778
v 0.005858 0.005858 0.522222
v 0.005858 0.005858 0.626667
v 0.005858 0.005858 0.731111
v 0.005858 0.005858 0.835556
v 0.010000 0.002679 0.104444
v 0.010000 0.002679 0.208889
v 0.010000 0.002679 0.313333
v 0.010000 0.002679 0.417778
v 0.010000 0.002679 0.522222
v 0.010000 0.002679 0.626667
v 0.010000 0.002679 0.731111
v 0.010000 0.002679 0.835556
v 0.014824 0.000681 0.104444
v 0.014824 0.000681 0.208889
v 0.014824 0.000681 0.313333
v 0.014824 0.000681 0.417778
v 0.014824 0.000681 0.522222
v 0.014824 0.000681 0.626667
v 0.014824 0.000681 0.731111
v 0.014824 0.000681 0.835556
v 3.047857 0.000681 0.945176
v 2.935714 0.000681 0.945176
v 2.823571 0.000681 0.945176
v 2.711429 0.000681 0.945176
v 2.599286 0.000681 0.945176
v 2.487143 0.000681 0.945176
v 2.375000 0.000681 0.945176
v 2.262857 0.000681 0.945176
v 2.150714 0.000681 0.945176
v 2.038571 0.000681 0.945176
v 1.926429 0.000681 0.945176
v 1.814286 0.000681 0.945176
v 1.702143 0.000681 0.945176
v 1.590000 0.000681 0.945176
v 1.477857 0.000681 0.945176
v 1.365714 0.000681 0.945176
v 1.253571 0.000681 0.945176
v 1.141429 0.000681 0.945176
v 1.029286 0.000681 0.945176
v 0.917143 0.000681 0.945176
v 0.805000 0.000681 0.945176
v 0.692857 0.000681 0.945176
v 0.580714 0.000681 0.945176
v 0.468571 0.000681 0.945176
v 0.356429 0.000681 0.945176
v 0.244286 0.000681 0.945176
v 0.132143 0.000681 0.945176
v 3.047857 0.002679 0.950000
v 2.935714 0.002679 0.950000
v 2.823571 0.002679 0.950000
v 2.711429 0.002679 0.950000
v 2.599286 0.002679 0.950000
v 2.487143 0.002679 0.950000
v 2.375000 0.002679 0.950000
v 2.262857 0.002679 0.950000
v 2.150714 0.002679 0.950000
v 2.038571 0.002679 0.950000
v 1.926429 0.002679 0.950000
v 1.814286 0.002679 0.950000
v 1.702143 0.002679 0.950000
v 1.590000 0.002679 0.950000
v 1.477857 0.002679 0.950000
v 1.365714 0.002679 0.950000
v 1.253571 0.002679 0.950000
v 1.141429 0.002679 0.950000
v 1.029286 0.002679 0.950000
v 0.917143 0.002679 0.950000
v 0.805000 0.002679 0.950000
v 0.692857 0.002679 0.950000
v 0.580714 0.002679 0.950000
v 0.468571 0.002679 0.950000
v 0.356429 0.002679 0.950000
v 0.244286 0.002679 0.950000
v 0.132143 0.002679 0.950000
v 3.047857 0.005858 0.954142
v 2.935714 0.005858 0.954142
v 2.823571 0.005858 0.954142
v 2.711429 0.005858 0.954142
v 2.599286 0.005858 0.954142
v 2.487143 0.005858 0.954142
v 2.375000 0.005858 0.954142
v 2.262857 0.005858 0.954142
v 2.150714 0.005858 0.954142
v 2.038571 0.005858 0.954142
v 1.926429 0.005858 0.954142
v 1.814286 0.005858 0.954142
v 1.702143 0.005858 0.954142
v 1.590000 0.005858 0.954142
v 1.477857 0.005858 0.954142
v 1.365714 0.005858 0.954142
v 1.253571 0.005858 0.954142
v 1.141429 0.005858 0.954142
v 1.029286 0.005858 0.954142
v 0.917143 0.005858 0.954142
v 0.805000 0.005858 0.954142
v 0.692857 0.005858 0.954142
v 0.580714 0.005858 0.954142
v 0.468571 0.005858 0.954142
v 0.356429 0.005858 0.954142
v 0.244286 0.005858 0.954142
v 0.132143 0.005858 0.954142
v 3.047857 0.010000 0.957321
v 2.935714 0.010000 0.957321
v 2.823571 0.010000 0.957321
v 2.711429 0.010000 0.957321
v 2.599286 0.010000 0.957321
v 2.487143 0.010000 0.957321
v 2.375000 0.010000 0.957321
v 2.262857 0.010000 0.957321
v 2.150714 0.010000 0.957321
v 2.038571 0.010000 0.957321
v 1.926429 0.010000 0.957321
v 1.814286 0.010000 0.957321
v 1.702143 0.010000 0.957321
v 1.590000 0.010000 0.957321
v 1.477857 0.010000 0.957321
v 1.365714 0.010000 0.957321
v 1.253571 0.010000 0.957321
v 1.141429 0.010000 0.957321
v 1.029286 0.010000 0.957321
v 0.917143 0.010000 0.957321
v 0.805000 0.010000 0.957321
v 0.692857 0.010000 0.957321
v 0.580714 0.010000 0.957321
v 0.468571 0.010000 0.957321
v 0.356429 0.010000 0.957321
v 0.244286 0.010000 0.957321
v 0.132143 0.010000 0.957321
v 3.047857 0.014824 0.959319
v 2.935714 0.014824 0.959319
v 2.823571 0.014824 0.959319
v 2.711429 0.014824 0.959319
v 2.599286 0.014824 0.959319
v 2.487143 0.014824 0.959319
v 2.375000 0.014824 0.959319
v 2.262857 0.014824 0.959319
v 2.150714 0.014824 0.959319
v 2.038571 0.014824 0.959319
v 1.926429 0.014824 0.959319
v 1.814286 0.014824 0.959319
v 1.702143 0.014824 0.959319
v 1.590000 0.014824 0.959319
v 1.477857 0.014824 0.959319
v 1.365714 0.014824 0.959319
v 1.253571 0.014824 0.959319
v 1.141429 0.014824 0.959319
v 1.029286 0.014824 0.959319
v 0.917143 0.014824 0.959319
v 0.805000 0.014824 0.959319
v 0.692857 0.014824 0.959319
v 0.580714 0.014824 0.959319
v 0.468571 0.014824 0.959319
v 0.356429 0.014824 0.959319
v 0.244286 0.014824 0.959319
v 0.132143 0.014824 0.959319
v 0.020000 1.560000 0.960000
v 0.020000 1.565176 0.959319
v 0.020000 1.570000 0.957321
v 0.020000 1.574142 0.954142
v 0.020000 1.577321 0.950000
v 0.020000 1.579319 0.945176
v 0.020000 1.580000 0.940000
v 0.014824 1.579319 0.940000
v 0.010000 1.577321 0.940000
v 0.005858 1.574142 0.940000
v 0.002679 1.570000 0.940000
v 0.000681 1.565176 0.940000
v -0.000000 1.560000 0.940000
v 0.000681 1.560000 0.945176
v 0.002679 1.560000 0.950000
v 0.005858 1.560000 0.954142
v 0.010000 1.560000 0.957321
v 0.014824 1.560000 0.959319
v 0.000591 1.563078 0.943715
v 0.018309 1.567773 0.958350
v 0.016285 1.563078 0.959409
v 0.018437 1.576573 0.951085
v 0.015978 1.573331 0.954356
v 0.013792 1.569181 0.956648
v 0.012029 1.564405 0.957806
v 0.017784 1.579247 0.944962
v 0.014634 1.577237 0.948609
v 0.011851 1.574051 0.951669
v 0.009622 1.569908 0.953933
v 0.008101 1.565090 0.955248
v 0.015038 1.579247 0.942216
v 0.011391 1.577237 0.945366
v 0.008331 1.574051 0.948149
v 0.006067 1.569908 0.950378
v 0.004752 1.565090 0.951899
v 0.008915 1.576573 0.941563
v 0.005644 1.573331 0.944022
v 0.003352 1.569181 0.946208
v 0.002194 1.564405 0.947971
v 0.001650 1.567773 0.941691
v 0.020000 1.580000 0.000000
v 0.014824 1.579319 0.000000
v 0.010000 1.577321 0.000000
v 0.005858 1.574142 0.000000
v 0.002679 1.570000 0.000000
v 0.000681 1.565176 0.000000
v -0.000000 1.560000 0.000000
v 0.014824 1.579319 0.104444
v 0.014824 1.579319 0.208889
v 0.014824 1.579319 0.313333
v 0.014824 1.579319 0.417778
v 0.014824 1.579319 0.522222
v 0.014824 1.579319 0.626667
v 0.014824 1.579319 0.731111
v 0.014824 1.579319 0.835556
v 0.010000 1.577321 0.104444
v 0.010000 1.577321 0.208889
v 0.010000 1.577321 0.313333
v 0.010000 1.577321 0.417778
v 0.010000 1.577321 0.522222
v 0.010000 1.577321 0.626667
v 0.010000 1.577321 0.731111
v 0.010000 1.577321 0.835556
v 0.005858 1.574142 0.104444
v 0.005858 1.574142 0.208889
v 0.005858 1.574142 0.313333
v 0.005858 1.574142 0.417778
v 0.005858 1.574142 0.522222
v 0.005858 1.574142 0.626667
v 0.005858 1.574142 0.731111
v 0.005858 1.574142 0.835556
v 0.002679 1.570000 0.104444
v 0.002679 1.570000 0.208889
v 0.002679 1.570000 0.313333
v 0.002679 1.570000 0.417778
v 0.002679 1.570000 0.522222
v 0.002679 1.570000 0.626667
v 0.002679 1.570000 0.731111
v 0.002679 1.570000 0.835556
v 0.000681 1.565176 0.104444
v 0.000681 1.565176 0.208889
v 0.000681 1.565176 0.313333
v 0.000681 1.565176 0.417778
v 0.000681 1.565176 0.522222
v 0.000681 1.565176 0.626667
v 0.000681 1.565176 0.731111
v 0.000681 1.565176 0.835556
v 0.000681 0.130000 0.945176
v 0.000681 0.240000 0.945176
v 0.000681 0.350000 0.945176
v 0.000681 0.460000 0.945176
v 0.000681 0.570000 0.945176
v 0.000681 0.680000 0.945176
v 0.000681 0.790000 0.945176
v 0.000681 0.900000 0.945176
v 0.000681 1.010000 0.945176
v 0.000681 1.120000 0.945176
v 0.000681 1.230000 0.945176
v 0.000681 1.340000 0.945176
v 0.000681 1.450000 0.945176
v 0.002679 0.130000 0.950000
v 0.002679 0.240000 0.950000
v 0.002679 0.350000 0.950000
v 0.002679 0.460000 0.950000
v 0.002679 0.570000 0.950000
v 0.002679 0.680000 0.950000
v 0.002679 0.790000 0.950000
v 0.002679 0.900000 0.950000
v 0.002679 1.010000 0.950000
v 0.002679 1.120000 0.950000
v 0.002679 1.230000 0.950000
v 0.002679 1.340000 0.950000
v 0.002679 1.450000 0.950000
v 0.005858 0.130000 0.954142
v 0.005858 0.240000 0.954142
v 0.005858 0.350000 0.954142
v 0.005858 0.460000 0.954142
v 0.005858 0.570000 0.954142
v 0.005858 0.680000 0.954142
v 0.005858 0.790000 0.954142
v 0.005858 0.900000 0.954142
v 0.005858 1.010000 0.954142
v 0.005858 1.120000 0.954142
v 0.005858 1.230000 0.954142
v 0.005858 1.340000 0.954142
v 0.005858 1.450000 0.954142
v 0.010000 0.130000 0.957321
v 0.010000 0.240000 0.957321
v 0.010000 0.350000 0.957321
v 0.010000 0.460000 0.957321
v 0.010000 0.570000 0.957321
v 0.010000 0.680000 0.957321
v 0.010000 0.790000 0.957321
v 0.010000 0.900000 0.957321
v 0.010000 1.010000 0.957321
v 0.010000 1.120000 0.957321
v 0.010000 1.230000 0.957321
v 0.010000 1.340000 0.957321
v 0.010000 1.450000 0.957321
v 0.014824 0.130000 0.959319
v 0.014824 0.240000 0.959319
v 0.014824 0.350000 0.959319
v 0.014824 0.460000 0.959319
v 0.014824 0.570000 0.959319
v 0.014824 0.680000 0.959319
v 0.014824 0.790000 0.959319
v 0.014824 0.900000 0.959319
v 0.014824 1.010000 0.959319
v 0.014824 1.120000 0.959319
v 0.014824 1.230000 0.959319
v 0.014824 1.340000 0.959319
v 0.014824 1.450000 0.959319
v 0.132143 1.579319 0.945176
v 0.244286 1.579319 0.945176
v 0.356429 1.579319 0.945176
v 0.468571 1.579319 0.945176
v 0.580714 1.579319 0.945176
v 0.692857 1.579319 0.945176
v 0.805000 1.579319 0.945176
v 0.917143 1.579319 0.945176
v 1.029286 1.579319 0.945176
v 1.141429 1.579319 0.945176
v 1.253571 1.579319 0.945176
v 1.365714 1.579319 0.945176
v 1.477857 1.579319 0.945176
v 1.590000 1.579319 0.945176
v 1.702143 1.579319 0.945176
v 1.814286 1.579319 0.945176
v 1.926429 1.579319 0.945176
v 2.038571 1.579319 0.945176
v 2.150714 1.579319 0.945176
v 2.262857 1.579319 0.945176
v 2.375000 1.579319 0.945176
v 2.487143 1.579319 0.945176
v 2.599286 1.579319 0.945176
v 2.711429 1.579319 0.945176
v 2.823571 1.579319 0.945176
v 2.935714 1.579319 0.945176
v 3.047857 1.579319 0.945176
v 0.132143 1.577321 0.950000
v 0.244286 1.577321 0.950000
v 0.356429 1.577321 0.950000
v 0.468571 1.577321 0.950000
v 0.580714 1.577321 0.950000
v 0.692857 1.577321 0.950000
v 0.805000 1.577321 0.950000
v 0.917143 1.577321 0.950000
v 1.029286 1.577321 0.950000
v 1.141429 1.577321 0.950000
v 1.253571 1.577321 0.950000
v 1.365714 1.577321 0.950000
v 1.477857 1.577321 0.950000
v 1.590000 1.577321 0.950000
v 1.702143 1.577321 0.950000
v 1.814286 1.577321 0.950000
v 1.926429 1.577321 0.950000
v 2.038571 1.577321 0.950000
v 2.150714 1.577321 0.950000
v 2.262857 1.577321 0.950000
v 2.375000 1.577321 0.950000
v 2.487143 1.577321 0.950000
v 2.599286 1.577321 0.950000
v 2.711429 1.577321 0.950000
v 2.823571 1.577321 0.950000
v 2.935714 1.577321 0.950000
v 3.047857 1.577321 0.950000
v 0.132143 1.574142 0.954142
v 0.244286 1.574142 0.954142
v 0.356429 1.574142 0.954142
v 0.468571 1.574142 0.954142
v 0.580714 1.574142 0.954142
v 0.692857 1.574142 0.954142
v 0.805000 1.574142 0.954142
v 0.917143 1.574142 0.954142
v 1.029286 1.574142 0.954142
v 1.141429 1.574142 0.954142
v 1.253571 1.574142 0.954142
v 1.365714 1.574142 0.954142
v 1.477857 1.574142 0.954142
v 1.590000 1.574142 0.954142
v 1.702143 1.574142 0.954142
v 1.814286 1.574142 0.954142
v 1.926429 1.574142 0.954142
v 2.038571 1.574142 0.954142
v 2.150714 1.574142 0.954142
v 2.262857 1.574142 0.954142
v 2.375000 1.574142 0.954142
v 2.487143 1.574142 0.954142
v 2.599286 1.574142 0.954142
v 2.711429 1.574142 0.954142
v 2.823571 1.574142 0.954142
v 2.935714 1.574142 0.954142
v 3.047857 1.574142 0.954142
v 0.132143 1.570000 0.957321
v 0.244286 1.570000 0.957321
v 0.356429 1.570000 0.957321
v 0.468571 1.570000 0.957321
v 0.580714 1.570000 0.957321
v 0.692857 1.570000 0.957321
v 0.805000 1.570000 0.957321
v 0.917143 1.570000 0.957321
v 1.029286 1.570000 0.957321
v 1.141429 1.570000 0.957321
v 1.253571 1.570000 0.957321
v 1.365714 1.570000 0.957321
v 1.477857 1.570000 0.957321
v 1.590000 1.570000 0.957321
v 1.702143 1.570000 0.957321
v 1.814286 1.570000 0.957321
v 1.926429 1.570000 0.957321
v 2.038571 1.570000 0.957321
v 2.150714 1.570000 0.957321
v 2.262857 1.570000 0.957321
v 2.375000 1.570000 0.957321
v 2.487143 1.570000 0.957321
v 2.599286 1.570000 0.957321
v 2.711429 1.570000 0.957321
v 2.823571 1.570000 0.957321
v 2.935714 1.570000 0.957321
v 3.047857 1.570000 0.957321
v 0.132143 1.565176 0.959319
v 0.244286 1.565176 0.959319
v 0.356429 1.565176 0.959319
v 0.468571 1.565176 0.959319
v 0.580714 1.565176 0.959319
v 0.692857 1.565176 0.959319
v 0.805000 1.565176 0.959319
v 0.917143 1.565176 0.959319
v 1.029286 1.565176 0.959319
v 1.141429 1.565176 0.959319
v 1.253571 1.565176 0.959319
v 1.365714 1.565176 0.959319
v 1.477857 1.565176 0.959319
v 1.590000 1.565176 0.959319
v 1.702143 1.565176 0.959319
v 1.814286 1.565176 0.959319
v 1.926429 1.565176 0.959319
v 2.038571 1.565176 0.959319
v 2.150714 1.565176 0.959319
v 2.262857 1.565176 0.959319
v 2.375000 1.565176 0.959319
v 2.487143 1.565176 0.959319
v 2.599286 1.565176 0.959319
v 2.711429 1.565176 0.959319
v 2.823571 1.565176 0.959319
v 2.935714 1.565176 0.959319
v 3.047857 1.565176 0.959319
v 3.179319 1.450000 0.945176
v 3.179319 1.340000 0.945176
v 3.179319 1.230000 0.945176
v 3.179319 1.120000 0.945176
v 3.179319 1.010000 0.945176
v 3.179319 0.900000 0.945176
v 3.179319 0.790000 0.945176
v 3.179319 0.680000 0.945176
v 3.179319 0.570000 0.945176
v 3.179319 0.460000 0.945176
v 3.179319 0.350000 0.945176
v 3.179319 0.240000 0.945176
v 3.179319 0.130000 0.945176
v 3.177321 1.450000 0.950000
v 3.177321 1.340000 0.950000
v 3.177321 1.230000 0.950000
v 3.177321 1.120000 0.950000
v 3.177321 1.010000 0.950000
v 3.177321 0.900000 0.950000
v 3.177321 0.790000 0.950000
v 3.177321 0.680000 0.950000
v 3.177321 0.570000 0.950000
v 3.177321 0.460000 0.950000
v 3.177321 0.350000 0.950000
v 3.177321 0.240000 0.950000
v 3.177321 0.130000 0.950000
v 3.174142 1.450000 0.954142
v 3.174142 1.340000 0.954142
v 3.174142 1.230000 0.954142
v 3.174142 1.120000 0.954142
v 3.174142 1.010000 0.954142
v 3.174142 0.900000 0.954142
v 3.174142 0.790000 0.954142
v 3.174142 0.680000 0.954142
v 3.174142 0.570000 0.954142
v 3.174142 0.460000 0.954142
v 3.174142 0.350000 0.954142
v 3.174142 0.240000 0.954142
v 3.174142 0.130000 0.954142
v 3.170000 1.450000 0.957321
v 3.170000 1.340000 0.957321
v 3.170000 1.230000 0.957321
v 3.170000 1.120000 0.957321
v 3.170000 1.010000 0.957321
v 3.170000 0.900000 0.957321
v 3.170000 0.790000 0.957321
v 3.170000 0.680000 0.957321
v 3.170000 0.570000 0.957321
v 3.170000 0.460000 0.957321
v 3.170000 0.350000 0.957321
v 3.170000 0.240000 0.957321
v 3.170000 0.130000 0.957321
v 3.165176 1.450000 0.959319
v 3.165176 1.340000 0.959319
v 3.165176 1.230000 0.959319
v 3.165176 1.120000 0.959319
v 3.165176 1.010000 0.959319
v 3.165176 0.900000 0.959319
v 3.165176 0.790000 0.959319
v 3.165176 0.680000 0.959319
v 3.165176 0.570000 0.959319
v 3.165176 0.460000 0.959319
v 3.165176 0.350000 0.959319
v 3.165176 0.240000 0.959319
v 3.165176 0.130000 0.959319
v 3.031000 1.431000 0.000000
v 0.149000 1.431000 0.000000
v 0.149000 0.149000 0.000000
v 3.031000 0.149000 0.000000
v 3.040000 0.390000 0.960000
v 3.031481 0.325295 0.960000
v 3.006506 0.265000 0.960000
v 2.966777 0.213223 0.960000
v 2.915000 0.173494 0.960000
v 2.854705 0.148519 0.960000
v 2.790000 0.140000 0.960000
v 2.725295 0.148519 0.960000
v 2.665000 0.173494 0.960000
v 2.613223 0.213223 0.960000
v 2.573494 0.265000 0.960000
v 2.548519 0.325295 0.960000
v 2.540000 0.390000 0.960000
v 2.548519 0.454705 0.960000
v 2.573494 0.515000 0.960000
v 2.613223 0.566777 0.960000
v 2.665000 0.606506 0.960000
v 2.725295 0.631481 0.960000
v 2.790000 0.640000 0.960000
v 2.854705 0.631481 0.960000
v 2.915000 0.606506 0.960000
v 2.966777 0.566777 0.960000
v 3.006506 0.515000 0.960000
v 3.031481 0.454705 0.960000
v 2.240000 0.390000 0.960000
v 2.231481 0.325295 0.960000
v 2.206506 0.265000 0.960000
v 2.166777 0.213223 0.960000
v 2.115000 0.173494 0.960000
v 2.054705 0.148519 0.960000
v 1.990000 0.140000 0.960000
v 1.925295 0.148519 0.960000
v 1.865000 0.173494 0.960000
v 1.813223 0.213223 0.960000
v 1.773494 0.265000 0.960000
v 1.748519 0.325295 0.960000
v 1.740000 0.390000 0.960000
v 1.748519 0.454705 0.960000
v 1.773494 0.515000 0.960000
v 1.813223 0.566777 0.960000
v 1.865000 0.606506 0.960000
v 1.925295 0.631481 0.960000
v 1.990000 0.640000 0.960000
v 2.054705 0.631481 0.960000
v 2.115000 0.606506 0.960000
v 2.166777 0.566777 0.960000
v 2.206506 0.515000 0.960000
v 2.231481 0.454705 0.960000
v 1.440000 0.390000 0.960000
v 1.431481 0.325295 0.960000
v 1.406506 0.265000 0.960000
v 1.366777 0.213223 0.960000
v 1.315000 0.173494 0.960000
v 1.254705 0.148519 0.960000
v 1.190000 0.140000 0.960000
v 1.125295 0.148519 0.960000
v 1.065000 0.173494 0.960000
v 1.013223 0.213223 0.960000
v 0.973494 0.265000 0.960000
v 0.948519 0.325295 0.960000
v 0.940000 0.390000 0.960000
v 0.948519 0.454705 0.960000
v 0.973494 0.515000 0.960000
v 1.013223 0.566777 0.960000
v 1.065000 0.606506 0.960000
v 1.125295 0.631481 0.960000
v 1.190000 0.640000 0.960000
v 1.254705 0.631481 0.960000
v 1.315000 0.606506 0.960000
v 1.366777 0.566777 0.960000
v 1.406506 0.515000 0.960000
v 1.431481 0.454705 0.960000
v 0.640000 0.390000 0.960000
v 0.631481 0.325295 0.960000
v 0.606506 0.265000 0.960000
v 0.566777 0.213223 0.960000
v 0.515000 0.173494 0.960000
v 0.454705 0.148519 0.960000
v 0.390000 0.140000 0.960000
v 0.325295 0.148519 0.960000
v 0.265000 0.173494 0.960000
v 0.213223 0.213223 0.960000
v 0.173494 0.265000 0.960000
v 0.148519 0.325295 0.960000
v 0.140000 0.390000 0.960000
v 0.148519 0.454705 0.960000
v 0.173494 0.515000 0.960000
v 0.213223 0.566777 0.960000
v 0.265000 0.606506 0.960000
v 0.325295 0.631481 0.960000
v 0.390000 0.640000 0.960000
v 0.454705 0.631481 0.960000
v 0.515000 0.606506 0.960000
v 0.566777 0.566777 0.960000
v 0.606506 0.515000 0.960000
v 0.631481 0.454705 0.960000
v 3.040000 1.190000 0.960000
v 3.031481 1.125295 0.960000
v 3.006506 1.065000 0.960000
v 2.966777 1.013223 0.960000
v 2.915000 0.973494 0.960000
v 2.854705 0.948519 0.960000
v 2.790000 0.940000 0.960000
v 2.725295 0.948519 0.960000
v 2.665000 0.973494 0.960000
v 2.613223 1.013223 0.960000
v 2.573494 1.065000 0.960000
v 2.548519 1.125295 0.960000
v 2.540000 1.190000 0.960000
v 2.548519 1.254705 0.960000
v 2.573494 1.315000 0.960000
v 2.613223 1.366777 0.960000
v 2.665000 1.406506 0.960000
v 2.725295 1.431481 0.960000
v 2.790000 1.440000 0.960000
v 2.854705 1.431481 0.960000
v 2.915000 1.406506 0.960000
v 2.966777 1.366777 0.960000
v 3.006506 1.315000 0.960000
v 3.031481 1.254705 0.960000
v 2.240000 1.190000 0.960000
v 2.231481 1.125295 0.960000
v 2.206506 1.065000 0.960000
v 2.166777 1.013223 0.960000
v 2.115000 0.973494 0.960000
v 2.054705 0.948519 0.960000
v 1.990000 0.940000 0.960000
v 1.925295 0.948519 0.960000
v 1.865000 0.973494 0.960000
v 1.813223 1.013223 0.960000
v 1.773494 1.065000 0.960000
v 1.748519 1.125295 0.960000
v 1.740000 1.190000 0.960000
v 1.748519 1.254705 0.960000
v 1.773494 1.315000 0.960000
v 1.813223 1.366777 0.960000
v 1.865000 1.406506 0.960000
v 1.925295 1.431481 0.960000
v 1.990000 1.440000 0.960000
v 2.054705 1.431481 0.960000
v 2.115000 1.406506 0.960000
v 2.166777 1.366777 0.960000
v 2.206506 1.315000 0.960000
v 2.231481 1.254705 0.960000
v 1.440000 1.190000 0.960000
v 1.431481 1.125295 0.960000
v 1.406506 1.065000 0.960000
v 1.366777 1.013223 0.960000
v 1.315000 0.973494 0.960000
v 1.254705 0.948519 0.960000
v 1.190000 0.940000 0.960000
v 1.125295 0.948519 0.960000
v 1.065000 0.973494 0.960000
v 1.013223 1.013223 0.960000
v 0.973494 1.065000 0.960000
v 0.948519 1.125295 0.960000
v 0.940000 1.190000 0.960000
v 0.948519 1.254705 0.960000
v 0.973494 1.315000 0.960000
v 1.013223 1.366777 0.960000
v 1.065000 1.406506 0.960000
v 1.125295 1.431481 0.960000
v 1.190000 1.440000 0.960000
v 1.254705 1.431481 0.960000
v 1.315000 1.406506 0.960000
v 1.366777 1.366777 0.960000
v 1.406506 1.315000 0.960000
v 1.431481 1.254705 0.960000
v 0.640000 1.190000 0.960000
v 0.631481 1.125295 0.960000
v 0.606506 1.065000 0.960000
v 0.566777 1.013223 0.960000
v 0.515000 0.973494 0.960000
v 0.454705 0.948519 0.960000
v 0.390000 0.940000 0.960000
v 0.325295 0.948519 0.960000
v 0.265000 0.973494 0.960000
v 0.213223 1.013223 0.960000
v 0.173494 1.065000 0.960000
v 0.148519 1.125295 0.960000
v 0.140000 1.190000 0.960000
v 0.148519 1.254705 0.960000
v 0.173494 1.315000 0.960000
v 0.213223 1.366777 0.960000
v 0.265000 1.406506 0.960000
v 0.325295 1.431481 0.960000
v 0.390000 1.440000 0.960000
v 0.454705 1.431481 0.960000
v 0.515000 1.406506 0.960000
v 0.566777 1.366777 0.960000
v 0.606506 1.315000 0.960000
v 0.631481 1.254705 0.960000
v 3.040000 0.390000 1.110000
v 3.031481 0.454705 1.110000
v 3.006506 0.515000 1.110000
v 2.966777 0.566777 1.110000
v 2.915000 0.606506 1.110000
v 2.854705 0.631481 1.110000
v 2.790000 0.640000 1.110000
v 2.725295 0.631481 1.110000
v 2.665000 0.606506 1.110000
v 2.613223 0.566777 1.110000
v 2.573494 0.515000 1.110000
v 2.548519 0.454705 1.110000
v 2.540000 0.390000 1.110000
v 2.548519 0.325295 1.110000
v 2.573494 0.265000 1.110000
v 2.613223 0.213223 1.110000
v 2.665000 0.173494 1.110000
v 2.725295 0.148519 1.110000
v 2.790000 0.140000 1.110000
v 2.854705 0.148519 1.110000
v 2.915000 0.173494 1.110000
v 2.966777 0.213223 1.110000
v 3.006506 0.265000 1.110000
v 3.031481 0.325295 1.110000
v 3.020000 0.390000 1.130000
v 3.012163 0.330472 1.130000
v 2.989186 0.275000 1.130000
v 2.952635 0.227365 1.130000
v 2.905000 0.190814 1.130000
v 2.849528 0.167837 1.130000
v 2.790000 0.160000 1.130000
v 2.730472 0.167837 1.130000
v 2.675000 0.190814 1.130000
v 2.627365 0.227365 1.130000
v 2.590814 0.275000 1.130000
v 2.567837 0.330472 1.130000
v 2.560000 0.390000 1.130000
v 2.567837 0.449528 1.130000
v 2.590814 0.505000 1.130000
v 2.627365 0.552635 1.130000
v 2.675000 0.589186 1.130000
v 2.730472 0.612163 1.130000
v 2.790000 0.620000 1.130000
v 2.849528 0.612163 1.130000
v 2.905000 0.589186 1.130000
v 2.952635 0.552635 1.130000
v 2.989186 0.505000 1.130000
v 3.012163 0.449528 1.130000
v 2.540681 0.390000 1.115176
v 2.542679 0.390000 1.120000
v 2.545858 0.390000 1.124142
v 2.550000 0.390000 1.127321
v 2.554824 0.390000 1.129319
v 3.030823 0.454528 1.115176
v 3.028893 0.454011 1.120000
v 3.025823 0.453189 1.124142
v 3.021822 0.452117 1.127321
v 3.017163 0.450868 1.129319
v 3.025176 0.390000 1.129319
v 3.030000 0.390000 1.127321
v 3.034142 0.390000 1.124142
v 3.037321 0.390000 1.120000
v 3.039319 0.390000 1.115176
v 3.005916 0.514659 1.115176
v 3.004186 0.513660 1.120000
v 3.001433 0.512071 1.124142
v 2.997846 0.510000 1.127321
v 2.993669 0.507588 1.129319
v 2.966295 0.566295 1.115176
v 2.964882 0.564882 1.120000
v 2.962635 0.562635 1.124142
v 2.959706 0.559706 1.127321
v 2.956295 0.556295 1.129319
v 2.914659 0.605916 1.115176
v 2.913660 0.604186 1.120000
v 2.912071 0.601433 1.124142
v 2.910000 0.597846 1.127321
v 2.907588 0.593669 1.129319
v 2.854528 0.630823 1.115176
v 2.854011 0.628893 1.120000
v 2.853189 0.625823 1.124142
v 2.852117 0.621822 1.127321
v 2.850868 0.617163 1.129319
v 2.790000 0.639319 1.115176
v 2.790000 0.637321 1.120000
v 2.790000 0.634142 1.124142
v 2.790000 0.630000 1.127321
v 2.790000 0.625176 1.129319
v 2.725472 0.630823 1.115176
v 2.725989 0.628893 1.120000
v 2.726811 0.625823 1.124142
v 2.727883 0.621822 1.127321
v 2.729132 0.617163 1.129319
v 2.665341 0.605916 1.115176
v 2.666340 0.604186 1.120000
v 2.667929 0.601433 1.124142
v 2.670000 0.597846 1.127321
v 2.672412 0.593669 1.129319
v 2.613705 0.566295 1.115176
v 2.615118 0.564882 1.120000
v 2.617365 0.562635 1.124142
v 2.620294 0.559706 1.127321
v 2.623705 0.556295 1.129319
v 2.574084 0.514659 1.115176
v 2.575814 0.513660 1.120000
v 2.578567 0.512071 1.124142
v 2.582154 0.510000 1.127321
v 2.586331 0.507588 1.129319
v 2.549177 0.454528 1.115176
v 2.551107 0.454011 1.120000
v 2.554177 0.453189 1.124142
v 2.558178 0.452117 1.127321
v 2.562837 0.450868 1.129319
v 2.549177 0.325472 1.115176
v 2.551107 0.325989 1.120000
v 2.554177 0.326811 1.124142
v 2.558178 0.327883 1.127321
v 2.562837 0.329132 1.129319
v 2.574084 0.265341 1.115176
v 2.575814 0.266340 1.120000
v 2.578567 0.267929 1.124142
v 2.582154 0.270000 1.127321
v 2.586331 0.272412 1.129319
v 2.613705 0.213705 1.115176
v 2.615118 0.215118 1.120000
v 2.617365 0.217365 1.124142
v 2.620294 0.220294 1.127321
v 2.623705 0.223705 1.129319
v 2.665341 0.174084 1.115176
v 2.666340 0.175814 1.120000
v 2.667929 0.178567 1.124142
v 2.670000 0.182154 1.127321
v 2.672412 0.186331 1.129319
v 2.725472 0.149177 1.115176
v 2.725989 0.151107 1.120000
v 2.726811 0.154177 1.124142
v 2.727883 0.158178 1.127321
v 2.729132 0.162837 1.129319
v 2.790000 0.140681 1.115176
v 2.790000 0.142679 1.120000
v 2.790000 0.145858 1.124142
v 2.790000 0.150000 1.127321
v 2.790000 0.154824 1.129319
v 2.854528 0.149177 1.115176
v 2.854011 0.151107 1.120000
v 2.853189 0.154177 1.124142
v 2.852117 0.158178 1.127321
v 2.850868 0.162837 1.129319
v 2.914659 0.174084 1.115176
v 2.913660 0.175814 1.120000
v 2.912071 0.178567 1.124142
v 2.910000 0.182154 1.127321
v 2.907588 0.186331 1.129319
v 2.966295 0.213705 1.115176
v 2.964882 0.215118 1.120000
v 2.962635 0.217365 1.124142
v 2.959706 0.220294 1.127321
v 2.956295 0.223705 1.129319
v 3.005916 0.265341 1.115176
v 3.004186 0.266340 1.120000
v 3.001433 0.267929 1.124142
v 2.997846 0.270000 1.127321
v 2.993669 0.272412 1.129319
v 3.030823 0.325472 1.115176
v 3.028893 0.325989 1.120000
v 3.025823 0.326811 1.124142
v 3.021822 0.327883 1.127321
v 3.017163 0.329132 1.129319
v 2.240000 0.390000 1.110000
v 2.231481 0.454705 1.110000
v 2.206506 0.515000 1.110000
v 2.166777 0.566777 1.110000
v 2.115000 0.606506 1.110000
v 2.054705 0.631481 1.110000
v 1.990000 0.640000 1.110000
v 1.925295 0.631481 1.110000
v 1.865000 0.606506 1.110000
v 1.813223 0.566777 1.110000
v 1.773494 0.515000 1.110000
v 1.748519 0.454705 1.110000
v 1.740000 0.390000 1.110000
v 1.748519 0.325295 1.110000
v 1.773494 0.265000 1.110000
v 1.813223 0.213223 1.110000
v 1.865000 0.173494 1.110000
v 1.925295 0.148519 1.110000
v 1.990000 0.140000 1.110000
v 2.054705 0.148519 1.110000
v 2.115000 0.173494 1.110000
v 2.166777 0.213223 1.110000
v 2.206506 0.265000 1.110000
v 2.231481 0.325295 1.110000
v 2.220000 0.390000 1.130000
v 2.212163 0.330472 1.130000
v 2.189186 0.275000 1.130000
v 2.152635 0.227365 1.130000
v 2.105000 0.190814 1.130000
v 2.049528 0.167837 1.130000
v 1.990000 0.160000 1.130000
v 1.930472 0.167837 1.130000
v 1.875000 0.190814 1.130000
v 1.827365 0.227365 1.130000
v 1.790814 0.275000 1.130000
v 1.767837 0.330472 1.130000
v 1.760000 0.390000 1.130000
v 1.767837 0.449528 1.130000
v 1.790814 0.505000 1.130000
v 1.827365 0.552635 1.130000
v 1.875000 0.589186 1.130000
v 1.930472 0.612163 1.130000
v 1.990000 0.620000 1.130000
v 2.049528 0.612163 1.130000
v 2.105000 0.589186 1.130000
v 2.152635 0.552635 1.130000
v 2.189186 0.505000 1.130000
v 2.212163 0.449528 1.130000
v 1.740681 0.390000 1.115176
v 1.742679 0.390000 1.120000
v 1.745858 0.390000 1.124142
v 1.750000 0.390000 1.127321
v 1.754824 0.390000 1.129319
v 2.230823 0.454528 1.115176
v 2.228893 0.454011 1.120000
v 2.225823 0.453189 1.124142
v 2.221822 0.452117 1.127321
v 2.217163 0.450868 1.129319
v 2.225176 0.390000 1.129319
v 2.230000 0.390000 1.127321
v 2.234142 0.390000 1.124142
v 2.237321 0.390000 1.120000
v 2.239319 0.390000 1.115176
v 2.205916 0.514659 1.115176
v 2.204186 0.513660 1.120000
v 2.201433 0.512071 1.124142
v 2.197846 0.510000 1.127321
v 2.193669 0.507588 1.129319
v 2.166295 0.566295 1.115176
v 2.164882 0.564882 1.120000
v 2.162635 0.562635 1.124142
v 2.159706 0.559706 1.127321
v 2.156295 0.556295 1.129319
v 2.114659 0.605916 1.115176
v 2.113660 0.604186 1.120000
v 2.112071 0.601433 1.124142
v 2.110000 0.597846 1.127321
v 2.107588 0.593669 1.129319
v 2.054528 0.630823 1.115176
v 2.054011 0.628893 1.120000
v 2.053189 0.625823 1.124142
v 2.052117 0.621822 1.127321
v 2.050868 0.617163 1.129319
v 1.990000 0.639319 1.115176
v 1.990000 0.637321 1.120000
v 1.990000 0.634142 1.124142
v 1.990000 0.630000 1.127321
v 1.990000 0.625176 1.129319
v 1.925472 0.630823 1.115176
v 1.925989 0.628893 1.120000
v 1.926811 0.625823 1.124142
v 1.927883 0.621822 1.127321
v 1.929132 0.617163 1.129319
v 1.865341 0.605916 1.115176
v 1.866340 0.604186 1.120000
v 1.867929 0.601433 1.124142
v 1.870000 0.597846 1.127321
v 1.872412 0.593669 1.129319
v 1.813705 0.566295 1.115176
v 1.815118 0.564882 1.120000
v 1.817365 0.562635 1.124142
v 1.820294 0.559706 1.127321
v 1.823705 0.556295 1.129319
v 1.774084 0.514659 1.115176
v 1.775814 0.513660 1.120000
v 1.778567 0.512071 1.124142
v 1.782154 0.510000 1.127321
v 1.786331 0.507588 1.129319
v 1.749177 0.454528 1.115176
v 1.751107 0.454011 1.120000
v 1.754177 0.453189 1.124142
v 1.758178 0.452117 1.127321
v 1.762837 0.450868 1.129319
v 1.749177 0.325472 1.115176
v 1.751107 0.325989 1.120000
v 1.754177 0.326811 1.124142
v 1.758178 0.327883 1.127321
v 1.762837 0.329132 1.129319
v 1.774084 0.265341 1.115176
v 1.775814 0.266340 1.120000
v 1.778567 0.267929 1.124142
v 1.782154 0.270000 1.127321
v 1.786331 0.272412 1.129319
v 1.813705 0.213705 1.115176
v 1.815118 0.215118 1.120000
v 1.817365 0.217365 1.124142
v 1.820294 0.220294 1.127321
v 1.823705 0.223705 1.129319
v 1.865341 0.174084 1.115176
v 1.866340 0.175814 1.120000
v 1.867929 0.178567 1.124142
v 1.870000 0.182154 1.127321
v 1.872412 0.186331 1.129319
v 1.925472 0.149177 1.115176
v 1.925989 0.151107 1.120000
v 1.926811 0.154177 1.124142
v 1.927883 0.158178 1.127321
v 1.929132 0.162837 1.129319
v 1.990000 0.140681 1.115176
v 1.990000 0.142679 1.120000
v 1.990000 0.145858 1.124142
v 1.990000 0.150000 1.127321
v 1.990000 0.154824 1.129319
v 2.054528 0.149177 1.115176
v 2.054011 0.151107 1.120000
v 2.053189 0.154177 1.124142
v 2.052117 0.158178 1.127321
v 2.050868 0.162837 1.129319
v 2.114659 0.174084 1.115176
v 2.113660 0.175814 1.120000
v 2.112071 0.178567 1.124142
v 2.110000 0.182154 1.127321
v 2.107588 0.186331 1.129319
v 2.166295 0.213705 1.115176
v 2.164882 0.215118 1.120000
v 2.162635 0.217365 1.124142
v 2.159706 0.220294 1.127321
v 2.156295 0.223705 1.129319
v 2.205916 0.265341 1.115176
v 2.204186 0.266340 1.120000
v 2.201433 0.267929 1.124142
v 2.197846 0.270000 1.127321
v 2.193669 0.272412 1.129319
v 2.230823 0.325472 1.115176
v 2.228893 0.325989 1.120000
v 2.225823 0.326811 1.124142
v 2.221822 0.327883 1.127321
v 2.217163 0.329132 1.129319
v 1.440000 0.390000 1.110000
v 1.431481 0.454705 1.110000
v 1.406506 0.515000 1.110000
v 1.366777 0.566777 1.110000
v 1.315000 0.606506 1.110000
v 1.254705 0.631481 1.110000
v 1.190000 0.640000 1.110000
v 1.125295 0.631481 1.110000
v 1.065000 0.606506 1.110000
v 1.013223 0.566777 1.110000
v 0.973494 0.515000 1.110000
v 0.948519 0.454705 1.110000
v 0.940000 0.390000 1.110000
v 0.948519 0.325295 1.110000
v 0.973494 0.265000 1.110000
v 1.013223 0.213223 1.110000
v 1.065000 0.173494 1.110000
v 1.125295 0.148519 1.110000
v 1.190000 0.140000 1.110000
v 1.254705 0.148519 1.110000
v 1.315000 0.173494 1.110000
v 1.366777 0.213223 1.110000
v 1.406506 0.265000 1.110000
v 1.431481 0.325295 1.110000
v 1.420000 0.390000 1.130000
v 1.412163 0.330472 1.130000
v 1.389186 0.275000 1.130000
v 1.352635 0.227365 1.130000
v 1.305000 0.190814 1.130000
v 1.249528 0.167837 1.130000
v 1.190000 0.160000 1.130000
v 1.130472 0.167837 1.130000
v 1.075000 0.190814 1.130000
v 1.027365 0.227365 1.130000
v 0.990814 0.275000 1.130000
v 0.967837 0.330472 1.130000
v 0.960000 0.390000 1.130000
v 0.967837 0.449528 1.130000
v 0.990814 0.505000 1.130000
v 1.027365 0.552635 1.130000
v 1.075000 0.589186 1.130000
v 1.130472 0.612163 1.130000
v 1.190000 0.620000 1.130000
v 1.249528 0.612163 1.130000
v 1.305000 0.589186 1.130000
v 1.352635 0.552635 1.130000
v 1.389186 0.505000 1.130000
v 1.412163 0.449528 1.130000
v 0.940681 0.390000 1.115176
v 0.942679 0.390000 1.120000
v 0.945858 0.390000 1.124142
v 0.950000 0.390000 1.127321
v 0.954824 0.390000 1.129319
v 1.430823 0.454528 1.115176
v 1.428893 0.454011 1.120000
v 1.425823 0.453189 1.124142
v 1.421822 0.452117 1.127321
v 1.417163 0.450868 1.129319
v 1.425176 0.390000 1.129319
v 1.430000 0.390000 1.127321
v 1.434142 0.390000 1.124142
v 1.437321 0.390000 1.120000
v 1.439319 0.390000 1.115176
v 1.405916 0.514659 1.115176
v 1.404186 0.513660 1.120000
v 1.401433 0.512071 1.124142
v 1.397846 0.510000 1.127321
v 1.393669 0.507588 1.129319
v 1.366295 0.566295 1.115176
v 1.364882 0.564882 1.120000
v 1.362635 0.562635 1.124142
v 1.359706 0.559706 1.127321
v 1.356295 0.556295 1.129319
v 1.314659 0.605916 1.115176
v 1.313660 0.604186 1.120000
v 1.312071 0.601433 1.124142
v 1.310000 0.597846 1.127321
v 1.307588 0.593669 1.129319
v 1.254528 0.630823 1.115176
v 1.254011 0.628893 1.120000
v 1.253189 0.625823 1.124142
v 1.252117 0.621822 1.127321
v 1.250868 0.617163 1.129319
v 1.190000 0.639319 1.115176
v 1.190000 0.637321 1.120000
v 1.190000 0.634142 1.124142
v 1.190000 0.630000 1.127321
v 1.190000 0.625176 1.129319
v 1.125472 0.630823 1.115176
v 1.125989 0.628893 1.120000
v 1.126811 0.625823 1.124142
v 1.127883 0.621822 1.127321
v 1.129132 0.617163 1.129319
v 1.065341 0.605916 1.115176
v 1.066340 0.604186 1.120000
v 1.067929 0.601433 1.124142
v 1.070000 0.597846 1.127321
v 1.072412 0.593669 1.129319
v 1.013705 0.566295 1.115176
v 1.015118 0.564882 1.120000
v 1.017365 0.562635 1.124142
v 1.020294 0.559706 1.127321
v 1.023705 0.556295 1.129319
v 0.974084 0.514659 1.115176
v 0.975814 0.513660 1.120000
v 0.978567 0.512071 1.124142
v 0.982154 0.510000 1.127321
v 0.986331 0.507588 1.129319
v 0.949177 0.454528 1.115176
v 0.951107 0.454011 1.120000
v 0.954177 0.453189 1.124142
v 0.958178 0.452117 1.127321
v 0.962837 0.450868 1.129319
v 0.949177 0.325472 1.115176
v 0.951107 0.325989 1.120000
v 0.954177 0.326811 1.124142
v 0.958178 0.327883 1.127321
v 0.962837 0.329132 1.129319
v 0.974084 0.265341 1.115176
v 0.975814 0.266340 1.120000
v 0.978567 0.267929 1.124142
v 0.982154 0.270000 1.127321
v 0.986331 0.272412 1.129319
v 1.013705 0.213705 1.115176
v 1.015118 0.215118 1.120000
v 1.017365 0.217365 1.124142
v 1.020294 0.220294 1.127321
v 1.023705 0.223705 1.129319
v 1.065341 0.174084 1.115176
v 1.066340 0.175814 1.120000
v 1.067929 0.178567 1.124142
v 1.070000 0.182154 1.127321
v 1.072412 0.186331 1.129319
v 1.125472 0.149177 1.115176
v 1.125989 0.151107 1.120000
v 1.126811 0.154177 1.124142
v 1.127883 0.158178 1.127321
v 1.129132 0.162837 1.129319
v 1.190000 0.140681 1.115176
v 1.190000 0.142679 1.120000
v 1.190000 0.145858 1.124142
v 1.190000 0.150000 1.127321
v 1.190000 0.154824 1.129319
v 1.254528 0.149177 1.115176
v 1.254011 0.151107 1.120000
v 1.253189 0.154177 1.124142
v 1.252117 0.158178 1.127321
v 1.250868 0.162837 1.129319
v 1.314659 0.174084 1.115176
v 1.313660 0.175814 1.120000
v 1.312071 0.178567 1.124142
v 1.310000 0.182154 1.127321
v 1.307588 0.186331 1.129319
v 1.366295 0.213705 1.115176
v 1.364882 0.215118 1.120000
v 1.362635 0.217365 1.124142
v 1.359706 0.220294 1.127321
v 1.356295 0.223705 1.129319
v 1.405916 0.265341 1.115176
v 1.404186 0.266340 1.120000
v 1.401433 0.267929 1.124142
v 1.397846 0.270000 1.127321
v 1.393669 0.272412 1.129319
v 1.430823 0.325472 1.115176
v 1.428893 0.325989 1.120000
v 1.425823 0.326811 1.124142
v 1.421822 0.327883 1.127321
v 1.417163 0.329132 1.129319
v 0.640000 0.390000 1.110000
v 0.631481 0.454705 1.110000
v 0.606506 0.515000 1.110000
v 0.566777 0.566777 1.110000
v 0.515000 0.606506 1.110000
v 0.454705 0.631481 1.110000
v 0.390000 0.640000 1.110000
v 0.325295 0.631481 1.110000
v 0.265000 0.606506 1.110000
v 0.213223 0.566777 1.110000
v 0.173494 0.515000 1.110000
v 0.148519 0.454705 1.110000
v 0.140000 0.390000 1.110000
v 0.148519 0.325295 1.110000
v 0.173494 0.265000 1.110000
v 0.213223 0.213223 1.110000
v 0.265000 0.173494 1.110000
v 0.325295 0.148519 1.110000
v 0.390000 0.140000 1.110000
v 0.454705 0.148519 1.110000
v 0.515000 0.173494 1.110000
v 0.566777 0.213223 1.110000
v 0.606506 0.265000 1.110000
v 0.631481 0.325295 1.110000
v 0.620000 0.390000 1.130000
v 0.612163 0.330472 1.130000
v 0.589186 0.275000 1.130000
v 0.552635 0.227365 1.130000
v 0.505000 0.190814 1.130000
v 0.449528 0.167837 1.130000
v 0.390000 0.160000 1.130000
v 0.330472 0.167837 1.130000
v 0.275000 0.190814 1.130000
v 0.227365 0.227365 1.130000
v 0.190814 0.275000 1.130000
v 0.167837 0.330472 1.130000
v 0.160000 0.390000 1.130000
v 0.167837 0.449528 1.130000
v 0.190814 0.505000 1.130000
v 0.227365 0.552635 1.130000
v 0.275000 0.589186 1.130000
v 0.330472 0.612163 1.130000
v 0.390000 0.620000 1.130000
v 0.449528 0.612163 1.130000
v 0.505000 0.589186 1.130000
v 0.552635 0.552635 1.130000
v 0.589186 0.505000 1.130000
v 0.612163 0.449528 1.130000
v 0.140681 0.390000 1.115176
v 0.142679 0.390000 1.120000
v 0.145858 0.390000 1.124142
v 0.150000 0.390000 1.127321
v 0.154824 0.390000 1.129319
v 0.630823 0.454528 1.115176
v 0.628893 0.454011 1.120000
v 0.625823 0.453189 1.124142
v 0.621822 0.452117 1.127321
v 0.617163 0.450868 1.129319
v 0.625176 0.390000 1.129319
v 0.630000 0.390000 1.127321
v 0.634142 0.390000 1.124142
v 0.637321 0.390000 1.120000
v 0.639319 0.390000 1.115176
v 0.605916 0.514659 1.115176
v 0.604186 0.513660 1.120000
v 0.601433 0.512071 1.124142
v 0.597846 0.510000 1.127321
v 0.593669 0.507588 1.129319
v 0.566295 0.566295 1.115176
v 0.564882 0.564882 1.120000
v 0.562635 0.562635 1.124142
v 0.559706 0.559706 1.127321
v 0.556295 0.556295 1.129319
v 0.514659 0.605916 1.115176
v 0.513660 0.604186 1.120000
v 0.512071 0.601433 1.124142
v 0.510000 0.597846 1.127321
v 0.507588 0.593669 1.129319
v 0.454528 0.630823 1.115176
v 0.454011 0.628893 1.120000
v 0.453189 0.625823 1.124142
v 0.452117 0.621822 1.127321
v 0.450868 0.617163 1.129319
v 0.390000 0.639319 1.115176
v 0.390000 0.637321 1.120000
v 0.390000 0.634142 1.124142
v 0.390000 0.630000 1.127321
v 0.390000 0.625176 1.129319
v 0.325472 0.630823 1.115176
v 0.325989 0.628893 1.120000
v 0.326811 0.625823 1.124142
v 0.327883 0.621822 1.127321
v 0.329132 0.617163 1.129319
v 0.265341 0.605916 1.115176
v 0.266340 0.604186 1.120000
v 0.267929 0.601433 1.124142
v 0.270000 0.597846 1.127321
v 0.272412 0.593669 1.129319
v 0.213705 0.566295 1.115176
v 0.215118 0.564882 1.120000
v 0.217365 0.562635 1.124142
v 0.220294 0.559706 1.127321
v 0.223705 0.556295 1.129319
v 0.174084 0.514659 1.115176
v 0.175814 0.513660 1.120000
v 0.178567 0.512071 1.124142
v 0.182154 0.510000 1.127321
v 0.186331 0.507588 1.129319
v 0.149177 0.454528 1.115176
v 0.151107 0.454011 1.120000
v 0.154177 0.453189 1.124142
v 0.158178 0.452117 1.127321
v 0.162837 0.450868 1.129319
v 0.149177 0.325472 1.115176
v 0.151107 0.325989 1.120000
v 0.154177 0.326811 1.124142
v 0.158178 0.327883 1.127321
v 0.162837 0.329132 1.129319
v 0.174084 0.265341 1.115176
v 0.175814 0.266340 1.120000
v 0.178567 0.267929 1.124142
v 0.182154 0.270000 1.127321
v 0.186331 0.272412 1.129319
v 0.213705 0.213705 1.115176
v 0.215118 0.215118 1.120000
v 0.217365 0.217365 1.124142
v 0.220294 0.220294 1.127321
v 0.223705 0.223705 1.129319
v 0.265341 0.174084 1.115176
v 0.266340 0.175814 1.120000
v 0.267929 0.178567 1.124142
v 0.270000 0.182154 1.127321
v 0.272412 0.186331 1.129319
v 0.325472 0.149177 1.115176
v 0.325989 0.151107 1.120000
v 0.326811 0.154177 1.124142
v 0.327883 0.158178 1.127321
v 0.329132 0.162837 1.129319
v 0.390000 0.140681 1.115176
v 0.390000 0.142679 1.120000
v 0.390000 0.145858 1.124142
v 0.390000 0.150000 1.127321
v 0.390000 0.154824 1.129319
v 0.454528 0.149177 1.115176
v 0.454011 0.151107 1.120000
v 0.453189 0.154177 1.124142
v 0.452117 0.158178 1.127321
v 0.450868 0.162837 1.129319
v 0.514659 0.174084 1.115176
v 0.513660 0.175814 1.120000
v 0.512071 0.178567 1.124142
v 0.510000 0.182154 1.127321
v 0.507588 0.186331 1.129319
v 0.566295 0.213705 1.115176
v 0.564882 0.215118 1.120000
v 0.562635 0.217365 1.124142
v 0.559706 0.220294 1.127321
v 0.556295 0.223705 1.129319
v 0.605916 0.265341 1.115176
v 0.604186 0.266340 1.120000
v 0.601433 0.267929 1.124142
v 0.597846 0.270000 1.127321
v 0.593669 0.272412 1.129319
v 0.630823 0.325472 1.115176
v 0.628893 0.325989 1.120000
v 0.625823 0.326811 1.124142
v 0.621822 0.327883 1.127321
v 0.617163 0.329132 1.129319
v 3.040000 1.190000 1.110000
v 3.031481 1.254705 1.110000
v 3.006506 1.315000 1.110000
v 2.966777 1.366777 1.110000
v 2.915000 1.406506 1.110000
v 2.854705 1.431481 1.110000
v 2.790000 1.440000 1.110000
v 2.725295 1.431481 1.110000
v 2.665000 1.406506 1.110000
v 2.613223 1.366777 1.110000
v 2.573494 1.315000 1.110000
v 2.548519 1.254705 1.110000
v 2.540000 1.190000 1.110000
v 2.548519 1.125295 1.110000
v 2.573494 1.065000 1.110000
v 2.613223 1.013223 1.110000
v 2.665000 0.973494 1.110000
v 2.725295 0.948519 1.110000
v 2.790000 0.940000 1.110000
v 2.854705 0.948519 1.110000
v 2.915000 0.973494 1.110000
v 2.966777 1.013223 1.110000
v 3.006506 1.065000 1.110000
v 3.031481 1.125295 1.110000
v 3.020000 1.190000 1.130000
v 3.012163 1.130472 1.130000
v 2.989186 1.075000 1.130000
v 2.952635 1.027365 1.130000
v 2.905000 0.990814 1.130000
v 2.849528 0.967837 1.130000
v 2.790000 0.960000 1.130000
v 2.730472 0.967837 1.130000
v 2.675000 0.990814 1.130000
v 2.627365 1.027365 1.130000
v 2.590814 1.075000 1.130000
v 2.567837 1.130472 1.130000
v 2.560000 1.190000 1.130000
v 2.567837 1.249528 1.130000
v 2.590814 1.305000 1.130000
v 2.627365 1.352635 1.130000
v 2.675000 1.389186 1.130000
v 2.730472 1.412163 1.130000
v 2.790000 1.420000 1.130000
v 2.849528 1.412163 1.130000
v 2.905000 1.389186 1.130000
v 2.952635 1.352635 1.130000
v 2.989186 1.305000 1.130000
v 3.012163 1.249528 1.130000
v 2.540681 1.190000 1.115176
v 2.542679 1.190000 1.120000
v 2.545858 1.190000 1.124142
v 2.550000 1.190000 1.127321
v 2.554824 1.190000 1.129319
v 3.030823 1.254528 1.115176
v 3.028893 1.254011 1.120000
v 3.025823 1.253189 1.124142
v 3.021822 1.252117 1.127321
v 3.017163 1.250868 1.129319
v 3.025176 1.190000 1.129319
v 3.030000 1.190000 1.127321
v 3.034142 1.190000 1.124142
v 3.037321 1.190000 1.120000
v 3.039319 1.190000 1.115176
v 3.005916 1.314659 1.115176
v 3.004186 1.313660 1.120000
v 3.001433 1.312071 1.124142
v 2.997846 1.310000 1.127321
v 2.993669 1.307588 1.129319
v 2.966295 1.366295 1.115176
v 2.964882 1.364882 1.120000
v 2.962635 1.362635 1.124142
v 2.959706 1.359706 1.127321
v 2.956295 1.356295 1.129319
v 2.914659 1.405916 1.115176
v 2.913660 1.404186 1.120000
v 2.912071 1.401433 1.124142
v 2.910000 1.397846 1.127321
v 2.907588 1.393669 1.129319
v 2.854528 1.430823 1.115176
v 2.854011 1.428893 1.120000
v 2.853189 1.425823 1.124142
v 2.852117 1.421822 1.127321
v 2.850868 1.417163 1.129319
v 2.790000 1.439319 1.115176
v 2.790000 1.437321 1.120000
v 2.790000 1.434142 1.124142
v 2.790000 1.430000 1.127321
v 2.790000 1.425176 1.129319
v 2.725472 1.430823 1.115176
v 2.725989 1.428893 1.120000
v 2.726811 1.425823 1.124142
v 2.727883 1.421822 1.127321
v 2.729132 1.417163 1.129319
v 2.665341 1.405916 1.115176
v 2.666340 1.404186 1.120000
v 2.667929 1.401433 1.124142
v 2.670000 1.397846 1.127321
v 2.672412 1.393669 1.129319
v 2.613705 1.366295 1.115176
v 2.615118 1.364882 1.120000
v 2.617365 1.362635 1.124142
v 2.620294 1.359706 1.127321
v 2.623705 1.356295 1.129319
v 2.574084 1.314659 1.115176
v 2.575814 1.313660 1.120000
v 2.578567 1.312071 1.124142
v 2.582154 1.310000 1.127321
v 2.586331 1.307588 1.129319
v 2.549177 1.254528 1.115176
v 2.551107 1.254011 1.120000
v 2.554177 1.253189 1.124142
v 2.558178 1.252117 1.127321
v 2.562837 1.250868 1.129319
v 2.549177 1.125472 1.115176
v 2.551107 1.125989 1.120000
v 2.554177 1.126811 1.124142
v 2.558178 1.127883 1.127321
v 2.562837 1.129132 1.129319
v 2.574084 1.065341 1.115176
v 2.575814 1.066340 1.120000
v 2.578567 1.067929 1.124142
v 2.582154 1.070000 1.127321
v 2.586331 1.072412 1.129319
v 2.613705 1.013705 1.115176
v 2.615118 1.015118 1.120000
v 2.617365 1.017365 1.124142
v 2.620294 1.020294 1.127321
v 2.623705 1.023705 1.129319
v 2.665341 0.974084 1.115176
v 2.666340 0.975814 1.120000
v 2.667929 0.978567 1.124142
v 2.670000 0.982154 1.127321
v 2.672412 0.986331 1.129319
v 2.725472 0.949177 1.115176
v 2.725989 0.951107 1.120000
v 2.726811 0.954177 1.124142
v 2.727883 0.958178 1.127321
v 2.729132 0.962837 1.129319
v 2.790000 0.940681 1.115176
v 2.790000 0.942679 1.120000
v 2.790000 0.945858 1.124142
v 2.790000 0.950000 1.127321
v 2.790000 0.954824 1.129319
v 2.854528 0.949177 1.115176
v 2.854011 0.951107 1.120000
v 2.853189 0.954177 1.124142
v 2.852117 0.958178 1.127321
v 2.850868 0.962837 1.129319
v 2.914659 0.974084 1.115176
v 2.913660 0.975814 1.120000
v 2.912071 0.978567 1.124142
v 2.910000 0.982154 1.127321
v 2.907588 0.986331 1.129319
v 2.966295 1.013705 1.115176
v 2.964882 1.015118 1.120000
v 2.962635 1.017365 1.124142
v 2.959706 1.020294 1.127321
v 2.956295 1.023705 1.129319
v 3.005916 1.065341 1.115176
v 3.004186 1.066340 1.120000
v 3.001433 1.067929 1.124142
v 2.997846 1.070000 1.127321
v 2.993669 1.072412 1.129319
v 3.030823 1.125472 1.115176
v 3.028893 1.125989 1.120000
v 3.025823 1.126811 1.124142
v 3.021822 1.127883 1.127321
v 3.017163 1.129132 1.129319
v 2.240000 1.190000 1.110000
v 2.231481 1.254705 1.110000
v 2.206506 1.315000 1.110000
v 2.166777 1.366777 1.110000
v 2.115000 1.406506 1.110000
v 2.054705 1.431481 1.110000
v 1.990000 1.440000 1.110000
v 1.925295 1.431481 1.110000
v 1.865000 1.406506 1.110000
v 1.813223 1.366777 1.110000
v 1.773494 1.315000 1.110000
v 1.748519 1.254705 1.110000
v 1.740000 1.190000 1.110000
v 1.748519 1.125295 1.110000
v 1.773494 1.065000 1.110000
v 1.813223 1.013223 1.110000
v 1.865000 0.973494 1.110000
v 1.925295 0.948519 1.110000
v 1.990000 0.940000 1.110000
v 2.054705 0.948519 1.110000
v 2.115000 0.973494 1.110000
v 2.166777 1.013223 1.110000
v 2.206506 1.065000 1.110000
v 2.231481 1.125295 1.110000
v 2.220000 1.190000 1.130000
v 2.212163 1.130472 1.130000
v 2.189186 1.075000 1.130000
v 2.152635 1.027365 1.130000
v 2.105000 0.990814 1.130000
v 2.049528 0.967837 1.130000
v 1.990000 0.960000 1.130000
v 1.930472 0.967837 1.130000
v 1.875000 0.990814 1.130000
v 1.827365 1.027365 1.130000
v 1.790814 1.075000 1.130000
v 1.767837 1.130472 1.130000
v 1.760000 1.190000 1.130000
v 1.767837 1.249528 1.130000
v 1.790814 1.305000 1.130000
v 1.827365 1.352635 1.130000
v 1.875000 1.389186 1.130000
v 1.930472 1.412163 1.130000
v 1.990000 1.420000 1.130000
v 2.049528 1.412163 1.130000
v 2.105000 1.389186 1.130000
v 2.152635 1.352635 1.130000
v 2.189186 1.305000 1.130000
v 2.212163 1.249528 1.130000
v 1.740681 1.190000 1.115176
v 1.742679 1.190000 1.120000
v 1.745858 1.190000 1.124142
v 1.750000 1.190000 1.127321
v 1.754824 1.190000 1.129319
v 2.230823 1.254528 1.115176
v 2.228893 1.254011 1.120000
v 2.225823 1.253189 1.124142
v 2.221822 1.252117 1.127321
v 2.217163 1.250868 1.129319
v 2.225176 1.190000 1.129319
v 2.230000 1.190000 1.127321
v 2.234142 1.190000 1.124142
v 2.237321 1.190000 1.120000
v 2.239319 1.190000 1.115176
v 2.205916 1.314659 1.115176
v 2.204186 1.313660 1.120000
v 2.201433 1.312071 1.124142
v 2.197846 1.310000 1.127321
v 2.193669 1.307588 1.129319
v 2.166295 1.366295 1.115176
v 2.164882 1.364882 1.120000
v 2.162635 1.362635 1.124142
v 2.159706 1.359706 1.127321
v 2.156295 1.356295 1.129319
v 2.114659 1.405916 1.115176
v 2.113660 1.404186 1.120000
v 2.112071 1.401433 1.124142
v 2.110000 1.397846 1.127321
v 2.107588 1.393669 1.129319
v 2.054528 1.430823 1.115176
v 2.054011 1.428893 1.120000
v 2.053189 1.425823 1.124142
v 2.052117 1.421822 1.127321
v 2.050868 1.417163 1.129319
v 1.990000 1.439319 1.115176
v 1.990000 1.437321 1.120000
v 1.990000 1.434142 1.124142
v 1.990000 1.430000 1.127321
v 1.990000 1.425176 1.129319
v 1.925472 1.430823 1.115176
v 1.925989 1.428893 1.120000
v 1.926811 1.425823 1.124142
v 1.927883 1.421822 1.127321
v 1.929132 1.417163 1.129319
v 1.865341 1.405916 1.115176
v 1.866340 1.404186 1.120000
v 1.867929 1.401433 1.124142
v 1.870000 1.397846 1.127321
v 1.872412 1.393669 1.129319
v 1.813705 1.366295 1.115176
v 1.815118 1.364882 1.120000
v 1.817365 1.362635 1.124142
v 1.820294 1.359706 1.127321
v 1.823705 1.356295 1.129319
v 1.774084 1.314659 1.115176
v 1.775814 1.313660 1.120000
v 1.778567 1.312071 1.124142
v 1.782154 1.310000 1.127321
v 1.786331 1.307588 1.129319
v 1.749177 1.254528 1.115176
v 1.751107 1.254011 1.120000
v 1.754177 1.253189 1.124142
v 1.758178 1.252117 1.127321
v 1.762837 1.250868 1.129319
v 1.749177 1.125472 1.115176
v 1.751107 1.125989 1.120000
v 1.754177 1.126811 1.124142
v 1.758178 1.127883 1.127321
v 1.762837 1.129132 1.129319
v 1.774084 1.065341 1.115176
v 1.775814 1.066340 1.120000
v 1.778567 1.067929 1.124142
v 1.782154 1.070000 1.127321
v 1.786331 1.072412 1.129319
v 1.813705 1.013705 1.115176
v 1.815118 1.015118 1.120000
v 1.817365 1.017365 1.124142
v 1.820294 1.020294 1.127321
v 1.823705 1.023705 1.129319
v 1.865341 0.974084 1.115176
v 1.866340 0.975814 1.120000
v 1.867929 0.978567 1.124142
v 1.870000 0.982154 1.127321
v 1.872412 0.986331 1.129319
v 1.925472 0.949177 1.115176
v 1.925989 0.951107 1.120000
v 1.926811 0.954177 1.124142
v 1.927883 0.958178 1.127321
v 1.929132 0.962837 1.129319
v 1.990000 0.940681 1.115176
v 1.990000 0.942679 1.120000
v 1.990000 0.945858 1.124142
v 1.990000 0.950000 1.127321
v 1.990000 0.954824 1.129319
v 2.054528 0.949177 1.115176
v 2.054011 0.951107 1.120000
v 2.053189 0.954177 1.124142
v 2.052117 0.958178 1.127321
v 2.050868 0.962837 1.129319
v 2.114659 0.974084 1.115176
v 2.113660 0.975814 1.120000
v 2.112071 0.978567 1.124142
v 2.110000 0.982154 1.127321
v 2.107588 0.986331 1.129319
v 2.166295 1.013705 1.115176
v 2.164882 1.015118 1.120000
v 2.162635 1.017365 1.124142
v 2.159706 1.020294 1.127321
v 2.156295 1.023705 1.129319
v 2.205916 1.065341 1.115176
v 2.204186 1.066340 1.120000
v 2.201433 1.067929 1.124142
v 2.197846 1.070000 1.127321
v 2.193669 1.072412 1.129319
v 2.230823 1.125472 1.115176
v 2.228893 1.125989 1.120000
v 2.225823 1.126811 1.124142
v 2.221822 1.127883 1.127321
v 2.217163 1.129132 1.129319
v 1.440000 1.190000 1.110000
v 1.431481 1.254705 1.110000
v 1.406506 1.315000 1.110000
v 1.366777 1.366777 1.110000
v 1.315000 1.406506 1.110000
v 1.254705 1.431481 1.110000
v 1.190000 1.440000 1.110000
v 1.125295 1.431481 1.110000
v 1.065000 1.406506 1.110000
v 1.013223 1.366777 1.110000
v 0.973494 1.315000 1.110000
v 0.948519 1.254705 1.110000
v 0.940000 1.190000 1.110000
v 0.948519 1.125295 1.110000
v 0.973494 1.065000 1.110000
v 1.013223 1.013223 1.110000
v 1.065000 0.973494 1.110000
v 1.125295 0.948519 1.110000
v 1.190000 0.940000 1.110000
v 1.254705 0.948519 1.110000
v 1.315000 0.973494 1.110000
v 1.366777 1.013223 1.110000
v 1.406506 1.065000 1.110000
v 1.431481 1.125295 1.110000
v 1.420000 1.190000 1.130000
v 1.412163 1.130472 1.130000
v 1.389186 1.075000 1.130000
v 1.352635 1.027365 1.130000
v 1.305000 0.990814 1.130000
v 1.249528 0.967837 1.130000
v 1.190000 0.960000 1.130000
v 1.130472 0.967837 1.130000
v 1.075000 0.990814 1.130000
v 1.027365 1.027365 1.130000
v 0.990814 1.075000 1.130000
v 0.967837 1.130472 1.130000
v 0.960000 1.190000 1.130000
v 0.967837 1.249528 1.130000
v 0.990814 1.305000 1.130000
v 1.027365 1.352635 1.130000
v 1.075000 1.389186 1.130000
v 1.130472 1.412163 1.130000
v 1.190000 1.420000 1.130000
v 1.249528 1.412163 1.130000
v 1.305000 1.389186 1.130000
v 1.352635 1.352635 1.130000
v 1.389186 1.305000 1.130000
v 1.412163 1.249528 1.130000
v 0.940681 1.190000 1.115176
v 0.942679 1.190000 1.120000
v 0.945858 1.190000 1.124142
v 0.950000 1.190000 1.127321
v 0.954824 1.190000 1.129319
v 1.430823 1.254528 1.115176
v 1.428893 1.254011 1.120000
v 1.425823 1.253189 1.124142
v 1.421822 1.252117 1.127321
v 1.417163 1.250868 1.129319
v 1.425176 1.190000 1.129319
v 1.430000 1.190000 1.127321
v 1.434142 1.190000 1.124142
v 1.437321 1.190000 1.120000
v 1.439319 1.190000 1.115176
v 1.405916 1.314659 1.115176
v 1.404186 1.313660 1.120000
v 1.401433 1.312071 1.124142
v 1.397846 1.310000 1.127321
v 1.393669 1.307588 1.129319
v 1.366295 1.366295 1.115176
v 1.364882 1.364882 1.120000
v 1.362635 1.362635 1.124142
v 1.359706 1.359706 1.127321
v 1.356295 1.356295 1.129319
v 1.314659 1.405916 1.115176
v 1.313660 1.404186 1.120000
v 1.312071 1.401433 1.124142
v 1.310000 1.397846 1.127321
v 1.307588 1.393669 1.129319
v 1.254528 1.430823 1.115176
v 1.254011 1.428893 1.120000
v 1.253189 1.425823 1.124142
v 1.252117 1.421822 1.127321
v 1.250868 1.417163 1.129319
v 1.190000 1.439319 1.115176
v 1.190000 1.437321 1.120000
v 1.190000 1.434142 1.124142
v 1.190000 1.430000 1.127321
v 1.190000 1.425176 1.129319
v 1.125472 1.430823 1.115176
v 1.125989 1.428893 1.120000
v 1.126811 1.425823 1.124142
v 1.127883 1.421822 1.127321
v 1.129132 1.417163 1.129319
v 1.065341 1.405916 1.115176
v 1.066340 1.404186 1.120000
v 1.067929 1.401433 1.124142
v 1.070000 1.397846 1.127321
v 1.072412 1.393669 1.129319
v 1.013705 1.366295 1.115176
v 1.015118 1.364882 1.120000
v 1.017365 1.362635 1.124142
v 1.020294 1.359706 1.127321
v 1.023705 1.356295 1.129319
v 0.974084 1.314659 1.115176
v 0.975814 1.313660 1.120000
v 0.978567 1.312071 1.124142
v 0.982154 1.310000 1.127321
v 0.986331 1.307588 1.129319
v 0.949177 1.254528 1.115176
v 0.951107 1.254011 1.120000
v 0.954177 1.253189 1.124142
v 0.958178 1.252117 1.127321
v 0.962837 1.250868 1.129319
v 0.949177 1.125472 1.115176
v 0.951107 1.125989 1.120000
v 0.954177 1.126811 1.124142
v 0.958178 1.127883 1.127321
v 0.962837 1.129132 1.129319
v 0.974084 1.065341 1.115176
v 0.975814 1.066340 1.120000
v 0.978567 1.067929 1.124142
v 0.982154 1.070000 1.127321
v 0.986331 1.072412 1.129319
v 1.013705 1.013705 1.115176
v 1.015118 1.015118 1.120000
v 1.017365 1.017365 1.124142
v 1.020294 1.020294 1.127321
v 1.023705 1.023705 1.129319
v 1.065341 0.974084 1.115176
v 1.066340 0.975814 1.120000
v 1.067929 0.978567 1.124142
v 1.070000 0.982154 1.127321
v 1.072412 0.986331 1.129319
v 1.125472 0.949177 1.115176
v 1.125989 0.951107 1.120000
v 1.126811 0.954177 1.124142
v 1.127883 0.958178 1.127321
v 1.129132 0.962837 1.129319
v 1.190000 0.940681 1.115176
v 1.190000 0.942679 1.120000
v 1.190000 0.945858 1.124142
v 1.190000 0.950000 1.127321
v 1.190000 0.954824 1.129319
v 1.254528 0.949177 1.115176
v 1.254011 0.951107 1.120000
v 1.253189 0.954177 1.124142
v 1.252117 0.958178 1.127321
v 1.250868 0.962837 1.129319
v 1.314659 0.974084 1.115176
v 1.313660 0.975814 1.120000
v 1.312071 0.978567 1.124142
v 1.310000 0.982154 1.127321
v 1.307588 0.986331 1.129319
v 1.366295 1.013705 1.115176
v 1.364882 1.015118 1.120000
v 1.362635 1.017365 1.124142
v 1.359706 1.020294 1.127321
v 1.356295 1.023705 1.129319
v 1.405916 1.065341 1.115176
v 1.404186 1.066340 1.120000
v 1.401433 1.067929 1.124142
v 1.397846 1.070000 1.127321
v 1.393669 1.072412 1.129319
v 1.430823 1.125472 1.115176
v 1.428893 1.125989 1.120000
v 1.425823 1.126811 1.124142
v 1.421822 1.127883 1.127321
v 1.417163 1.129132 1.129319
v 0.640000 1.190000 1.110000
v 0.631481 1.254705 1.110000
v 0.606506 1.315000 1.110000
v 0.566777 1.366777 1.110000
v 0.515000 1.406506 1.110000
v 0.454705 1.431481 1.110000
v 0.390000 1.440000 1.110000
v 0.325295 1.431481 1.110000
v 0.265000 1.406506 1.110000
v 0.213223 1.366777 1.110000
v 0.173494 1.315000 1.110000
v 0.148519 1.254705 1.110000
v 0.140000 1.190000 1.110000
v 0.148519 1.125295 1.110000
v 0.173494 1.065000 1.110000
v 0.213223 1.013223 1.110000
v 0.265000 0.973494 1.110000
v 0.325295 0.948519 1.110000
v 0.390000 0.940000 1.110000
v 0.454705 0.948519 1.110000
v 0.515000 0.973494 1.110000
v 0.566777 1.013223 1.110000
v 0.606506 1.065000 1.110000
v 0.631481 1.125295 1.110000
v 0.620000 1.190000 1.130000
v 0.612163 1.130472 1.130000
v 0.589186 1.075000 1.130000
v 0.552635 1.027365 1.130000
v 0.505000 0.990814 1.130000
v 0.449528 0.967837 1.130000
v 0.390000 0.960000 1.130000
v 0.330472 0.967837 1.130000
v 0.275000 0.990814 1.130000
v 0.227365 1.027365 1.130000
v 0.190814 1.075000 1.130000
v 0.167837 1.130472 1.130000
v 0.160000 1.190000 1.130000
v 0.167837 1.249528 1.130000
v 0.190814 1.305000 1.130000
v 0.227365 1.352635 1.130000
v 0.275000 1.389186 1.130000
v 0.330472 1.412163 1.130000
v 0.390000 1.420000 1.130000
v 0.449528 1.412163 1.130000
v 0.505000 1.389186 1.130000
v 0.552635 1.352635 1.130000
v 0.589186 1.305000 1.130000
v 0.612163 1.249528 1.130000
v 0.140681 1.190000 1.115176
v 0.142679 1.190000 1.120000
v 0.145858 1.190000 1.124142
v 0.150000 1.190000 1.127321
v 0.154824 1.190000 1.129319
v 0.630823 1.254528 1.115176
v 0.628893 1.254011 1.120000
v 0.625823 1.253189 1.124142
v 0.621822 1.252117 1.127321
v 0.617163 1.250868 1.129319
v 0.625176 1.190000 1.129319
v 0.630000 1.190000 1.127321
v 0.634142 1.190000 1.124142
v 0.637321 1.190000 1.120000
v 0.639319 1.190000 1.115176
v 0.605916 1.314659 1.115176
v 0.604186 1.313660 1.120000
v 0.601433 1.312071 1.124142
v 0.597846 1.310000 1.127321
v 0.593669 1.307588 1.129319
v 0.566295 1.366295 1.115176
v 0.564882 1.364882 1.120000
v 0.562635 1.362635 1.124142
v 0.559706 1.359706 1.127321
v 0.556295 1.356295 1.129319
v 0.514659 1.405916 1.115176
v 0.513660 1.404186 1.120000
v 0.512071 1.401433 1.124142
v 0.510000 1.397846 1.127321
v 0.507588 1.393669 1.129319
v 0.454528 1.430823 1.115176
v 0.454011 1.428893 1.120000
v 0.453189 1.425823 1.124142
v 0.452117 1.421822 1.127321
v 0.450868 1.417163 1.129319
v 0.390000 1.439319 1.115176
v 0.390000 1.437321 1.120000
v 0.390000 1.434142 1.124142
v 0.390000 1.430000 1.127321
v 0.390000 1.425176 1.129319
v 0.325472 1.430823 1.115176
v 0.325989 1.428893 1.120000
v 0.326811 1.425823 1.124142
v 0.327883 1.421822 1.127321
v 0.329132 1.417163 1.129319
v 0.265341 1.405916 1.115176
v 0.266340 1.404186 1.120000
v 0.267929 1.401433 1.124142
v 0.270000 1.397846 1.127321
v 0.272412 1.393669 1.129319
v 0.213705 1.366295 1.115176
v 0.215118 1.364882 1.120000
v 0.217365 1.362635 1.124142
v 0.220294 1.359706 1.127321
v 0.223705 1.356295 1.129319
v 0.174084 1.314659 1.115176
v 0.175814 1.313660 1.120000
v 0.178567 1.312071 1.124142
v 0.182154 1.310000 1.127321
v 0.186331 1.307588 1.129319
v 0.149177 1.254528 1.115176
v 0.151107 1.254011 1.120000
v 0.154177 1.253189 1.124142
v 0.158178 1.252117 1.127321
v 0.162837 1.250868 1.129319
v 0.149177 1.125472 1.115176
v 0.151107 1.125989 1.120000
v 0.154177 1.126811 1.124142
v 0.158178 1.127883 1.127321
v 0.162837 1.129132 1.129319
v 0.174084 1.065341 1.115176
v 0.175814 1.066340 1.120000
v 0.178567 1.067929 1.124142
v 0.182154 1.070000 1.127321
v 0.186331 1.072412 1.129319
v 0.213705 1.013705 1.115176
v 0.215118 1.015118 1.120000
v 0.217365 1.017365 1.124142
v 0.220294 1.020294 1.127321
v 0.223705 1.023705 1.129319
v 0.265341 0.974084 1.115176
v 0.266340 0.975814 1.120000
v 0.267929 0.978567 1.124142
v 0.270000 0.982154 1.127321
v 0.272412 0.986331 1.129319
v 0.325472 0.949177 1.115176
v 0.325989 0.951107 1.120000
v 0.326811 0.954177 1.124142
v 0.327883 0.958178 1.127321
v 0.329132 0.962837 1.129319
v 0.390000 0.940681 1.115176
v 0.390000 0.942679 1.120000
v 0.390000 0.945858 1.124142
v 0.390000 0.950000 1.127321
v 0.390000 0.954824 1.129319
v 0.454528 0.949177 1.115176
v 0.454011 0.951107 1.120000
v 0.453189 0.954177 1.124142
v 0.452117 0.958178 1.127321
v 0.450868 0.962837 1.129319
v 0.514659 0.974084 1.115176
v 0.513660 0.975814 1.120000
v 0.512071 0.978567 1.124142
v 0.510000 0.982154 1.127321
v 0.507588 0.986331 1.129319
v 0.566295 1.013705 1.115176
v 0.564882 1.015118 1.120000
v 0.562635 1.017365 1.124142
v 0.559706 1.020294 1.127321
v 0.556295 1.023705 1.129319
v 0.605916 1.065341 1.115176
v 0.604186 1.066340 1.120000
v 0.601433 1.067929 1.124142
v 0.597846 1.070000 1.127321
v 0.593669 1.072412 1.129319
v 0.630823 1.125472 1.115176
v 0.628893 1.125989 1.120000
v 0.625823 1.126811 1.124142
v 0.621822 1.127883 1.127321
v 0.617163 1.129132 1.129319
v 0.475000 0.790000 0.021000
v 0.485733 0.871528 0.021000
v 0.517202 0.947500 0.021000
v 0.567261 1.012739 0.021000
v 0.632500 1.062798 0.021000
v 0.708472 1.094267 0.021000
v 0.790000 1.105000 0.021000
v 0.871528 1.094267 0.021000
v 0.947500 1.062798 0.021000
v 1.012739 1.012739 0.021000
v 1.062798 0.947500 0.021000
v 1.094267 0.871528 0.021000
v 1.105000 0.790000 0.021000
v 1.094267 0.708472 0.021000
v 1.062798 0.632500 0.021000
v 1.012739 0.567261 0.021000
v 0.947500 0.517202 0.021000
v 0.871528 0.485733 0.021000
v 0.790000 0.475000 0.021000
v 0.708472 0.485733 0.021000
v 0.632500 0.517202 0.021000
v 0.567261 0.567261 0.021000
v 0.517202 0.632500 0.021000
v 0.485733 0.708472 0.021000
v 0.495000 0.790000 0.001000
v 0.505052 0.713648 0.001000
v 0.534523 0.642500 0.001000
v 0.581403 0.581403 0.001000
v 0.642500 0.534523 0.001000
v 0.713648 0.505052 0.001000
v 0.790000 0.495000 0.001000
v 0.866352 0.505052 0.001000
v 0.937500 0.534523 0.001000
v 0.998597 0.581403 0.001000
v 1.045477 0.642500 0.001000
v 1.074948 0.713648 0.001000
v 1.085000 0.790000 0.001000
v 1.074948 0.866352 0.001000
v 1.045477 0.937500 0.001000
v 0.998597 0.998597 0.001000
v 0.937500 1.045477 0.001000
v 0.866352 1.074948 0.001000
v 0.790000 1.085000 0.001000
v 0.713648 1.074948 0.001000
v 0.642500 1.045477 0.001000
v 0.581403 0.998597 0.001000
v 0.534523 0.937500 0.001000
v 0.505052 0.866352 0.001000
v 1.104319 0.790000 0.015824
v 1.102321 0.790000 0.011000
v 1.099142 0.790000 0.006858
v 1.095000 0.790000 0.003679
v 1.090176 0.790000 0.001681
v 0.486392 0.871352 0.015824
v 0.488322 0.870834 0.011000
v 0.491392 0.870012 0.006858
v 0.495393 0.868940 0.003679
v 0.500052 0.867691 0.001681
v 0.489824 0.790000 0.001681
v 0.485000 0.790000 0.003679
v 0.480858 0.790000 0.006858
v 0.477679 0.790000 0.011000
v 0.475681 0.790000 0.015824
v 0.517792 0.947159 0.015824
v 0.519523 0.946160 0.011000
v 0.522275 0.944571 0.006858
v 0.525862 0.942500 0.003679
v 0.530040 0.940088 0.001681
v 0.567743 1.012257 0.015824
v 0.569156 1.010844 0.011000
v 0.571403 1.008597 0.006858
v 0.574332 1.005668 0.003679
v 0.577743 1.002257 0.001681
v 0.632841 1.062208 0.015824
v 0.633840 1.060477 0.011000
v 0.635429 1.057725 0.006858
v 0.637500 1.054138 0.003679
v 0.639912 1.049960 0.001681
v 0.708648 1.093608 0.015824
v 0.709166 1.091678 0.011000
v 0.709988 1.088608 0.006858
v 0.711060 1.084607 0.003679
v 0.712309 1.079948 0.001681
v 0.790000 1.104319 0.015824
v 0.790000 1.102321 0.011000
v 0.790000 1.099142 0.006858
v 0.790000 1.095000 0.003679
v 0.790000 1.090176 0.001681
v 0.871352 1.093608 0.015824
v 0.870834 1.091678 0.011000
v 0.870012 1.088608 0.006858
v 0.868940 1.084607 0.003679
v 0.867691 1.079948 0.001681
v 0.947159 1.062208 0.015824
v 0.946160 1.060477 0.011000
v 0.944571 1.057725 0.006858
v 0.942500 1.054138 0.003679
v 0.940088 1.049960 0.001681
v 1.012257 1.012257 0.015824
v 1.010844 1.010844 0.011000
v 1.008597 1.008597 0.006858
v 1.005668 1.005668 0.003679
v 1.002257 1.002257 0.001681
v 1.062208 0.947159 0.015824
v 1.060477 0.946160 0.011000
v 1.057725 0.944571 0.006858
v 1.054138 0.942500 0.003679
v 1.049960 0.940088 0.001681
v 1.093608 0.871352 0.015824
v 1.091678 0.870834 0.011000
v 1.088608 0.870012 0.006858
v 1.084607 0.868940 0.003679
v 1.079948 0.867691 0.001681
v 1.093608 0.708648 0.015824
v 1.091678 0.709166 0.011000
v 1.088608 0.709988 0.006858
v 1.084607 0.711060 0.003679
v 1.079948 0.712309 0.001681
v 1.062208 0.632841 0.015824
v 1.060477 0.633840 0.011000
v 1.057725 0.635429 0.006858
v 1.054138 0.637500 0.003679
v 1.049960 0.639912 0.001681
v 1.012257 0.567743 0.015824
v 1.010844 0.569156 0.011000
v 1.008597 0.571403 0.006858
v 1.005668 0.574332 0.003679
v 1.002257 0.577743 0.001681
v 0.947159 0.517792 0.015824
v 0.946160 0.519523 0.011000
v 0.944571 0.522275 0.006858
v 0.942500 0.525862 0.003679
v 0.940088 0.530040 0.001681
v 0.871352 0.486392 0.015824
v 0.870834 0.488322 0.011000
v 0.870012 0.491392 0.006858
v 0.868940 0.495393 0.003679
v 0.867691 0.500052 0.001681
v 0.790000 0.475681 0.015824
v 0.790000 0.477679 0.011000
v 0.790000 0.480858 0.006858
v 0.790000 0.485000 0.003679
v 0.790000 0.489824 0.001681
v 0.708648 0.486392 0.015824
v 0.709166 0.488322 0.011000
v 0.709988 0.491392 0.006858
v 0.711060 0.495393 0.003679
v 0.712309 0.500052 0.001681
v 0.632841 0.517792 0.015824
v 0.633840 0.519523 0.011000
v 0.635429 0.522275 0.006858
v 0.637500 0.525862 0.003679
v 0.639912 0.530040 0.001681
v 0.567743 0.567743 0.015824
v 0.569156 0.569156 0.011000
v 0.571403 0.571403 0.006858
v 0.574332 0.574332 0.003679
v 0.577743 0.577743 0.001681
v 0.517792 0.632841 0.015824
v 0.519523 0.633840 0.011000
v 0.522275 0.635429 0.006858
v 0.525862 0.637500 0.003679
v 0.530040 0.639912 0.001681
v 0.486392 0.708648 0.015824
v 0.488322 0.709166 0.011000
v 0.491392 0.709988 0.006858
v 0.495393 0.711060 0.003679
v 0.500052 0.712309 0.001681
v 0.475000 0.790000 0.811000
v 0.485733 0.871528 0.811000
v 0.517202 0.947500 0.811000
v 0.567261 1.012739 0.811000
v 0.632500 1.062798 0.811000
v 0.708472 1.094267 0.811000
v 0.790000 1.105000 0.811000
v 0.871528 1.094267 0.811000
v 0.947500 1.062798 0.811000
v 1.012739 1.012739 0.811000
v 1.062798 0.947500 0.811000
v 1.094267 0.871528 0.811000
v 1.105000 0.790000 0.811000
v 1.094267 0.708472 0.811000
v 1.062798 0.632500 0.811000
v 1.012739 0.567261 0.811000
v 0.947500 0.517202 0.811000
v 0.871528 0.485733 0.811000
v 0.790000 0.475000 0.811000
v 0.708472 0.485733 0.811000
v 0.632500 0.517202 0.811000
v 0.567261 0.567261 0.811000
v 0.517202 0.632500 0.811000
v 0.485733 0.708472 0.811000
v 0.575000 0.790000 0.001000
v 0.582326 0.734354 0.001000
v 0.603805 0.682500 0.001000
v 0.637972 0.637972 0.001000
v 0.682500 0.603805 0.001000
v 0.734354 0.582326 0.001000
v 0.790000 0.575000 0.001000
v 0.845646 0.582326 0.001000
v 0.897500 0.603805 0.001000
v 0.942028 0.637972 0.001000
v 0.976195 0.682500 0.001000
v 0.997674 0.734354 0.001000
v 1.005000 0.790000 0.001000
v 0.997674 0.845646 0.001000
v 0.976195 0.897500 0.001000
v 0.942028 0.942028 0.001000
v 0.897500 0.976195 0.001000
v 0.845646 0.997674 0.001000
v 0.790000 1.005000 0.001000
v 0.734354 0.997674 0.001000
v 0.682500 0.976195 0.001000
v 0.637972 0.942028 0.001000
v 0.603805 0.897500 0.001000
v 0.582326 0.845646 0.001000
v 1.275000 0.790000 0.021000
v 1.285733 0.871528 0.021000
v 1.317202 0.947500 0.021000
v 1.367261 1.012739 0.021000
v 1.432500 1.062798 0.021000
v 1.508472 1.094267 0.021000
v 1.590000 1.105000 0.021000
v 1.671528 1.094267 0.021000
v 1.747500 1.062798 0.021000
v 1.812739 1.012739 0.021000
v 1.862798 0.947500 0.021000
v 1.894267 0.871528 0.021000
v 1.905000 0.790000 0.021000
v 1.894267 0.708472 0.021000
v 1.862798 0.632500 0.021000
v 1.812739 0.567261 0.021000
v 1.747500 0.517202 0.021000
v 1.671528 0.485733 0.021000
v 1.590000 0.475000 0.021000
v 1.508472 0.485733 0.021000
v 1.432500 0.517202 0.021000
v 1.367261 0.567261 0.021000
v 1.317202 0.632500 0.021000
v 1.285733 0.708472 0.021000
v 1.295000 0.790000 0.001000
v 1.305052 0.713648 0.001000
v 1.334523 0.642500 0.001000
v 1.381403 0.581403 0.001000
v 1.442500 0.534523 0.001000
v 1.513648 0.505052 0.001000
v 1.590000 0.495000 0.001000
v 1.666352 0.505052 0.001000
v 1.737500 0.534523 0.001000
v 1.798597 0.581403 0.001000
v 1.845477 0.642500 0.001000
v 1.874948 0.713648 0.001000
v 1.885000 0.790000 0.001000
v 1.874948 0.866352 0.001000
v 1.845477 0.937500 0.001000
v 1.798597 0.998597 0.001000
v 1.737500 1.045477 0.001000
v 1.666352 1.074948 0.001000
v 1.590000 1.085000 0.001000
v 1.513648 1.074948 0.001000
v 1.442500 1.045477 0.001000
v 1.381403 0.998597 0.001000
v 1.334523 0.937500 0.001000
v 1.305052 0.866352 0.001000
v 1.904319 0.790000 0.015824
v 1.902321 0.790000 0.011000
v 1.899142 0.790000 0.006858
v 1.895000 0.790000 0.003679
v 1.890176 0.790000 0.001681
v 1.286392 0.871352 0.015824
v 1.288322 0.870834 0.011000
v 1.291392 0.870012 0.006858
v 1.295393 0.868940 0.003679
v 1.300052 0.867691 0.001681
v 1.289824 0.790000 0.001681
v 1.285000 0.790000 0.003679
v 1.280858 0.790000 0.006858
v 1.277679 0.790000 0.011000
v 1.275681 0.790000 0.015824
v 1.317792 0.947159 0.015824
v 1.319523 0.946160 0.011000
v 1.322275 0.944571 0.006858
v 1.325862 0.942500 0.003679
v 1.330040 0.940088 0.001681
v 1.367743 1.012257 0.015824
v 1.369156 1.010844 0.011000
v 1.371403 1.008597 0.006858
v 1.374332 1.005668 0.003679
v 1.377743 1.002257 0.001681
v 1.432841 1.062208 0.015824
v 1.433840 1.060477 0.011000
v 1.435429 1.057725 0.006858
v 1.437500 1.054138 0.003679
v 1.439912 1.049960 0.001681
v 1.508648 1.093608 0.015824
v 1.509166 1.091678 0.011000
v 1.509988 1.088608 0.006858
v 1.511060 1.084607 0.003679
v 1.512309 1.079948 0.001681
v 1.590000 1.104319 0.015824
v 1.590000 1.102321 0.011000
v 1.590000 1.099142 0.006858
v 1.590000 1.095000 0.003679
v 1.590000 1.090176 0.001681
v 1.671352 1.093608 0.015824
v 1.670834 1.091678 0.011000
v 1.670012 1.088608 0.006858
v 1.668940 1.084607 0.003679
v 1.667691 1.079948 0.001681
v 1.747159 1.062208 0.015824
v 1.746160 1.060477 0.011000
v 1.744571 1.057725 0.006858
v 1.742500 1.054138 0.003679
v 1.740088 1.049960 0.001681
v 1.812257 1.012257 0.015824
v 1.810844 1.010844 0.011000
v 1.808597 1.008597 0.006858
v 1.805668 1.005668 0.003679
v 1.802257 1.002257 0.001681
v 1.862208 0.947159 0.015824
v 1.860477 0.946160 0.011000
v 1.857725 0.944571 0.006858
v 1.854138 0.942500 0.003679
v 1.849960 0.940088 0.001681
v 1.893608 0.871352 0.015824
v 1.891678 0.870834 0.011000
v 1.888608 0.870012 0.006858
v 1.884607 0.868940 0.003679
v 1.879948 0.867691 0.001681
v 1.893608 0.708648 0.015824
v 1.891678 0.709166 0.011000
v 1.888608 0.709988 0.006858
v 1.884607 0.711060 0.003679
v 1.879948 0.712309 0.001681
v 1.862208 0.632841 0.015824
v 1.860477 0.633840 0.011000
v 1.857725 0.635429 0.006858
v 1.854138 0.637500 0.003679
v 1.849960 0.639912 0.001681
v 1.812257 0.567743 0.015824
v 1.810844 0.569156 0.011000
v 1.808597 0.571403 0.006858
v 1.805668 0.574332 0.003679
v 1.802257 0.577743 0.001681
v 1.747159 0.517792 0.015824
v 1.746160 0.519523 0.011000
v 1.744571 0.522275 0.006858
v 1.742500 0.525862 0.003679
v 1.740088 0.530040 0.001681
v 1.671352 0.486392 0.015824
v 1.670834 0.488322 0.011000
v 1.670012 0.491392 0.006858
v 1.668940 0.495393 0.003679
v 1.667691 0.500052 0.001681
v 1.590000 0.475681 0.015824
v 1.590000 0.477679 0.011000
v 1.590000 0.480858 0.006858
v 1.590000 0.485000 0.003679
v 1.590000 0.489824 0.001681
v 1.508648 0.486392 0.015824
v 1.509166 0.488322 0.011000
v 1.509988 0.491392 0.006858
v 1.511060 0.495393 0.003679
v 1.512309 0.500052 0.001681
v 1.432841 0.517792 0.015824
v 1.433840 0.519523 0.011000
v 1.435429 0.522275 0.006858
v 1.437500 0.525862 0.003679
v 1.439912 0.530040 0.001681
v 1.367743 0.567743 0.015824
v 1.369156 0.569156 0.011000
v 1.371403 0.571403 0.006858
v 1.374332 0.574332 0.003679
v 1.377743 0.577743 0.001681
v 1.317792 0.632841 0.015824
v 1.319523 0.633840 0.011000
v 1.322275 0.635429 0.006858
v 1.325862 0.637500 0.003679
v 1.330040 0.639912 0.001681
v 1.286392 0.708648 0.015824
v 1.288322 0.709166 0.011000
v 1.291392 0.709988 0.006858
v 1.295393 0.711060 0.003679
v 1.300052 0.712309 0.001681
v 1.275000 0.790000 0.811000
v 1.285733 0.871528 0.811000
v 1.317202 0.947500 0.811000
v 1.367261 1.012739 0.811000
v 1.432500 1.062798 0.811000
v 1.508472 1.094267 0.811000
v 1.590000 1.105000 0.811000
v 1.671528 1.094267 0.811000
v 1.747500 1.062798 0.811000
v 1.812739 1.012739 0.811000
v 1.862798 0.947500 0.811000
v 1.894267 0.871528 0.811000
v 1.905000 0.790000 0.811000
v 1.894267 0.708472 0.811000
v 1.862798 0.632500 0.811000
v 1.812739 0.567261 0.811000
v 1.747500 0.517202 0.811000
v 1.671528 0.485733 0.811000
v 1.590000 0.475000 0.811000
v 1.508472 0.485733 0.811000
v 1.432500 0.517202 0.811000
v 1.367261 0.567261 0.811000
v 1.317202 0.632500 0.811000
v 1.285733 0.708472 0.811000
v 1.375000 0.790000 0.001000
v 1.382326 0.734354 0.001000
v 1.403805 0.682500 0.001000
v 1.437972 0.637972 0.001000
v 1.482500 0.603805 0.001000
v 1.534354 0.582326 0.001000
v 1.590000 0.575000 0.001000
v 1.645646 0.582326 0.001000
v 1.697500 0.603805 0.001000
v 1.742028 0.637972 0.001000
v 1.776195 0.682500 0.001000
v 1.797674 0.734354 0.001000
v 1.805000 0.790000 0.001000
v 1.797674 0.845646 0.001000
v 1.776195 0.897500 0.001000
v 1.742028 0.942028 0.001000
v 1.697500 0.976195 0.001000
v 1.645646 0.997674 0.001000
v 1.590000 1.005000 0.001000
v 1.534354 0.997674 0.001000
v 1.482500 0.976195 0.001000
v 1.437972 0.942028 0.001000
v 1.403805 0.897500 0.001000
v 1.382326 0.845646 0.001000
v 2.075000 0.790000 0.021000
v 2.085733 0.871528 0.021000
v 2.117202 0.947500 0.021000
v 2.167261 1.012739 0.021000
v 2.232500 1.062798 0.021000
v 2.308472 1.094267 0.021000
v 2.390000 1.105000 0.021000
v 2.471528 1.094267 0.021000
v 2.547500 1.062798 0.021000
v 2.612739 1.012739 0.021000
v 2.662798 0.947500 0.021000
v 2.694267 0.871528 0.021000
v 2.705000 0.790000 0.021000
v 2.694267 0.708472 0.021000
v 2.662798 0.632500 0.021000
v 2.612739 0.567261 0.021000
v 2.547500 0.517202 0.021000
v 2.471528 0.485733 0.021000
v 2.390000 0.475000 0.021000
v 2.308472 0.485733 0.021000
v 2.232500 0.517202 0.021000
v 2.167261 0.567261 0.021000
v 2.117202 0.632500 0.021000
v 2.085733 0.708472 0.021000
v 2.095000 0.790000 0.001000
v 2.105052 0.713648 0.001000
v 2.134523 0.642500 0.001000
v 2.181403 0.581403 0.001000
v 2.242500 0.534523 0.001000
v 2.313648 0.505052 0.001000
v 2.390000 0.495000 0.001000
v 2.466352 0.505052 0.001000
v 2.537500 0.534523 0.001000
v 2.598597 0.581403 0.001000
v 2.645477 0.642500 0.001000
v 2.674948 0.713648 0.001000
v 2.685000 0.790000 0.001000
v 2.674948 0.866352 0.001000
v 2.645477 0.937500 0.001000
v 2.598597 0.998597 0.001000
v 2.537500 1.045477 0.001000
v 2.466352 1.074948 0.001000
v 2.390000 1.085000 0.001000
v 2.313648 1.074948 0.001000
v 2.242500 1.045477 0.001000
v 2.181403 0.998597 0.001000
v 2.134523 0.937500 0.001000
v 2.105052 0.866352 0.001000
v 2.704319 0.790000 0.015824
v 2.702321 0.790000 0.011000
v 2.699142 0.790000 0.006858
v 2.695000 0.790000 0.003679
v 2.690176 0.790000 0.001681
v 2.086392 0.871352 0.015824
v 2.088322 0.870834 0.011000
v 2.091392 0.870012 0.006858
v 2.095393 0.868940 0.003679
v 2.100052 0.867691 0.001681
v 2.089824 0.790000 0.001681
v 2.085000 0.790000 0.003679
v 2.080858 0.790000 0.006858
v 2.077679 0.790000 0.011000
v 2.075681 0.790000 0.015824
v 2.117792 0.947159 0.015824
v 2.119523 0.946160 0.011000
v 2.122275 0.944571 0.006858
v 2.125862 0.942500 0.003679
v 2.130040 0.940088 0.001681
v 2.167743 1.012257 0.015824
v 2.169156 1.010844 0.011000
v 2.171403 1.008597 0.006858
v 2.174332 1.005668 0.003679
v 2.177743 1.002257 0.001681
v 2.232841 1.062208 0.015824
v 2.233840 1.060477 0.011000
v 2.235429 1.057725 0.006858
v 2.237500 1.054138 0.003679
v 2.239912 1.049960 0.001681
v 2.308648 1.093608 0.015824
v 2.309166 1.091678 0.011000
v 2.309988 1.088608 0.006858
v 2.311060 1.084607 0.003679
v 2.312309 1.079948 0.001681
v 2.390000 1.104319 0.015824
v 2.390000 1.102321 0.011000
v 2.390000 1.099142 0.006858
v 2.390000 1.095000 0.003679
v 2.390000 1.090176 0.001681
v 2.471352 1.093608 0.015824
v 2.470834 1.091678 0.011000
v 2.470012 1.088608 0.006858
v 2.468940 1.084607 0.003679
v 2.467691 1.079948 0.001681
v 2.547159 1.062208 0.015824
v 2.546160 1.060477 0.011000
v 2.544571 1.057725 0.006858
v 2.542500 1.054138 0.003679
v 2.540088 1.049960 0.001681
v 2.612257 1.012257 0.015824
v 2.610844 1.010844 0.011000
v 2.608597 1.008597 0.006858
v 2.605668 1.005668 0.003679
v 2.602257 1.002257 0.001681
v 2.662208 0.947159 0.015824
v 2.660477 0.946160 0.011000
v 2.657725 0.944571 0.006858
v 2.654138 0.942500 0.003679
v 2.649960 0.940088 0.001681
v 2.693608 0.871352 0.015824
v 2.691678 0.870834 0.011000
v 2.688608 0.870012 0.006858
v 2.684607 0.868940 0.003679
v 2.679948 0.867691 0.001681
v 2.693608 0.708648 0.015824
v 2.691678 0.709166 0.011000
v 2.688608 0.709988 0.006858
v 2.684607 0.711060 0.003679
v 2.679948 0.712309 0.001681
v 2.662208 0.632841 0.015824
v 2.660477 0.633840 0.011000
v 2.657725 0.635429 0.006858
v 2.654138 0.637500 0.003679
v 2.649960 0.639912 0.001681
v 2.612257 0.567743 0.015824
v 2.610844 0.569156 0.011000
v 2.608597 0.571403 0.006858
v 2.605668 0.574332 0.003679
v 2.602257 0.577743 0.001681
v 2.547159 0.517792 0.015824
v 2.546160 0.519523 0.011000
v 2.544571 0.522275 0.006858
v 2.542500 0.525862 0.003679
v 2.540088 0.530040 0.001681
v 2.471352 0.486392 0.015824
v 2.470834 0.488322 0.011000
v 2.470012 0.491392 0.006858
v 2.468940 0.495393 0.003679
v 2.467691 0.500052 0.001681
v 2.390000 0.475681 0.015824
v 2.390000 0.477679 0.011000
v 2.390000 0.480858 0.006858
v 2.390000 0.485000 0.003679
v 2.390000 0.489824 0.001681
v 2.308648 0.486392 0.015824
v 2.309166 0.488322 0.011000
v 2.309988 0.491392 0.006858
v 2.311060 0.495393 0.003679
v 2.312309 0.500052 0.001681
v 2.232841 0.517792 0.015824
v 2.233840 0.519523 0.011000
v 2.235429 0.522275 0.006858
v 2.237500 0.525862 0.003679
v 2.239912 0.530040 0.001681
v 2.167743 0.567743 0.015824
v 2.169156 0.569156 0.011000
v 2.171403 0.571403 0.006858
v 2.174332 0.574332 0.003679
v 2.177743 0.577743 0.001681
v 2.117792 0.632841 0.015824
v 2.119523 0.633840 0.011000
v 2.122275 0.635429 0.006858
v 2.125862 0.637500 0.003679
v 2.130040 0.639912 0.001681
v 2.086392 0.708648 0.015824
v 2.088322 0.709166 0.011000
v 2.091392 0.709988 0.006858
v 2.095393 0.711060 0.003679
v 2.100052 0.712309 0.001681
v 2.075000 0.790000 0.811000
v 2.085733 0.871528 0.811000
v 2.117202 0.947500 0.811000
v 2.167261 1.012739 0.811000
v 2.232500 1.062798 0.811000
v 2.308472 1.094267 0.811000
v 2.390000 1.105000 0.811000
v 2.471528 1.094267 0.811000
v 2.547500 1.062798 0.811000
v 2.612739 1.012739 0.811000
v 2.662798 0.947500 0.811000
v 2.694267 0.871528 0.811000
v 2.705000 0.790000 0.811000
v 2.694267 0.708472 0.811000
v 2.662798 0.632500 0.811000
v 2.612739 0.567261 0.811000
v 2.547500 0.517202 0.811000
v 2.471528 0.485733 0.811000
v 2.390000 0.475000 0.811000
v 2.308472 0.485733 0.811000
v 2.232500 0.517202 0.811000
v 2.167261 0.567261 0.811000
v 2.117202 0.632500 0.811000
v 2.085733 0.708472 0.811000
v 2.175000 0.790000 0.001000
v 2.182326 0.734354 0.001000
v 2.203805 0.682500 0.001000
v 2.237972 0.637972 0.001000
v 2.282500 0.603805 0.001000
v 2.334354 0.582326 0.001000
v 2.390000 0.575000 0.001000
v 2.445646 0.582326 0.001000
v 2.497500 0.603805 0.001000
v 2.542028 0.637972 0.001000
v 2.576195 0.682500 0.001000
v 2.597674 0.734354 0.001000
v 2.605000 0.790000 0.001000
v 2.597674 0.845646 0.001000
v 2.576195 0.897500 0.001000
v 2.542028 0.942028 0.001000
v 2.497500 0.976195 0.001000
v 2.445646 0.997674 0.001000
v 2.390000 1.005000 0.001000
v 2.334354 0.997674 0.001000
v 2.282500 0.976195 0.001000
v 2.237972 0.942028 0.001000
v 2.203805 0.897500 0.001000
v 2.182326 0.845646 0.001000
v 2.175000 0.790000 0.811000
v 2.182326 0.734354 0.811000
v 2.203805 0.682500 0.811000
v 2.237972 0.637972 0.811000
v 2.282500 0.603805 0.811000
v 2.334354 0.582326 0.811000
v 2.390000 0.575000 0.811000
v 2.445646 0.582326 0.811000
v 2.497500 0.603805 0.811000
v 2.542028 0.637972 0.811000
v 2.576195 0.682500 0.811000
v 2.597674 0.734354 0.811000
v 2.605000 0.790000 0.811000
v 2.597674 0.845646 0.811000
v 2.576195 0.897500 0.811000
v 2.542028 0.942028 0.811000
v 2.497500 0.976195 0.811000
v 2.445646 0.997674 0.811000
v 2.390000 1.005000 0.811000
v 2.334354 0.997674 0.811000
v 2.282500 0.976195 0.811000
v 2.237972 0.942028 0.811000
v 2.203805 0.897500 0.811000
v 2.182326 0.845646 0.811000
v 1.375000 0.790000 0.811000
v 1.382326 0.734354 0.811000
v 1.403805 0.682500 0.811000
v 1.437972 0.637972 0.811000
v 1.482500 0.603805 0.811000
v 1.534354 0.582326 0.811000
v 1.590000 0.575000 0.811000
v 1.645646 0.582326 0.811000
v 1.697500 0.603805 0.811000
v 1.742028 0.637972 0.811000
v 1.776195 0.682500 0.811000
v 1.797674 0.734354 0.811000
v 1.805000 0.790000 0.811000
v 1.797674 0.845646 0.811000
v 1.776195 0.897500 0.811000
v 1.742028 0.942028 0.811000
v 1.697500 0.976195 0.811000
v 1.645646 0.997674 0.811000
v 1.590000 1.005000 0.811000
v 1.534354 0.997674 0.811000
v 1.482500 0.976195 0.811000
v 1.437972 0.942028 0.811000
v 1.403805 0.897500 0.811000
v 1.382326 0.845646 0.811000
v 0.575000 0.790000 0.811000
v 0.582326 0.734354 0.811000
v 0.603805 0.682500 0.811000
v 0.637972 0.637972 0.811000
v 0.682500 0.603805 0.811000
v 0.734354 0.582326 0.811000
v 0.790000 0.575000 0.811000
v 0.845646 0.582326 0.811000
v 0.897500 0.603805 0.811000
v 0.942028 0.637972 0.811000
v 0.976195 0.682500 0.811000
v 0.997674 0.734354 0.811000
v 1.005000 0.790000 0.811000
v 0.997674 0.845646 0.811000
v 0.976195 0.897500 0.811000
v 0.942028 0.942028 0.811000
v 0.897500 0.976195 0.811000
v 0.845646 0.997674 0.811000
v 0.790000 1.005000 0.811000
v 0.734354 0.997674 0.811000
v 0.682500 0.976195 0.811000
v 0.637972 0.942028 0.811000
v 0.603805 0.897500 0.811000
v 0.582326 0.845646 0.811000
v 2.891000 0.390000 0.981000
v 2.887559 0.416141 0.981000
v 2.877469 0.440500 0.981000
v 2.861418 0.461418 0.981000
v 2.840500 0.477469 0.981000
v 2.816141 0.487559 0.981000
v 2.790000 0.491000 0.981000
v 2.763859 0.487559 0.981000
v 2.739500 0.477469 0.981000
v 2.718582 0.461418 0.981000
v 2.702531 0.440500 0.981000
v 2.692441 0.416141 0.981000
v 2.689000 0.390000 0.981000
v 2.692441 0.363859 0.981000
v 2.702531 0.339500 0.981000
v 2.718582 0.318582 0.981000
v 2.739500 0.302531 0.981000
v 2.763859 0.292441 0.981000
v 2.790000 0.289000 0.981000
v 2.816141 0.292441 0.981000
v 2.840500 0.302531 0.981000
v 2.861418 0.318582 0.981000
v 2.877469 0.339500 0.981000
v 2.887559 0.363859 0.981000
v 2.891000 0.390000 0.811000
v 2.887559 0.363859 0.811000
v 2.877469 0.339500 0.811000
v 2.861418 0.318582 0.811000
v 2.840500 0.302531 0.811000
v 2.816141 0.292441 0.811000
v 2.790000 0.289000 0.811000
v 2.763859 0.292441 0.811000
v 2.739500 0.302531 0.811000
v 2.718582 0.318582 0.811000
v 2.702531 0.339500 0.811000
v 2.692441 0.363859 0.811000
v 2.689000 0.390000 0.811000
v 2.692441 0.416141 0.811000
v 2.702531 0.440500 0.811000
v 2.718582 0.461418 0.811000
v 2.739500 0.477469 0.811000
v 2.763859 0.487559 0.811000
v 2.790000 0.491000 0.811000
v 2.816141 0.487559 0.811000
v 2.840500 0.477469 0.811000
v 2.861418 0.461418 0.811000
v 2.877469 0.440500 0.811000
v 2.887559 0.416141 0.811000
v 2.091000 0.390000 0.981000
v 2.087559 0.416141 0.981000
v 2.077469 0.440500 0.981000
v 2.061418 0.461418 0.981000
v 2.040500 0.477469 0.981000
v 2.016141 0.487559 0.981000
v 1.990000 0.491000 0.981000
v 1.963859 0.487559 0.981000
v 1.939500 0.477469 0.981000
v 1.918582 0.461418 0.981000
v 1.902531 0.440500 0.981000
v 1.892441 0.416141 0.981000
v 1.889000 0.390000 0.981000
v 1.892441 0.363859 0.981000
v 1.902531 0.339500 0.981000
v 1.918582 0.318582 0.981000
v 1.939500 0.302531 0.981000
v 1.963859 0.292441 0.981000
v 1.990000 0.289000 0.981000
v 2.016141 0.292441 0.981000
v 2.040500 0.302531 0.981000
v 2.061418 0.318582 0.981000
v 2.077469 0.339500 0.981000
v 2.087559 0.363859 0.981000
v 2.091000 0.390000 0.811000
v 2.087559 0.363859 0.811000
v 2.077469 0.339500 0.811000
v 2.061418 0.318582 0.811000
v 2.040500 0.302531 0.811000
v 2.016141 0.292441 0.811000
v 1.990000 0.289000 0.811000
v 1.963859 0.292441 0.811000
v 1.939500 0.302531 0.811000
v 1.918582 0.318582 0.811000
v 1.902531 0.339500 0.811000
v 1.892441 0.363859 0.811000
v 1.889000 0.390000 0.811000
v 1.892441 0.416141 0.811000
v 1.902531 0.440500 0.811000
v 1.918582 0.461418 0.811000
v 1.939500 0.477469 0.811000
v 1.963859 0.487559 0.811000
v 1.990000 0.491000 0.811000
v 2.016141 0.487559 0.811000
v 2.040500 0.477469 0.811000
v 2.061418 0.461418 0.811000
v 2.077469 0.440500 0.811000
v 2.087559 0.416141 0.811000
v 1.291000 0.390000 0.981000
v 1.287559 0.416141 0.981000
v 1.277469 0.440500 0.981000
v 1.261418 0.461418 0.981000
v 1.240500 0.477469 0.981000
v 1.216141 0.487559 0.981000
v 1.190000 0.491000 0.981000
v 1.163859 0.487559 0.981000
v 1.139500 0.477469 0.981000
v 1.118582 0.461418 0.981000
v 1.102531 0.440500 0.981000
v 1.092441 0.416141 0.981000
v 1.089000 0.390000 0.981000
v 1.092441 0.363859 0.981000
v 1.102531 0.339500 0.981000
v 1.118582 0.318582 0.981000
v 1.139500 0.302531 0.981000
v 1.163859 0.292441 0.981000
v 1.190000 0.289000 0.981000
v 1.216141 0.292441 0.981000
v 1.240500 0.302531 0.981000
v 1.261418 0.318582 0.981000
v 1.277469 0.339500 0.981000
v 1.287559 0.363859 0.981000
v 1.291000 0.390000 0.811000
v 1.287559 0.363859 0.811000
v 1.277469 0.339500 0.811000
v 1.261418 0.318582 0.811000
v 1.240500 0.302531 0.811000
v 1.216141 0.292441 0.811000
v 1.190000 0.289000 0.811000
v 1.163859 0.292441 0.811000
v 1.139500 0.302531 0.811000
v 1.118582 0.318582 0.811000
v 1.102531 0.339500 0.811000
v 1.092441 0.363859 0.811000
v 1.089000 0.390000 0.811000
v 1.092441 0.416141 0.811000
v 1.102531 0.440500 0.811000
v 1.118582 0.461418 0.811000
v 1.139500 0.477469 0.811000
v 1.163859 0.487559 0.811000
v 1.190000 0.491000 0.811000
v 1.216141 0.487559 0.811000
v 1.240500 0.477469 0.811000
v 1.261418 0.461418 0.811000
v 1.277469 0.440500 0.811000
v 1.287559 0.416141 0.811000
v 0.491000 0.390000 0.981000
v 0.487559 0.416141 0.981000
v 0.477469 0.440500 0.981000
v 0.461418 0.461418 0.981000
v 0.440500 0.477469 0.981000
v 0.416141 0.487559 0.981000
v 0.390000 0.491000 0.981000
v 0.363859 0.487559 0.981000
v 0.339500 0.477469 0.981000
v 0.318582 0.461418 0.981000
v 0.302531 0.440500 0.981000
v 0.292441 0.416141 0.981000
v 0.289000 0.390000 0.981000
v 0.292441 0.363859 0.981000
v 0.302531 0.339500 0.981000
v 0.318582 0.318582 0.981000
v 0.339500 0.302531 0.981000
v 0.363859 0.292441 0.981000
v 0.390000 0.289000 0.981000
v 0.416141 0.292441 0.981000
v 0.440500 0.302531 0.981000
v 0.461418 0.318582 0.981000
v 0.477469 0.339500 0.981000
v 0.487559 0.363859 0.981000
v 0.491000 0.390000 0.811000
v 0.487559 0.363859 0.811000
v 0.477469 0.339500 0.811000
v 0.461418 0.318582 0.811000
v 0.440500 0.302531 0.811000
v 0.416141 0.292441 0.811000
v 0.390000 0.289000 0.811000
v 0.363859 0.292441 0.811000
v 0.339500 0.302531 0.811000
v 0.318582 0.318582 0.811000
v 0.302531 0.339500 0.811000
v 0.292441 0.363859 0.811000
v 0.289000 0.390000 0.811000
v 0.292441 0.416141 0.811000
v 0.302531 0.440500 0.811000
v 0.318582 0.461418 0.811000
v 0.339500 0.477469 0.811000
v 0.363859 0.487559 0.811000
v 0.390000 0.491000 0.811000
v 0.416141 0.487559 0.811000
v 0.440500 0.477469 0.811000
v 0.461418 0.461418 0.811000
v 0.477469 0.440500 0.811000
v 0.487559 0.416141 0.811000
v 2.891000 1.190000 0.981000
v 2.887559 1.216141 0.981000
v 2.877469 1.240500 0.981000
v 2.861418 1.261418 0.981000
v 2.840500 1.277469 0.981000
v 2.816141 1.287559 0.981000
v 2.790000 1.291000 0.981000
v 2.763859 1.287559 0.981000
v 2.739500 1.277469 0.981000
v 2.718582 1.261418 0.981000
v 2.702531 1.240500 0.981000
v 2.692441 1.216141 0.981000
v 2.689000 1.190000 0.981000
v 2.692441 1.163859 0.981000
v 2.702531 1.139500 0.981000
v 2.718582 1.118582 0.981000
v 2.739500 1.102531 0.981000
v 2.763859 1.092441 0.981000
v 2.790000 1.089000 0.981000
v 2.816141 1.092441 0.981000
v 2.840500 1.102531 0.981000
v 2.861418 1.118582 0.981000
v 2.877469 1.139500 0.981000
v 2.887559 1.163859 0.981000
v 2.891000 1.190000 0.811000
v 2.887559 1.163859 0.811000
v 2.877469 1.139500 0.811000
v 2.861418 1.118582 0.811000
v 2.840500 1.102531 0.811000
v 2.816141 1.092441 0.811000
v 2.790000 1.089000 0.811000
v 2.763859 1.092441 0.811000
v 2.739500 1.102531 0.811000
v 2.718582 1.118582 0.811000
v 2.702531 1.139500 0.811000
v 2.692441 1.163859 0.811000
v 2.689000 1.190000 0.811000
v 2.692441 1.216141 0.811000
v 2.702531 1.240500 0.811000
v 2.718582 1.261418 0.811000
v 2.739500 1.277469 0.811000
v 2.763859 1.287559 0.811000
v 2.790000 1.291000 0.811000
v 2.816141 1.287559 0.811000
v 2.840500 1.277469 0.811000
v 2.861418 1.261418 0.811000
v 2.877469 1.240500 0.811000
v 2.887559 1.216141 0.811000
v 2.091000 1.190000 0.981000
v 2.087559 1.216141 0.981000
v 2.077469 1.240500 0.981000
v 2.061418 1.261418 0.981000
v 2.040500 1.277469 0.981000
v 2.016141 1.287559 0.981000
v 1.990000 1.291000 0.981000
v 1.963859 1.287559 0.981000
v 1.939500 1.277469 0.981000
v 1.918582 1.261418 0.981000
v 1.902531 1.240500 0.981000
v 1.892441 1.216141 0.981000
v 1.889000 1.190000 0.981000
v 1.892441 1.163859 0.981000
v 1.902531 1.139500 0.981000
v 1.918582 1.118582 0.981000
v 1.939500 1.102531 0.981000
v 1.963859 1.092441 0.981000
v 1.990000 1.089000 0.981000
v 2.016141 1.092441 0.981000
v 2.040500 1.102531 0.981000
v 2.061418 1.118582 0.981000
v 2.077469 1.139500 0.981000
v 2.087559 1.163859 0.981000
v 2.091000 1.190000 0.811000
v 2.087559 1.163859 0.811000
v 2.077469 1.139500 0.811000
v 2.061418 1.118582 0.811000
v 2.040500 1.102531 0.811000
v 2.016141 1.092441 0.811000
v 1.990000 1.089000 0.811000
v 1.963859 1.092441 0.811000
v 1.939500 1.102531 0.811000
v 1.918582 1.118582 0.811000
v 1.902531 1.139500 0.811000
v 1.892441 1.163859 0.811000
v 1.889000 1.190000 0.811000
v 1.892441 1.216141 0.811000
v 1.902531 1.240500 0.811000
v 1.918582 1.261418 0.811000
v 1.939500 1.277469 0.811000
v 1.963859 1.287559 0.811000
v 1.990000 1.291000 0.811000
v 2.016141 1.287559 0.811000
v 2.040500 1.277469 0.811000
v 2.061418 1.261418 0.811000
v 2.077469 1.240500 0.811000
v 2.087559 1.216141 0.811000
v 1.291000 1.190000 0.981000
v 1.287559 1.216141 0.981000
v 1.277469 1.240500 0.981000
v 1.261418 1.261418 0.981000
v 1.240500 1.277469 0.981000
v 1.216141 1.287559 0.981000
v 1.190000 1.291000 0.981000
v 1.163859 1.287559 0.981000
v 1.139500 1.277469 0.981000
v 1.118582 1.261418 0.981000
v 1.102531 1.240500 0.981000
v 1.092441 1.216141 0.981000
v 1.089000 1.190000 0.981000
v 1.092441 1.163859 0.981000
v 1.102531 1.139500 0.981000
v 1.118582 1.118582 0.981000
v 1.139500 1.102531 0.981000
v 1.163859 1.092441 0.981000
v 1.190000 1.089000 0.981000
v 1.216141 1.092441 0.981000
v 1.240500 1.102531 0.981000
v 1.261418 1.118582 0.981000
v 1.277469 1.139500 0.981000
v 1.287559 1.163859 0.981000
v 1.291000 1.190000 0.811000
v 1.287559 1.163859 0.811000
v 1.277469 1.139500 0.811000
v 1.261418 1.118582 0.811000
v 1.240500 1.102531 0.811000
v 1.216141 1.092441 0.811000
v 1.190000 1.089000 0.811000
v 1.163859 1.092441 0.811000
v 1.139500 1.102531 0.811000
v 1.118582 1.118582 0.811000
v 1.102531 1.139500 0.811000
v 1.092441 1.163859 0.811000
v 1.089000 1.190000 0.811000
v 1.092441 1.216141 0.811000
v 1.102531 1.240500 0.811000
v 1.118582 1.261418 0.811000
v 1.139500 1.277469 0.811000
v 1.163859 1.287559 0.811000
v 1.190000 1.291000 0.811000
v 1.216141 1.287559 0.811000
v 1.240500 1.277469 0.811000
v 1.261418 1.261418 0.811000
v 1.277469 1.240500 0.811000
v 1.287559 1.216141 0.811000
v 0.491000 1.190000 0.981000
v 0.487559 1.216141 0.981000
v 0.477469 1.240500 0.981000
v 0.461418 1.261418 0.981000
v 0.440500 1.277469 0.981000
v 0.416141 1.287559 0.981000
v 0.390000 1.291000 0.981000
v 0.363859 1.287559 0.981000
v 0.339500 1.277469 0.981000
v 0.318582 1.261418 0.981000
v 0.302531 1.240500 0.981000
v 0.292441 1.216141 0.981000
v 0.289000 1.190000 0.981000
v 0.292441 1.163859 0.981000
v 0.302531 1.139500 0.981000
v 0.318582 1.118582 0.981000
v 0.339500 1.102531 0.981000
v 0.363859 1.092441 0.981000
v 0.390000 1.089000 0.981000
v 0.416141 1.092441 0.981000
v 0.440500 1.102531 0.981000
v 0.461418 1.118582 0.981000
v 0.477469 1.139500 0.981000
v 0.487559 1.163859 0.981000
v 0.491000 1.190000 0.811000
v 0.487559 1.163859 0.811000
v 0.477469 1.139500 0.811000
v 0.461418 1.118582 0.811000
v 0.440500 1.102531 0.811000
v 0.416141 1.092441 0.811000
v 0.390000 1.089000 0.811000
v 0.363859 1.092441 0.811000
v 0.339500 1.102531 0.811000
v 0.318582 1.118582 0.811000
v 0.302531 1.139500 0.811000
v 0.292441 1.163859 0.811000
v 0.289000 1.190000 0.811000
v 0.292441 1.216141 0.811000
v 0.302531 1.240500 0.811000
v 0.318582 1.261418 0.811000
v 0.339500 1.277469 0.811000
v 0.363859 1.287559 0.811000
v 0.390000 1.291000 0.811000
v 0.416141 1.287559 0.811000
v 0.440500 1.277469 0.811000
v 0.461418 1.261418 0.811000
v 0.477469 1.240500 0.811000
v 0.487559 1.216141 0.811000
v 3.031000 1.431000 0.811000
v 0.149000 1.431000 0.811000
v 3.031000 0.149000 0.811000
v 0.149000 0.149000 0.811000
vt 0.010472 0.012132 0.000000
vt 0.008411 0.017466 0.000000
vt 0.007074 0.012476 0.000000
vt 0.003681 0.015140 0.000000
vt 0.001838 0.012476 0.000000
vt -0.001094 0.013014 0.000000
vt 0.001838 0.007486 0.000000
vt -0.003398 0.007486 0.000000
vt 0.001838 0.002495 0.000000
vt -0.003398 0.002495 0.000000
vt 0.001838 -0.002495 0.000000
vt -0.003398 -0.002495 0.000000
vt 0.001838 -0.007486 0.000000
vt -0.003398 -0.007486 0.000000
vt -0.001094 -0.013014 0.000000
vt -0.005857 -0.010831 0.000000
vt -0.008634 -0.007486 0.000000
vt -0.010541 -0.008307 0.000000
vt -0.008634 -0.002495 0.000000
vt -0.013870 -0.002495 0.000000
vt -0.013870 0.002495 0.000000
vt -0.019106 0.000000 0.000000
vt -0.015038 0.004992 0.000000
vt -0.010541 0.008307 0.000000
vt -0.008634 0.002495 0.000000
vt -0.008634 0.007486 0.000000
vt -0.005857 0.010831 0.000000
vt -0.015038 -0.004992 0.000000
vt 0.001838 -0.012476 0.000000
vt 0.003681 -0.015140 0.000000
vt 0.007074 -0.012476 0.000000
vt 0.008411 -0.017466 0.000000
vt 0.010472 -0.012132 0.000000
vt 0.007074 -0.007486 0.000000
vt 0.011832 -0.006251 0.000000
vt 0.007074 -0.002495 0.000000
vt 0.012310 0.000000 0.000000
vt 0.007074 0.002495 0.000000
vt 0.011832 0.006251 0.000000
vt 0.007074 0.007486 0.000000
vt -0.000000 -0.010472 0.000000
vt -0.104444 -0.010472 0.000000
vt -0.000000 -0.015708 0.000000
vt -0.208889 -0.010472 0.000000
vt -0.313333 -0.010472 0.000000
vt -0.313333 -0.005236 0.000000
vt -0.417778 -0.005236 0.000000
vt -0.417778 -0.000000 0.000000
vt -0.522222 -0.000000 0.000000
vt -0.522222 0.005236 0.000000
vt -0.626667 0.005236 0.000000
vt -0.626667 0.010472 0.000000
vt -0.731111 0.010472 0.000000
vt -0.940000 0.015708 0.000000
vt -0.835556 0.010472 0.000000
vt -0.940000 0.010472 0.000000
vt -0.835556 0.005236 0.000000
vt -0.940000 0.005236 0.000000
vt -0.835556 -0.000000 0.000000
vt -0.940000 -0.000000 0.000000
vt -0.835556 -0.005236 0.000000
vt -0.940000 -0.005236 0.000000
vt -0.835556 -0.010472 0.000000
vt -0.940000 -0.010472 0.000000
vt -0.940000 -0.015708 0.000000
vt -0.104444 -0.005236 0.000000
vt -0.000000 -0.005236 0.000000
vt -0.104444 -0.000000 0.000000
vt -0.000000 -0.000000 0.000000
vt -0.104444 0.005236 0.000000
vt -0.000000 0.005236 0.000000
vt -0.104444 0.010472 0.000000
vt -0.000000 0.010472 0.000000
vt -0.000000 0.015708 0.000000
vt -0.417778 0.010472 0.000000
vt -0.313333 0.010472 0.000000
vt -0.208889 0.010472 0.000000
vt -0.208889 0.005236 0.000000
vt -0.522222 -0.010472 0.000000
vt -0.626667 -0.010472 0.000000
vt -0.731111 -0.010472 0.000000
vt -0.731111 -0.005236 0.000000
vt -0.208889 -0.005236 0.000000
vt -0.208889 -0.000000 0.000000
vt -0.417778 -0.010472 0.000000
vt -0.522222 -0.005236 0.000000
vt -0.626667 -0.005236 0.000000
vt -0.626667 -0.000000 0.000000
vt -0.313333 -0.000000 0.000000
vt -0.417778 0.005236 0.000000
vt -0.522222 0.010472 0.000000
vt -0.731111 -0.000000 0.000000
vt -0.313333 0.005236 0.000000
vt -0.731111 0.005236 0.000000
vt -0.003681 0.015140 0.000000
vt -0.008411 0.017466 0.000000
vt -0.007074 0.012476 0.000000
vt -0.010472 0.012132 0.000000
vt -0.007074 0.007486 0.000000
vt -0.011832 0.006251 0.000000
vt -0.007074 0.002495 0.000000
vt -0.012310 -0.000000 0.000000
vt -0.007074 -0.002495 0.000000
vt -0.011832 -0.006251 0.000000
vt -0.007074 -0.007486 0.000000
vt -0.010472 -0.012132 0.000000
vt -0.007074 -0.012476 0.000000
vt -0.008411 -0.017466 0.000000
vt -0.003681 -0.015140 0.000000
vt -0.001838 -0.012476 0.000000
vt 0.001094 -0.013014 0.000000
vt -0.001838 -0.007486 0.000000
vt 0.003398 -0.007486 0.000000
vt -0.001838 -0.002495 0.000000
vt 0.003398 -0.002495 0.000000
vt -0.001838 0.002495 0.000000
vt 0.003398 0.002495 0.000000
vt -0.001838 0.007486 0.000000
vt 0.003398 0.007486 0.000000
vt 0.001094 0.013014 0.000000
vt 0.005857 0.010831 0.000000
vt 0.008634 0.007486 0.000000
vt 0.010541 0.008307 0.000000
vt 0.008634 0.002495 0.000000
vt 0.013870 0.002495 0.000000
vt 0.013870 -0.002495 0.000000
vt 0.019106 0.000000 0.000000
vt 0.015038 -0.004992 0.000000
vt 0.010541 -0.008307 0.000000
vt 0.008634 -0.002495 0.000000
vt 0.008634 -0.007486 0.000000
vt 0.005857 -0.010831 0.000000
vt 0.015038 0.004992 0.000000
vt -0.001838 0.012476 0.000000
vt -0.000000 -0.010472 0.000000
vt -0.104444 -0.010472 0.000000
vt -0.000000 -0.015708 0.000000
vt -0.208889 -0.010472 0.000000
vt -0.313333 -0.010472 0.000000
vt -0.313333 -0.005236 0.000000
vt -0.417778 -0.005236 0.000000
vt -0.417778 -0.000000 0.000000
vt -0.522222 -0.000000 0.000000
vt -0.522222 0.005236 0.000000
vt -0.626667 0.005236 0.000000
vt -0.626667 0.010472 0.000000
vt -0.731111 0.010472 0.000000
vt -0.940000 0.015708 0.000000
vt -0.835556 0.010472 0.000000
vt -0.940000 0.010472 0.000000
vt -0.835556 0.005236 0.000000
vt -0.940000 0.005236 0.000000
vt -0.835556 -0.000000 0.000000
vt -0.940000 -0.000000 0.000000
vt -0.835556 -0.005236 0.000000
vt -0.940000 -0.005236 0.000000
vt -0.835556 -0.010472 0.000000
vt -0.940000 -0.010472 0.000000
vt -0.940000 -0.015708 0.000000
vt -0.104444 -0.005236 0.000000
vt -0.000000 -0.005236 0.000000
vt -0.104444 -0.000000 0.000000
vt -0.000000 -0.000000 0.000000
vt -0.104444 0.005236 0.000000
vt -0.000000 0.005236 0.000000
vt -0.104444 0.010472 0.000000
vt -0.000000 0.010472 0.000000
vt -0.000000 0.015708 0.000000
vt -0.417778 0.010472 0.000000
vt -0.313333 0.010472 0.000000
vt -0.208889 0.010472 0.000000
vt -0.208889 0.005236 0.000000
vt -0.522222 -0.010472 0.000000
vt -0.626667 -0.010472 0.000000
vt -0.731111 -0.010472 0.000000
vt -0.731111 -0.005236 0.000000
vt -0.208889 -0.005236 0.000000
vt -0.208889 -0.000000 0.000000
vt -0.417778 -0.010472 0.000000
vt -0.522222 -0.005236 0.000000
vt -0.626667 -0.005236 0.000000
vt -0.626667 -0.000000 0.000000
vt -0.313333 -0.000000 0.000000
vt -0.417778 0.005236 0.000000
vt -0.522222 0.010472 0.000000
vt -0.731111 -0.000000 0.000000
vt -0.313333 0.005236 0.000000
vt -0.731111 0.005236 0.000000
vt 0.003681 -0.015140 0.000000
vt 0.008411 -0.017466 0.000000
vt 0.007074 -0.012476 0.000000
vt 0.010472 -0.012132 0.000000
vt 0.007074 -0.007486 0.000000
vt 0.011832 -0.006251 0.000000
vt 0.007074 -0.002495 0.000000
vt 0.012310 -0.000000 0.000000
vt 0.007074 0.002495 0.000000
vt 0.011832 0.006251 0.000000
vt 0.007074 0.007486 0.000000
vt 0.010472 0.012132 0.000000
vt 0.007074 0.012476 0.000000
vt 0.008411 0.017466 0.000000
vt 0.003681 0.015140 0.000000
vt 0.001838 0.012476 0.000000
vt -0.001094 0.013014 0.000000
vt 0.001838 0.007486 0.000000
vt -0.003398 0.007486 0.000000
vt 0.001838 0.002495 0.000000
vt -0.003398 0.002495 0.000000
vt 0.001838 -0.002495 0.000000
vt -0.003398 -0.002495 0.000000
vt 0.001838 -0.007486 0.000000
vt -0.003398 -0.007486 0.000000
vt -0.001094 -0.013014 0.000000
vt -0.005857 -0.010831 0.000000
vt -0.008634 -0.007486 0.000000
vt -0.010541 -0.008307 0.000000
vt -0.008634 -0.002495 0.000000
vt -0.013870 -0.002495 0.000000
vt -0.013870 0.002495 0.000000
vt -0.019106 -0.000000 0.000000
vt -0.015038 0.004992 0.000000
vt -0.010541 0.008307 0.000000
vt -0.008634 0.002495 0.000000
vt -0.008634 0.007486 0.000000
vt -0.005857 0.010831 0.000000
vt -0.015038 -0.004992 0.000000
vt 0.001838 -0.012476 0.000000
vt -0.000000 -0.010472 0.000000
vt -0.104444 -0.010472 0.000000
vt -0.000000 -0.015708 0.000000
vt -0.208889 -0.010472 0.000000
vt -0.313333 -0.010472 0.000000
vt -0.313333 -0.005236 0.000000
vt -0.417778 -0.005236 0.000000
vt -0.417778 -0.000000 0.000000
vt -0.522222 -0.000000 0.000000
vt -0.522222 0.005236 0.000000
vt -0.626667 0.005236 0.000000
vt -0.626667 0.010472 0.000000
vt -0.731111 0.010472 0.000000
vt -0.940000 0.015708 0.000000
vt -0.835556 0.010472 0.000000
vt -0.940000 0.010472 0.000000
vt -0.835556 0.005236 0.000000
vt -0.940000 0.005236 0.000000
vt -0.835556 -0.000000 0.000000
vt -0.940000 -0.000000 0.000000
vt -0.835556 -0.005236 0.000000
vt -0.940000 -0.005236 0.000000
vt -0.835556 -0.010472 0.000000
vt -0.940000 -0.010472 0.000000
vt -0.940000 -0.015708 0.000000
vt -0.104444 -0.005236 0.000000
vt -0.000000 -0.005236 0.000000
vt -0.104444 -0.000000 0.000000
vt -0.000000 -0.000000 0.000000
vt -0.104444 0.005236 0.000000
vt -0.000000 0.005236 0.000000
vt -0.104444 0.010472 0.000000
vt -0.000000 0.010472 0.000000
vt -0.000000 0.015708 0.000000
vt -0.417778 0.010472 0.000000
vt -0.313333 0.010472 0.000000
vt -0.208889 0.010472 0.000000
vt -0.208889 0.005236 0.000000
vt -0.522222 -0.010472 0.000000
vt -0.626667 -0.010472 0.000000
vt -0.731111 -0.010472 0.000000
vt -0.731111 -0.005236 0.000000
vt -0.208889 -0.005236 0.000000
vt -0.208889 -0.000000 0.000000
vt -0.417778 -0.010472 0.000000
vt -0.522222 -0.005236 0.000000
vt -0.626667 -0.005236 0.000000
vt -0.626667 -0.000000 0.000000
vt -0.313333 -0.000000 0.000000
vt -0.417778 0.005236 0.000000
vt -0.522222 0.010472 0.000000
vt -0.731111 -0.000000 0.000000
vt -0.313333 0.005236 0.000000
vt -0.731111 0.005236 0.000000
vt -2.365000 0.010472 0.000000
vt -2.252857 0.010472 0.000000
vt -2.365000 0.015708 0.000000
vt -2.140714 0.010472 0.000000
vt -2.028571 0.010472 0.000000
vt -2.028571 0.005236 0.000000
vt -1.916429 0.005236 0.000000
vt -1.916429 -0.000000 0.000000
vt -1.804286 -0.000000 0.000000
vt -1.804286 -0.005236 0.000000
vt -1.692143 -0.005236 0.000000
vt -1.692143 -0.010472 0.000000
vt -1.580000 -0.010472 0.000000
vt -2.365000 -0.015708 0.000000
vt -1.467857 -0.010472 0.000000
vt -1.355714 -0.010472 0.000000
vt -1.467857 -0.005236 0.000000
vt -1.355714 -0.005236 0.000000
vt -1.467857 -0.000000 0.000000
vt -1.355714 -0.000000 0.000000
vt -1.467857 0.005236 0.000000
vt -1.355714 0.005236 0.000000
vt -1.467857 0.010472 0.000000
vt -1.355714 0.010472 0.000000
vt -1.243571 0.010472 0.000000
vt -1.131429 0.010472 0.000000
vt -1.131429 0.005236 0.000000
vt -1.019286 0.005236 0.000000
vt -1.019286 -0.000000 0.000000
vt -0.907143 -0.000000 0.000000
vt -0.907143 -0.005236 0.000000
vt -0.795000 -0.005236 0.000000
vt -0.795000 -0.010472 0.000000
vt -0.682857 -0.010472 0.000000
vt 0.775000 -0.015708 0.000000
vt -0.570714 -0.010472 0.000000
vt -0.458571 -0.010472 0.000000
vt -0.570714 -0.005236 0.000000
vt -0.458571 -0.005236 0.000000
vt -0.570714 -0.000000 0.000000
vt -0.458571 -0.000000 0.000000
vt -0.570714 0.005236 0.000000
vt -0.458571 0.005236 0.000000
vt -0.570714 0.010472 0.000000
vt -0.458571 0.010472 0.000000
vt 0.775000 0.015708 0.000000
vt -0.346429 0.010472 0.000000
vt -0.234286 0.010472 0.000000
vt -0.234286 0.005236 0.000000
vt -0.122143 0.005236 0.000000
vt -0.122143 -0.000000 0.000000
vt -0.010000 -0.000000 0.000000
vt -0.010000 -0.005236 0.000000
vt 0.102143 -0.005236 0.000000
vt 0.102143 -0.010472 0.000000
vt 0.214286 -0.010472 0.000000
vt 0.326429 -0.010472 0.000000
vt 0.438571 -0.010472 0.000000
vt 0.326429 -0.005236 0.000000
vt 0.438571 -0.005236 0.000000
vt 0.326429 -0.000000 0.000000
vt 0.438571 -0.000000 0.000000
vt 0.326429 0.005236 0.000000
vt 0.438571 0.005236 0.000000
vt 0.326429 0.010472 0.000000
vt 0.438571 0.010472 0.000000
vt 0.550714 0.010472 0.000000
vt 0.662857 0.010472 0.000000
vt 0.662857 0.005236 0.000000
vt 0.775000 0.005236 0.000000
vt 0.775000 -0.000000 0.000000
vt 0.662857 -0.000000 0.000000
vt 0.775000 -0.005236 0.000000
vt 0.662857 -0.005236 0.000000
vt 0.775000 -0.010472 0.000000
vt 0.662857 -0.010472 0.000000
vt 0.550714 -0.010472 0.000000
vt -2.252857 0.005236 0.000000
vt -2.365000 0.005236 0.000000
vt -2.252857 -0.000000 0.000000
vt -2.365000 -0.000000 0.000000
vt -2.252857 -0.005236 0.000000
vt -2.365000 -0.005236 0.000000
vt -2.252857 -0.010472 0.000000
vt -2.365000 -0.010472 0.000000
vt -0.907143 -0.010472 0.000000
vt -1.019286 -0.010472 0.000000
vt -1.019286 -0.005236 0.000000
vt -1.131429 -0.005236 0.000000
vt -1.131429 -0.000000 0.000000
vt -1.243571 -0.000000 0.000000
vt -1.243571 0.005236 0.000000
vt 0.775000 0.010472 0.000000
vt -0.795000 0.010472 0.000000
vt -0.682857 0.010472 0.000000
vt -2.140714 0.005236 0.000000
vt -2.140714 -0.000000 0.000000
vt -2.140714 -0.005236 0.000000
vt -2.140714 -0.010472 0.000000
vt -1.916429 0.010472 0.000000
vt -1.804286 0.010472 0.000000
vt -1.692143 0.010472 0.000000
vt -1.692143 0.005236 0.000000
vt -1.580000 0.005236 0.000000
vt -1.580000 -0.000000 0.000000
vt -1.804286 0.005236 0.000000
vt -1.580000 0.010472 0.000000
vt -1.019286 0.010472 0.000000
vt -0.907143 0.010472 0.000000
vt -0.795000 0.005236 0.000000
vt -0.682857 0.005236 0.000000
vt -0.682857 -0.000000 0.000000
vt -0.907143 0.005236 0.000000
vt -0.346429 0.005236 0.000000
vt -0.346429 -0.000000 0.000000
vt -0.346429 -0.005236 0.000000
vt -0.346429 -0.010472 0.000000
vt -0.122143 0.010472 0.000000
vt -0.010000 0.010472 0.000000
vt 0.102143 0.010472 0.000000
vt 0.102143 0.005236 0.000000
vt 0.214286 0.005236 0.000000
vt 0.214286 -0.000000 0.000000
vt -0.010000 0.005236 0.000000
vt 0.214286 0.010472 0.000000
vt 0.550714 0.005236 0.000000
vt 0.550714 -0.000000 0.000000
vt 0.550714 -0.005236 0.000000
vt -2.028571 -0.000000 0.000000
vt -1.916429 -0.005236 0.000000
vt -1.804286 -0.010472 0.000000
vt -1.692143 -0.000000 0.000000
vt -0.795000 -0.000000 0.000000
vt -0.234286 -0.000000 0.000000
vt -0.122143 -0.005236 0.000000
vt -0.010000 -0.010472 0.000000
vt 0.102143 -0.000000 0.000000
vt -2.028571 -0.005236 0.000000
vt -2.028571 -0.010472 0.000000
vt -1.580000 -0.005236 0.000000
vt -1.243571 -0.005236 0.000000
vt -1.243571 -0.010472 0.000000
vt -0.682857 -0.005236 0.000000
vt -0.234286 -0.005236 0.000000
vt -0.234286 -0.010472 0.000000
vt 0.214286 -0.005236 0.000000
vt -1.916429 -0.010472 0.000000
vt -1.131429 -0.010472 0.000000
vt -0.122143 -0.010472 0.000000
vt -0.010472 -0.012132 0.000000
vt -0.008411 -0.017466 0.000000
vt -0.007074 -0.012476 0.000000
vt -0.003681 -0.015140 0.000000
vt -0.001838 -0.012476 0.000000
vt 0.001094 -0.013014 0.000000
vt -0.001838 -0.007486 0.000000
vt 0.003398 -0.007486 0.000000
vt -0.001838 -0.002495 0.000000
vt 0.003398 -0.002495 0.000000
vt -0.001838 0.002495 0.000000
vt 0.003398 0.002495 0.000000
vt -0.001838 0.007486 0.000000
vt 0.003398 0.007486 0.000000
vt 0.001094 0.013014 0.000000
vt 0.005857 0.010831 0.000000
vt 0.008634 0.007486 0.000000
vt 0.010541 0.008307 0.000000
vt 0.008634 0.002495 0.000000
vt 0.013870 0.002495 0.000000
vt 0.013870 -0.002495 0.000000
vt 0.019106 0.000000 0.000000
vt 0.015038 -0.004992 0.000000
vt 0.010541 -0.008307 0.000000
vt 0.008634 -0.002495 0.000000
vt 0.008634 -0.007486 0.000000
vt 0.005857 -0.010831 0.000000
vt 0.015038 0.004992 0.000000
vt -0.001838 0.012476 0.000000
vt -0.003681 0.015140 0.000000
vt -0.007074 0.012476 0.000000
vt -0.008411 0.017466 0.000000
vt -0.010472 0.012132 0.000000
vt -0.007074 0.007486 0.000000
vt -0.011832 0.006251 0.000000
vt -0.007074 0.002495 0.000000
vt -0.012310 -0.000000 0.000000
vt -0.007074 -0.002495 0.000000
vt -0.011832 -0.006251 0.000000
vt -0.007074 -0.007486 0.000000
vt -0.000000 -0.010472 0.000000
vt -0.104444 -0.010472 0.000000
vt -0.000000 -0.015708 0.000000
vt -0.208889 -0.010472 0.000000
vt -0.313333 -0.010472 0.000000
vt -0.313333 -0.005236 0.000000
vt -0.417778 -0.005236 0.000000
vt -0.417778 -0.000000 0.000000
vt -0.522222 -0.000000 0.000000
vt -0.522222 0.005236 0.000000
vt -0.626667 0.005236 0.000000
vt -0.626667 0.010472 0.000000
vt -0.731111 0.010472 0.000000
vt -0.940000 0.015708 0.000000
vt -0.835556 0.010472 0.000000
vt -0.940000 0.010472 0.000000
vt -0.835556 0.005236 0.000000
vt -0.940000 0.005236 0.000000
vt -0.835556 -0.000000 0.000000
vt -0.940000 -0.000000 0.000000
vt -0.835556 -0.005236 0.000000
vt -0.940000 -0.005236 0.000000
vt -0.835556 -0.010472 0.000000
vt -0.940000 -0.010472 0.000000
vt -0.940000 -0.015708 0.000000
vt -0.104444 -0.005236 0.000000
vt -0.000000 -0.005236 0.000000
vt -0.104444 -0.000000 0.000000
vt -0.000000 -0.000000 0.000000
vt -0.104444 0.005236 0.000000
vt -0.000000 0.005236 0.000000
vt -0.104444 0.010472 0.000000
vt -0.000000 0.010472 0.000000
vt -0.000000 0.015708 0.000000
vt -0.417778 0.010472 0.000000
vt -0.313333 0.010472 0.000000
vt -0.208889 0.010472 0.000000
vt -0.208889 0.005236 0.000000
vt -0.522222 -0.010472 0.000000
vt -0.626667 -0.010472 0.000000
vt -0.731111 -0.010472 0.000000
vt -0.731111 -0.005236 0.000000
vt -0.208889 -0.005236 0.000000
vt -0.208889 -0.000000 0.000000
vt -0.417778 -0.010472 0.000000
vt -0.522222 -0.005236 0.000000
vt -0.626667 -0.005236 0.000000
vt -0.626667 -0.000000 0.000000
vt -0.313333 -0.000000 0.000000
vt -0.417778 0.005236 0.000000
vt -0.522222 0.010472 0.000000
vt -0.731111 -0.000000 0.000000
vt -0.313333 0.005236 0.000000
vt -0.731111 0.005236 0.000000
vt -1.165000 0.010472 0.000000
vt -1.055000 0.010472 0.000000
vt -1.165000 0.015708 0.000000
vt -0.945000 0.010472 0.000000
vt -0.835000 0.010472 0.000000
vt -0.835000 0.005236 0.000000
vt -0.725000 0.005236 0.000000
vt -0.725000 -0.000000 0.000000
vt -0.615000 -0.000000 0.000000
vt -0.615000 -0.005236 0.000000
vt -0.505000 -0.005236 0.000000
vt -0.505000 -0.010472 0.000000
vt -0.395000 -0.010472 0.000000
vt -1.165000 -0.015708 0.000000
vt 0.375000 -0.015708 0.000000
vt -1.055000 0.005236 0.000000
vt -1.165000 0.005236 0.000000
vt -1.055000 -0.000000 0.000000
vt -1.165000 -0.000000 0.000000
vt -1.055000 -0.005236 0.000000
vt -1.165000 -0.005236 0.000000
vt -1.055000 -0.010472 0.000000
vt -1.165000 -0.010472 0.000000
vt 0.375000 -0.010472 0.000000
vt 0.265000 -0.010472 0.000000
vt 0.155000 -0.010472 0.000000
vt 0.045000 -0.010472 0.000000
vt 0.045000 -0.005236 0.000000
vt -0.065000 -0.005236 0.000000
vt -0.065000 -0.000000 0.000000
vt -0.175000 -0.000000 0.000000
vt -0.175000 0.005236 0.000000
vt -0.285000 0.005236 0.000000
vt -0.285000 0.010472 0.000000
vt -0.395000 0.010472 0.000000
vt 0.375000 0.015708 0.000000
vt 0.265000 -0.005236 0.000000
vt 0.375000 -0.005236 0.000000
vt 0.265000 -0.000000 0.000000
vt 0.375000 -0.000000 0.000000
vt 0.265000 0.005236 0.000000
vt 0.375000 0.005236 0.000000
vt 0.265000 0.010472 0.000000
vt 0.375000 0.010472 0.000000
vt -0.945000 0.005236 0.000000
vt -0.945000 -0.000000 0.000000
vt -0.945000 -0.005236 0.000000
vt -0.945000 -0.010472 0.000000
vt -0.725000 0.010472 0.000000
vt -0.615000 0.010472 0.000000
vt -0.505000 0.010472 0.000000
vt -0.505000 0.005236 0.000000
vt -0.395000 0.005236 0.000000
vt -0.395000 -0.000000 0.000000
vt -0.285000 -0.000000 0.000000
vt -0.285000 -0.005236 0.000000
vt -0.175000 -0.005236 0.000000
vt -0.175000 -0.010472 0.000000
vt -0.065000 -0.010472 0.000000
vt -0.615000 0.005236 0.000000
vt -0.175000 0.010472 0.000000
vt -0.065000 0.010472 0.000000
vt 0.045000 0.010472 0.000000
vt 0.045000 0.005236 0.000000
vt 0.155000 0.005236 0.000000
vt 0.155000 -0.000000 0.000000
vt -0.065000 0.005236 0.000000
vt 0.155000 0.010472 0.000000
vt -0.835000 -0.000000 0.000000
vt -0.725000 -0.005236 0.000000
vt -0.615000 -0.010472 0.000000
vt -0.505000 -0.000000 0.000000
vt 0.045000 -0.000000 0.000000
vt -0.835000 -0.005236 0.000000
vt -0.835000 -0.010472 0.000000
vt -0.395000 -0.005236 0.000000
vt 0.155000 -0.005236 0.000000
vt -0.725000 -0.010472 0.000000
vt -0.285000 -0.010472 0.000000
vt -2.365000 0.010472 0.000000
vt -2.252857 0.010472 0.000000
vt -2.365000 0.015708 0.000000
vt -2.140714 0.010472 0.000000
vt -2.028571 0.010472 0.000000
vt -2.028571 0.005236 0.000000
vt -1.916429 0.005236 0.000000
vt -1.916429 0.000000 0.000000
vt -1.804286 0.000000 0.000000
vt -1.804286 -0.005236 0.000000
vt -1.692143 -0.005236 0.000000
vt -1.692143 -0.010472 0.000000
vt -1.580000 -0.010472 0.000000
vt -2.365000 -0.015708 0.000000
vt -1.467857 -0.010472 0.000000
vt -1.355714 -0.010472 0.000000
vt -1.467857 -0.005236 0.000000
vt -1.355714 -0.005236 0.000000
vt -1.467857 0.000000 0.000000
vt -1.355714 0.000000 0.000000
vt -1.467857 0.005236 0.000000
vt -1.355714 0.005236 0.000000
vt -1.467857 0.010472 0.000000
vt -1.355714 0.010472 0.000000
vt -1.243571 0.010472 0.000000
vt -1.131429 0.010472 0.000000
vt -1.131429 0.005236 0.000000
vt -1.019286 0.005236 0.000000
vt -1.019286 0.000000 0.000000
vt -0.907143 0.000000 0.000000
vt -0.907143 -0.005236 0.000000
vt -0.795000 -0.005236 0.000000
vt -0.795000 -0.010472 0.000000
vt -0.682857 -0.010472 0.000000
vt 0.775000 -0.015708 0.000000
vt -0.570714 -0.010472 0.000000
vt -0.458571 -0.010472 0.000000
vt -0.570714 -0.005236 0.000000
vt -0.458571 -0.005236 0.000000
vt -0.570714 0.000000 0.000000
vt -0.458571 0.000000 0.000000
vt -0.570714 0.005236 0.000000
vt -0.458571 0.005236 0.000000
vt -0.570714 0.010472 0.000000
vt -0.458571 0.010472 0.000000
vt 0.775000 0.015708 0.000000
vt -0.346429 0.010472 0.000000
vt -0.234286 0.010472 0.000000
vt -0.234286 0.005236 0.000000
vt -0.122143 0.005236 0.000000
vt -0.122143 0.000000 0.000000
vt -0.010000 0.000000 0.000000
vt -0.010000 -0.005236 0.000000
vt 0.102143 -0.005236 0.000000
vt 0.102143 -0.010472 0.000000
vt 0.214286 -0.010472 0.000000
vt 0.326429 -0.010472 0.000000
vt 0.438571 -0.010472 0.000000
vt 0.326429 -0.005236 0.000000
vt 0.438571 -0.005236 0.000000
vt 0.326429 0.000000 0.000000
vt 0.438571 0.000000 0.000000
vt 0.326429 0.005236 0.000000
vt 0.438571 0.005236 0.000000
vt 0.326429 0.010472 0.000000
vt 0.438571 0.010472 0.000000
vt 0.550714 0.010472 0.000000
vt 0.662857 0.010472 0.000000
vt 0.662857 0.005236 0.000000
vt 0.775000 0.005236 0.000000
vt 0.775000 0.000000 0.000000
vt 0.662857 0.000000 0.000000
vt 0.775000 -0.005236 0.000000
vt 0.662857 -0.005236 0.000000
vt 0.775000 -0.010472 0.000000
vt 0.662857 -0.010472 0.000000
vt 0.550714 -0.010472 0.000000
vt -2.252857 0.005236 0.000000
vt -2.365000 0.005236 0.000000
vt -2.252857 0.000000 0.000000
vt -2.365000 0.000000 0.000000
vt -2.252857 -0.005236 0.000000
vt -2.365000 -0.005236 0.000000
vt -2.252857 -0.010472 0.000000
vt -2.365000 -0.010472 0.000000
vt -0.907143 -0.010472 0.000000
vt -1.019286 -0.010472 0.000000
vt -1.019286 -0.005236 0.000000
vt -1.131429 -0.005236 0.000000
vt -1.131429 0.000000 0.000000
vt -1.243571 0.000000 0.000000
vt -1.243571 0.005236 0.000000
vt 0.775000 0.010472 0.000000
vt -0.795000 0.010472 0.000000
vt -0.682857 0.010472 0.000000
vt -2.140714 0.005236 0.000000
vt -2.140714 0.000000 0.000000
vt -2.140714 -0.005236 0.000000
vt -2.140714 -0.010472 0.000000
vt -1.916429 0.010472 0.000000
vt -1.804286 0.010472 0.000000
vt -1.692143 0.010472 0.000000
vt -1.692143 0.005236 0.000000
vt -1.580000 0.005236 0.000000
vt -1.580000 0.000000 0.000000
vt -1.804286 0.005236 0.000000
vt -1.580000 0.010472 0.000000
vt -1.019286 0.010472 0.000000
vt -0.907143 0.010472 0.000000
vt -0.795000 0.005236 0.000000
vt -0.682857 0.005236 0.000000
vt -0.682857 0.000000 0.000000
vt -0.907143 0.005236 0.000000
vt -0.346429 0.005236 0.000000
vt -0.346429 0.000000 0.000000
vt -0.346429 -0.005236 0.000000
vt -0.346429 -0.010472 0.000000
vt -0.122143 0.010472 0.000000
vt -0.010000 0.010472 0.000000
vt 0.102143 0.010472 0.000000
vt 0.102143 0.005236 0.000000
vt 0.214286 0.005236 0.000000
vt 0.214286 0.000000 0.000000
vt -0.010000 0.005236 0.000000
vt 0.214286 0.010472 0.000000
vt 0.550714 0.005236 0.000000
vt 0.550714 0.000000 0.000000
vt 0.550714 -0.005236 0.000000
vt -2.028571 0.000000 0.000000
vt -1.916429 -0.005236 0.000000
vt -1.804286 -0.010472 0.000000
vt -1.692143 0.000000 0.000000
vt -0.795000 0.000000 0.000000
vt -0.234286 0.000000 0.000000
vt -0.122143 -0.005236 0.000000
vt -0.010000 -0.010472 0.000000
vt 0.102143 0.000000 0.000000
vt -2.028571 -0.005236 0.000000
vt -2.028571 -0.010472 0.000000
vt -1.580000 -0.005236 0.000000
vt -1.243571 -0.005236 0.000000
vt -1.243571 -0.010472 0.000000
vt -0.682857 -0.005236 0.000000
vt -0.234286 -0.005236 0.000000
vt -0.234286 -0.010472 0.000000
vt 0.214286 -0.005236 0.000000
vt -1.916429 -0.010472 0.000000
vt -1.131429 -0.010472 0.000000
vt -0.122143 -0.010472 0.000000
vt -1.165000 0.010472 0.000000
vt -1.055000 0.010472 0.000000
vt -1.165000 0.015708 0.000000
vt -0.945000 0.010472 0.000000
vt -0.835000 0.010472 0.000000
vt -0.835000 0.005236 0.000000
vt -0.725000 0.005236 0.000000
vt -0.725000 -0.000000 0.000000
vt -0.615000 -0.000000 0.000000
vt -0.615000 -0.005236 0.000000
vt -0.505000 -0.005236 0.000000
vt -0.505000 -0.010472 0.000000
vt -0.395000 -0.010472 0.000000
vt -1.165000 -0.015708 0.000000
vt 0.375000 -0.015708 0.000000
vt -1.055000 0.005236 0.000000
vt -1.165000 0.005236 0.000000
vt -1.055000 -0.000000 0.000000
vt -1.165000 -0.000000 0.000000
vt -1.055000 -0.005236 0.000000
vt -1.165000 -0.005236 0.000000
vt -1.055000 -0.010472 0.000000
vt -1.165000 -0.010472 0.000000
vt 0.375000 -0.010472 0.000000
vt 0.265000 -0.010472 0.000000
vt 0.155000 -0.010472 0.000000
vt 0.045000 -0.010472 0.000000
vt 0.045000 -0.005236 0.000000
vt -0.065000 -0.005236 0.000000
vt -0.065000 -0.000000 0.000000
vt -0.175000 -0.000000 0.000000
vt -0.175000 0.005236 0.000000
vt -0.285000 0.005236 0.000000
vt -0.285000 0.010472 0.000000
vt -0.395000 0.010472 0.000000
vt 0.375000 0.015708 0.000000
vt 0.265000 -0.005236 0.000000
vt 0.375000 -0.005236 0.000000
vt 0.265000 -0.000000 0.000000
vt 0.375000 -0.000000 0.000000
vt 0.265000 0.005236 0.000000
vt 0.375000 0.005236 0.000000
vt 0.265000 0.010472 0.000000
vt 0.375000 0.010472 0.000000
vt -0.945000 0.005236 0.000000
vt -0.945000 -0.000000 0.000000
vt -0.945000 -0.005236 0.000000
vt -0.945000 -0.010472 0.000000
vt -0.725000 0.010472 0.000000
vt -0.615000 0.010472 0.000000
vt -0.505000 0.010472 0.000000
vt -0.505000 0.005236 0.000000
vt -0.395000 0.005236 0.000000
vt -0.395000 -0.000000 0.000000
vt -0.285000 -0.000000 0.000000
vt -0.285000 -0.005236 0.000000
vt -0.175000 -0.005236 0.000000
vt -0.175000 -0.010472 0.000000
vt -0.065000 -0.010472 0.000000
vt -0.615000 0.005236 0.000000
vt -0.175000 0.010472 0.000000
vt -0.065000 0.010472 0.000000
vt 0.045000 0.010472 0.000000
vt 0.045000 0.005236 0.000000
vt 0.155000 0.005236 0.000000
vt 0.155000 -0.000000 0.000000
vt -0.065000 0.005236 0.000000
vt 0.155000 0.010472 0.000000
vt -0.835000 -0.000000 0.000000
vt -0.725000 -0.005236 0.000000
vt -0.615000 -0.010472 0.000000
vt -0.505000 -0.000000 0.000000
vt 0.045000 -0.000000 0.000000
vt -0.835000 -0.005236 0.000000
vt -0.835000 -0.010472 0.000000
vt -0.395000 -0.005236 0.000000
vt 0.155000 -0.005236 0.000000
vt -0.725000 -0.010472 0.000000
vt -0.285000 -0.010472 0.000000
vt 3.160000 0.940000 0.000000
vt 0.020000 0.940000 0.000000
vt 3.160000 0.000000 0.000000
vt 0.020000 0.000000 0.000000
vt 1.560000 0.940000 0.000000
vt 0.020000 0.940000 0.000000
vt 1.560000 0.000000 0.000000
vt 0.020000 0.000000 0.000000
vt 1.441000 0.641000 0.000000
vt -1.570000 0.790000 0.000000
vt -1.441000 0.641000 0.000000
vt -1.590000 0.770000 0.000000
vt -1.590000 -0.770000 0.000000
vt 1.441000 -0.641000 0.000000
vt 1.590000 -0.770000 0.000000
vt 1.590000 0.770000 0.000000
vt 1.570000 0.790000 0.000000
vt 1.589319 0.775176 0.000000
vt 1.587321 0.780000 0.000000
vt 1.570000 -0.790000 0.000000
vt -1.441000 -0.641000 0.000000
vt -1.570000 -0.790000 0.000000
vt -1.589319 -0.775176 0.000000
vt -1.587321 -0.780000 0.000000
vt -1.584142 -0.784142 0.000000
vt -1.580000 -0.787321 0.000000
vt -1.575176 -0.789319 0.000000
vt 1.575176 -0.789319 0.000000
vt 1.580000 -0.787321 0.000000
vt 1.584142 -0.784142 0.000000
vt 1.587321 -0.780000 0.000000
vt 1.589319 -0.775176 0.000000
vt 1.584142 0.784142 0.000000
vt 1.580000 0.787321 0.000000
vt 1.575176 0.789319 0.000000
vt -1.575176 0.789319 0.000000
vt -1.580000 0.787321 0.000000
vt -1.584142 0.784142 0.000000
vt -1.587321 0.780000 0.000000
vt -1.589319 0.775176 0.000000
vt 1.441481 -0.335295 0.000000
vt 1.450000 -0.400000 0.000000
vt 1.570000 -0.770000 0.000000
vt 1.441481 -0.464705 0.000000
vt 1.416506 -0.525000 0.000000
vt 1.376777 -0.576777 0.000000
vt 1.325000 -0.616506 0.000000
vt 1.264705 -0.641481 0.000000
vt 1.200000 -0.650000 0.000000
vt 1.135295 -0.641481 0.000000
vt 0.464705 -0.641481 0.000000
vt 0.525000 -0.616506 0.000000
vt 1.075000 -0.616506 0.000000
vt 0.576777 -0.576777 0.000000
vt 1.023223 -0.576777 0.000000
vt 0.616506 -0.525000 0.000000
vt 0.983494 -0.525000 0.000000
vt 0.641481 -0.464705 0.000000
vt 0.958519 -0.464705 0.000000
vt 0.650000 -0.400000 0.000000
vt 0.950000 -0.400000 0.000000
vt 0.641481 -0.335295 0.000000
vt 0.958519 -0.335295 0.000000
vt 0.616506 -0.275000 0.000000
vt 0.983494 -0.275000 0.000000
vt 0.576777 -0.223223 0.000000
vt 1.023223 -0.223223 0.000000
vt 0.525000 -0.183494 0.000000
vt 1.075000 -0.183494 0.000000
vt 0.525000 0.183494 0.000000
vt 1.075000 0.183494 0.000000
vt 0.576777 0.223223 0.000000
vt 1.023223 0.223223 0.000000
vt 0.616506 0.275000 0.000000
vt 0.983494 0.275000 0.000000
vt 0.641481 0.335295 0.000000
vt 0.958519 0.335295 0.000000
vt 0.650000 0.400000 0.000000
vt 0.950000 0.400000 0.000000
vt 0.641481 0.464705 0.000000
vt 0.958519 0.464705 0.000000
vt 0.616506 0.525000 0.000000
vt 0.983494 0.525000 0.000000
vt 0.576777 0.576777 0.000000
vt 1.023223 0.576777 0.000000
vt 0.525000 0.616506 0.000000
vt 1.075000 0.616506 0.000000
vt 0.464705 0.641481 0.000000
vt 1.135295 0.641481 0.000000
vt 1.570000 0.770000 0.000000
vt 1.200000 0.650000 0.000000
vt 1.264705 0.641481 0.000000
vt 1.135295 -0.158519 0.000000
vt 1.135295 0.158519 0.000000
vt 1.200000 0.150000 0.000000
vt 1.200000 -0.150000 0.000000
vt 1.264705 -0.158519 0.000000
vt 1.264705 0.158519 0.000000
vt 1.325000 -0.183494 0.000000
vt 1.325000 0.183494 0.000000
vt 1.376777 -0.223223 0.000000
vt 1.376777 0.223223 0.000000
vt 1.416506 -0.275000 0.000000
vt 1.416506 0.275000 0.000000
vt 1.441481 0.335295 0.000000
vt 0.400000 -0.650000 0.000000
vt -0.400000 -0.650000 0.000000
vt -1.570000 -0.770000 0.000000
vt -0.464705 -0.641481 0.000000
vt -1.135295 -0.641481 0.000000
vt -1.075000 -0.616506 0.000000
vt -0.525000 -0.616506 0.000000
vt -1.023223 -0.576777 0.000000
vt -0.576777 -0.576777 0.000000
vt -0.983494 -0.525000 0.000000
vt -0.616506 -0.525000 0.000000
vt -0.958519 -0.464705 0.000000
vt -0.641481 -0.464705 0.000000
vt -0.950000 -0.400000 0.000000
vt -0.650000 -0.400000 0.000000
vt -0.958519 -0.335295 0.000000
vt -0.641481 -0.335295 0.000000
vt -0.983494 -0.275000 0.000000
vt -0.616506 -0.275000 0.000000
vt -1.023223 -0.223223 0.000000
vt -0.576777 -0.223223 0.000000
vt -1.075000 -0.183494 0.000000
vt -0.525000 -0.183494 0.000000
vt -1.075000 0.183494 0.000000
vt -0.525000 0.183494 0.000000
vt -1.023223 0.223223 0.000000
vt -0.576777 0.223223 0.000000
vt -0.983494 0.275000 0.000000
vt -0.616506 0.275000 0.000000
vt -0.958519 0.335295 0.000000
vt -0.641481 0.335295 0.000000
vt -0.950000 0.400000 0.000000
vt -0.650000 0.400000 0.000000
vt -0.958519 0.464705 0.000000
vt -0.641481 0.464705 0.000000
vt -0.983494 0.525000 0.000000
vt -0.616506 0.525000 0.000000
vt -1.023223 0.576777 0.000000
vt -0.576777 0.576777 0.000000
vt -1.075000 0.616506 0.000000
vt -0.525000 0.616506 0.000000
vt -1.135295 0.641481 0.000000
vt -0.464705 0.641481 0.000000
vt -1.570000 0.770000 0.000000
vt -0.400000 0.650000 0.000000
vt 0.400000 0.650000 0.000000
vt 0.335295 0.641481 0.000000
vt -0.335295 0.641481 0.000000
vt 0.275000 0.616506 0.000000
vt -0.275000 0.616506 0.000000
vt 0.223223 0.576777 0.000000
vt -0.223223 0.576777 0.000000
vt 0.183494 0.525000 0.000000
vt -0.183494 0.525000 0.000000
vt 0.158519 0.464705 0.000000
vt -0.158519 0.464705 0.000000
vt 0.150000 0.400000 0.000000
vt -0.150000 0.400000 0.000000
vt 0.158519 0.335295 0.000000
vt -0.158519 0.335295 0.000000
vt 0.183494 0.275000 0.000000
vt -0.183494 0.275000 0.000000
vt 0.223223 0.223223 0.000000
vt -0.223223 0.223223 0.000000
vt 0.275000 0.183494 0.000000
vt -0.275000 0.183494 0.000000
vt 0.275000 -0.183494 0.000000
vt -0.275000 -0.183494 0.000000
vt 0.223223 -0.223223 0.000000
vt -0.223223 -0.223223 0.000000
vt 0.183494 -0.275000 0.000000
vt -0.183494 -0.275000 0.000000
vt 0.158519 -0.335295 0.000000
vt -0.158519 -0.335295 0.000000
vt 0.150000 -0.400000 0.000000
vt -0.150000 -0.400000 0.000000
vt 0.158519 -0.464705 0.000000
vt -0.158519 -0.464705 0.000000
vt 0.183494 -0.525000 0.000000
vt -0.183494 -0.525000 0.000000
vt 0.223223 -0.576777 0.000000
vt -0.223223 -0.576777 0.000000
vt 0.275000 -0.616506 0.000000
vt -0.275000 -0.616506 0.000000
vt 0.335295 -0.641481 0.000000
vt -0.335295 -0.641481 0.000000
vt 0.335295 -0.158519 0.000000
vt 0.335295 0.158519 0.000000
vt 0.400000 0.150000 0.000000
vt 0.400000 -0.150000 0.000000
vt 0.464705 -0.158519 0.000000
vt 0.464705 0.158519 0.000000
vt -0.464705 -0.158519 0.000000
vt -0.464705 0.158519 0.000000
vt -0.400000 0.150000 0.000000
vt -0.400000 -0.150000 0.000000
vt -0.335295 -0.158519 0.000000
vt -0.335295 0.158519 0.000000
vt -1.200000 -0.650000 0.000000
vt -1.264705 -0.641481 0.000000
vt -1.325000 -0.616506 0.000000
vt -1.376777 -0.576777 0.000000
vt -1.416506 -0.525000 0.000000
vt -1.441481 -0.464705 0.000000
vt -1.450000 -0.400000 0.000000
vt -1.441481 -0.335295 0.000000
vt -1.441481 0.335295 0.000000
vt -1.416506 0.275000 0.000000
vt -1.416506 -0.275000 0.000000
vt -1.376777 0.223223 0.000000
vt -1.376777 -0.223223 0.000000
vt -1.325000 0.183494 0.000000
vt -1.325000 -0.183494 0.000000
vt -1.264705 0.158519 0.000000
vt -1.264705 -0.158519 0.000000
vt -1.200000 0.150000 0.000000
vt -1.200000 -0.150000 0.000000
vt -1.135295 -0.158519 0.000000
vt -1.135295 0.158519 0.000000
vt 1.441481 0.464705 0.000000
vt 1.450000 0.400000 0.000000
vt 1.325000 0.616506 0.000000
vt 1.376777 0.576777 0.000000
vt 1.416506 0.525000 0.000000
vt -1.450000 0.400000 0.000000
vt -1.441481 0.464705 0.000000
vt -1.416506 0.525000 0.000000
vt -1.376777 0.576777 0.000000
vt -1.325000 0.616506 0.000000
vt -1.264705 0.641481 0.000000
vt -1.200000 0.650000 0.000000
vt -0.000000 0.063916 0.000000
vt -0.005236 0.063916 0.000000
vt -0.000000 0.000000 0.000000
vt -0.005236 0.000000 0.000000
vt -0.000000 -0.063916 0.000000
vt -0.005236 -0.063916 0.000000
vt -0.000000 -0.127833 0.000000
vt -0.005236 -0.127833 0.000000
vt -0.000000 -0.191749 0.000000
vt -0.005236 -0.191749 0.000000
vt -0.000000 -0.255665 0.000000
vt -0.005236 -0.255665 0.000000
vt -0.000000 -0.319581 0.000000
vt -0.005236 -0.319581 0.000000
vt -0.000000 -0.383498 0.000000
vt -0.005236 -0.383498 0.000000
vt -0.000000 -0.447414 0.000000
vt -0.005236 -0.447414 0.000000
vt -0.000000 -0.511330 0.000000
vt -0.005236 -0.511330 0.000000
vt -0.000000 -0.575246 0.000000
vt -0.005236 -0.575246 0.000000
vt -0.000000 -0.639163 0.000000
vt -0.005236 -0.639163 0.000000
vt -0.000000 -0.703079 0.000000
vt -0.005236 -0.703079 0.000000
vt -0.000000 -0.766995 0.000000
vt -0.005236 -0.766995 0.000000
vt -0.000000 0.766995 0.000000
vt -0.005236 0.766995 0.000000
vt -0.000000 0.703079 0.000000
vt -0.005236 0.703079 0.000000
vt -0.000000 0.639163 0.000000
vt -0.005236 0.639163 0.000000
vt -0.000000 0.575246 0.000000
vt -0.005236 0.575246 0.000000
vt -0.000000 0.511330 0.000000
vt -0.005236 0.511330 0.000000
vt -0.000000 0.447414 0.000000
vt -0.005236 0.447414 0.000000
vt -0.000000 0.383498 0.000000
vt -0.005236 0.383498 0.000000
vt -0.000000 0.319581 0.000000
vt -0.005236 0.319581 0.000000
vt -0.000000 0.255665 0.000000
vt -0.005236 0.255665 0.000000
vt -0.000000 0.191749 0.000000
vt -0.005236 0.191749 0.000000
vt -0.000000 0.127833 0.000000
vt -0.005236 0.127833 0.000000
vt -0.031416 -0.063916 0.000000
vt -0.026180 -0.063916 0.000000
vt -0.031416 -0.000000 0.000000
vt -0.026180 -0.000000 0.000000
vt -0.031416 0.063916 0.000000
vt -0.026180 0.063916 0.000000
vt -0.031416 0.127833 0.000000
vt -0.026180 0.127833 0.000000
vt -0.031416 0.191749 0.000000
vt -0.026180 0.191749 0.000000
vt -0.031416 0.255665 0.000000
vt -0.026180 0.255665 0.000000
vt -0.031416 0.319581 0.000000
vt -0.026180 0.319581 0.000000
vt -0.031416 0.383498 0.000000
vt -0.026180 0.383498 0.000000
vt -0.031416 0.447414 0.000000
vt -0.026180 0.447414 0.000000
vt -0.031416 0.511330 0.000000
vt -0.026180 0.511330 0.000000
vt -0.031416 0.575246 0.000000
vt -0.026180 0.575246 0.000000
vt -0.031416 0.639163 0.000000
vt -0.026180 0.639163 0.000000
vt -0.031416 0.703079 0.000000
vt -0.026180 0.703079 0.000000
vt -0.031416 0.766995 0.000000
vt -0.026180 0.766995 0.000000
vt -0.031416 -0.766995 0.000000
vt -0.026180 -0.766995 0.000000
vt -0.031416 -0.703079 0.000000
vt -0.026180 -0.703079 0.000000
vt -0.031416 -0.639163 0.000000
vt -0.026180 -0.639163 0.000000
vt -0.031416 -0.575246 0.000000
vt -0.026180 -0.575246 0.000000
vt -0.031416 -0.511330 0.000000
vt -0.026180 -0.511330 0.000000
vt -0.031416 -0.447414 0.000000
vt -0.026180 -0.447414 0.000000
vt -0.031416 -0.383498 0.000000
vt -0.026180 -0.383498 0.000000
vt -0.031416 -0.319581 0.000000
vt -0.026180 -0.319581 0.000000
vt -0.031416 -0.255665 0.000000
vt -0.026180 -0.255665 0.000000
vt -0.031416 -0.191749 0.000000
vt -0.026180 -0.191749 0.000000
vt -0.031416 -0.127833 0.000000
vt -0.026180 -0.127833 0.000000
vt -0.010472 0.766995 0.000000
vt -0.010472 0.703079 0.000000
vt -0.010472 0.639163 0.000000
vt -0.010472 0.575246 0.000000
vt -0.010472 0.511330 0.000000
vt -0.010472 0.447414 0.000000
vt -0.010472 0.383498 0.000000
vt -0.010472 0.319581 0.000000
vt -0.010472 0.255665 0.000000
vt -0.010472 0.191749 0.000000
vt -0.010472 0.127833 0.000000
vt -0.010472 0.063916 0.000000
vt -0.010472 0.000000 0.000000
vt -0.010472 -0.063916 0.000000
vt -0.010472 -0.127833 0.000000
vt -0.010472 -0.191749 0.000000
vt -0.010472 -0.255665 0.000000
vt -0.010472 -0.319581 0.000000
vt -0.010472 -0.383498 0.000000
vt -0.010472 -0.447414 0.000000
vt -0.010472 -0.511330 0.000000
vt -0.010472 -0.575246 0.000000
vt -0.010472 -0.639163 0.000000
vt -0.010472 -0.703079 0.000000
vt -0.010472 -0.766995 0.000000
vt -0.015708 0.766995 0.000000
vt -0.015708 0.703079 0.000000
vt -0.015708 0.639163 0.000000
vt -0.015708 0.575246 0.000000
vt -0.015708 0.511330 0.000000
vt -0.015708 0.447414 0.000000
vt -0.015708 0.383498 0.000000
vt -0.015708 0.319581 0.000000
vt -0.015708 0.255665 0.000000
vt -0.015708 0.191749 0.000000
vt -0.015708 0.127833 0.000000
vt -0.015708 0.063916 0.000000
vt -0.015708 -0.000000 0.000000
vt -0.015708 -0.063916 0.000000
vt -0.015708 -0.127833 0.000000
vt -0.015708 -0.191749 0.000000
vt -0.015708 -0.255665 0.000000
vt -0.015708 -0.319581 0.000000
vt -0.015708 -0.383498 0.000000
vt -0.015708 -0.447414 0.000000
vt -0.015708 -0.511330 0.000000
vt -0.015708 -0.575246 0.000000
vt -0.015708 -0.639163 0.000000
vt -0.015708 -0.703079 0.000000
vt -0.015708 -0.766995 0.000000
vt -0.020944 0.766995 0.000000
vt -0.020944 0.703079 0.000000
vt -0.020944 0.639163 0.000000
vt -0.020944 0.575246 0.000000
vt -0.020944 0.511330 0.000000
vt -0.020944 0.447414 0.000000
vt -0.020944 0.383498 0.000000
vt -0.020944 0.319581 0.000000
vt -0.020944 0.255665 0.000000
vt -0.020944 0.191749 0.000000
vt -0.020944 0.127833 0.000000
vt -0.020944 0.063916 0.000000
vt -0.020944 -0.000000 0.000000
vt -0.020944 -0.063916 0.000000
vt -0.020944 -0.127833 0.000000
vt -0.020944 -0.191749 0.000000
vt -0.020944 -0.255665 0.000000
vt -0.020944 -0.319581 0.000000
vt -0.020944 -0.383498 0.000000
vt -0.020944 -0.447414 0.000000
vt -0.020944 -0.511330 0.000000
vt -0.020944 -0.575246 0.000000
vt -0.020944 -0.639163 0.000000
vt -0.020944 -0.703079 0.000000
vt -0.020944 -0.766995 0.000000
vt -0.000000 -0.719948 0.000000
vt -0.150000 -0.719948 0.000000
vt -0.000000 -0.785398 0.000000
vt -0.150000 -0.785398 0.000000
vt -0.000000 0.785398 0.000000
vt -0.150000 0.785398 0.000000
vt -0.000000 0.719948 0.000000
vt -0.150000 0.719948 0.000000
vt -0.000000 0.654498 0.000000
vt -0.150000 0.654498 0.000000
vt -0.000000 0.589049 0.000000
vt -0.150000 0.589049 0.000000
vt -0.000000 0.523599 0.000000
vt -0.150000 0.523599 0.000000
vt -0.000000 0.458149 0.000000
vt -0.150000 0.458149 0.000000
vt -0.000000 0.392699 0.000000
vt -0.150000 0.392699 0.000000
vt -0.000000 0.327249 0.000000
vt -0.150000 0.327249 0.000000
vt -0.000000 0.261799 0.000000
vt -0.150000 0.261799 0.000000
vt -0.000000 0.196350 0.000000
vt -0.150000 0.196350 0.000000
vt -0.000000 0.130900 0.000000
vt -0.150000 0.130900 0.000000
vt -0.000000 0.065450 0.000000
vt -0.150000 0.065450 0.000000
vt -0.000000 0.000000 0.000000
vt -0.150000 0.000000 0.000000
vt -0.000000 -0.065450 0.000000
vt -0.150000 -0.065450 0.000000
vt -0.000000 -0.130900 0.000000
vt -0.150000 -0.130900 0.000000
vt -0.000000 -0.196350 0.000000
vt -0.150000 -0.196350 0.000000
vt -0.000000 -0.261799 0.000000
vt -0.150000 -0.261799 0.000000
vt -0.000000 -0.327249 0.000000
vt -0.150000 -0.327249 0.000000
vt -0.000000 -0.392699 0.000000
vt -0.150000 -0.392699 0.000000
vt -0.000000 -0.458149 0.000000
vt -0.150000 -0.458149 0.000000
vt -0.000000 -0.523599 0.000000
vt -0.150000 -0.523599 0.000000
vt -0.000000 -0.589049 0.000000
vt -0.150000 -0.589049 0.000000
vt -0.000000 -0.654498 0.000000
vt -0.150000 -0.654498 0.000000
vt -0.222163 -0.059528 0.000000
vt 0.222163 -0.059528 0.000000
vt -0.230000 0.000000 0.000000
vt 0.230000 0.000000 0.000000
vt -0.222163 0.059528 0.000000
vt 0.222163 0.059528 0.000000
vt -0.199186 0.115000 0.000000
vt 0.199186 0.115000 0.000000
vt -0.162635 0.162635 0.000000
vt 0.162635 0.162635 0.000000
vt -0.115000 0.199186 0.000000
vt 0.115000 0.199186 0.000000
vt -0.059528 0.222163 0.000000
vt 0.059528 0.222163 0.000000
vt 0.000000 0.230000 0.000000
vt 0.199186 -0.115000 0.000000
vt -0.199186 -0.115000 0.000000
vt 0.162635 -0.162635 0.000000
vt -0.162635 -0.162635 0.000000
vt 0.115000 -0.199186 0.000000
vt -0.115000 -0.199186 0.000000
vt 0.059528 -0.222163 0.000000
vt -0.059528 -0.222163 0.000000
vt 0.000000 -0.230000 0.000000
vt -0.000000 0.063916 0.000000
vt -0.005236 0.063916 0.000000
vt -0.000000 0.000000 0.000000
vt -0.005236 0.000000 0.000000
vt -0.000000 -0.063916 0.000000
vt -0.005236 -0.063916 0.000000
vt -0.000000 -0.127833 0.000000
vt -0.005236 -0.127833 0.000000
vt -0.000000 -0.191749 0.000000
vt -0.005236 -0.191749 0.000000
vt -0.000000 -0.255665 0.000000
vt -0.005236 -0.255665 0.000000
vt -0.000000 -0.319581 0.000000
vt -0.005236 -0.319581 0.000000
vt -0.000000 -0.383498 0.000000
vt -0.005236 -0.383498 0.000000
vt -0.000000 -0.447414 0.000000
vt -0.005236 -0.447414 0.000000
vt -0.000000 -0.511330 0.000000
vt -0.005236 -0.511330 0.000000
vt -0.000000 -0.575246 0.000000
vt -0.005236 -0.575246 0.000000
vt -0.000000 -0.639163 0.000000
vt -0.005236 -0.639163 0.000000
vt -0.000000 -0.703079 0.000000
vt -0.005236 -0.703079 0.000000
vt -0.000000 -0.766995 0.000000
vt -0.005236 -0.766995 0.000000
vt -0.000000 0.766995 0.000000
vt -0.005236 0.766995 0.000000
vt -0.000000 0.703079 0.000000
vt -0.005236 0.703079 0.000000
vt -0.000000 0.639163 0.000000
vt -0.005236 0.639163 0.000000
vt -0.000000 0.575246 0.000000
vt -0.005236 0.575246 0.000000
vt -0.000000 0.511330 0.000000
vt -0.005236 0.511330 0.000000
vt -0.000000 0.447414 0.000000
vt -0.005236 0.447414 0.000000
vt -0.000000 0.383498 0.000000
vt -0.005236 0.383498 0.000000
vt -0.000000 0.319581 0.000000
vt -0.005236 0.319581 0.000000
vt -0.000000 0.255665 0.000000
vt -0.005236 0.255665 0.000000
vt -0.000000 0.191749 0.000000
vt -0.005236 0.191749 0.000000
vt -0.000000 0.127833 0.000000
vt -0.005236 0.127833 0.000000
vt -0.031416 -0.063916 0.000000
vt -0.026180 -0.063916 0.000000
vt -0.031416 -0.000000 0.000000
vt -0.026180 -0.000000 0.000000
vt -0.031416 0.063916 0.000000
vt -0.026180 0.063916 0.000000
vt -0.031416 0.127833 0.000000
vt -0.026180 0.127833 0.000000
vt -0.031416 0.191749 0.000000
vt -0.026180 0.191749 0.000000
vt -0.031416 0.255665 0.000000
vt -0.026180 0.255665 0.000000
vt -0.031416 0.319581 0.000000
vt -0.026180 0.319581 0.000000
vt -0.031416 0.383498 0.000000
vt -0.026180 0.383498 0.000000
vt -0.031416 0.447414 0.000000
vt -0.026180 0.447414 0.000000
vt -0.031416 0.511330 0.000000
vt -0.026180 0.511330 0.000000
vt -0.031416 0.575246 0.000000
vt -0.026180 0.575246 0.000000
vt -0.031416 0.639163 0.000000
vt -0.026180 0.639163 0.000000
vt -0.031416 0.703079 0.000000
vt -0.026180 0.703079 0.000000
vt -0.031416 0.766995 0.000000
vt -0.026180 0.766995 0.000000
vt -0.031416 -0.766995 0.000000
vt -0.026180 -0.766995 0.000000
vt -0.031416 -0.703079 0.000000
vt -0.026180 -0.703079 0.000000
vt -0.031416 -0.639163 0.000000
vt -0.026180 -0.639163 0.000000
vt -0.031416 -0.575246 0.000000
vt -0.026180 -0.575246 0.000000
vt -0.031416 -0.511330 0.000000
vt -0.026180 -0.511330 0.000000
vt -0.031416 -0.447414 0.000000
vt -0.026180 -0.447414 0.000000
vt -0.031416 -0.383498 0.000000
vt -0.026180 -0.383498 0.000000
vt -0.031416 -0.319581 0.000000
vt -0.026180 -0.319581 0.000000
vt -0.031416 -0.255665 0.000000
vt -0.026180 -0.255665 0.000000
vt -0.031416 -0.191749 0.000000
vt -0.026180 -0.191749 0.000000
vt -0.031416 -0.127833 0.000000
vt -0.026180 -0.127833 0.000000
vt -0.010472 0.766995 0.000000
vt -0.010472 0.703079 0.000000
vt -0.010472 0.639163 0.000000
vt -0.010472 0.575246 0.000000
vt -0.010472 0.511330 0.000000
vt -0.010472 0.447414 0.000000
vt -0.010472 0.383498 0.000000
vt -0.010472 0.319581 0.000000
vt -0.010472 0.255665 0.000000
vt -0.010472 0.191749 0.000000
vt -0.010472 0.127833 0.000000
vt -0.010472 0.063916 0.000000
vt -0.010472 0.000000 0.000000
vt -0.010472 -0.063916 0.000000
vt -0.010472 -0.127833 0.000000
vt -0.010472 -0.191749 0.000000
vt -0.010472 -0.255665 0.000000
vt -0.010472 -0.319581 0.000000
vt -0.010472 -0.383498 0.000000
vt -0.010472 -0.447414 0.000000
vt -0.010472 -0.511330 0.000000
vt -0.010472 -0.575246 0.000000
vt -0.010472 -0.639163 0.000000
vt -0.010472 -0.703079 0.000000
vt -0.010472 -0.766995 0.000000
vt -0.015708 0.766995 0.000000
vt -0.015708 0.703079 0.000000
vt -0.015708 0.639163 0.000000
vt -0.015708 0.575246 0.000000
vt -0.015708 0.511330 0.000000
vt -0.015708 0.447414 0.000000
vt -0.015708 0.383498 0.000000
vt -0.015708 0.319581 0.000000
vt -0.015708 0.255665 0.000000
vt -0.015708 0.191749 0.000000
vt -0.015708 0.127833 0.000000
vt -0.015708 0.063916 0.000000
vt -0.015708 -0.000000 0.000000
vt -0.015708 -0.063916 0.000000
vt -0.015708 -0.127833 0.000000
vt -0.015708 -0.191749 0.000000
vt -0.015708 -0.255665 0.000000
vt -0.015708 -0.319581 0.000000
vt -0.015708 -0.383498 0.000000
vt -0.015708 -0.447414 0.000000
vt -0.015708 -0.511330 0.000000
vt -0.015708 -0.575246 0.000000
vt -0.015708 -0.639163 0.000000
vt -0.015708 -0.703079 0.000000
vt -0.015708 -0.766995 0.000000
vt -0.020944 0.766995 0.000000
vt -0.020944 0.703079 0.000000
vt -0.020944 0.639163 0.000000
vt -0.020944 0.575246 0.000000
vt -0.020944 0.511330 0.000000
vt -0.020944 0.447414 0.000000
vt -0.020944 0.383498 0.000000
vt -0.020944 0.319581 0.000000
vt -0.020944 0.255665 0.000000
vt -0.020944 0.191749 0.000000
vt -0.020944 0.127833 0.000000
vt -0.020944 0.063916 0.000000
vt -0.020944 -0.000000 0.000000
vt -0.020944 -0.063916 0.000000
vt -0.020944 -0.127833 0.000000
vt -0.020944 -0.191749 0.000000
vt -0.020944 -0.255665 0.000000
vt -0.020944 -0.319581 0.000000
vt -0.020944 -0.383498 0.000000
vt -0.020944 -0.447414 0.000000
vt -0.020944 -0.511330 0.000000
vt -0.020944 -0.575246 0.000000
vt -0.020944 -0.639163 0.000000
vt -0.020944 -0.703079 0.000000
vt -0.020944 -0.766995 0.000000
vt -0.000000 -0.719948 0.000000
vt -0.150000 -0.719948 0.000000
vt -0.000000 -0.785398 0.000000
vt -0.150000 -0.785398 0.000000
vt -0.000000 0.785398 0.000000
vt -0.150000 0.785398 0.000000
vt -0.000000 0.719948 0.000000
vt -0.150000 0.719948 0.000000
vt -0.000000 0.654498 0.000000
vt -0.150000 0.654498 0.000000
vt -0.000000 0.589049 0.000000
vt -0.150000 0.589049 0.000000
vt -0.000000 0.523599 0.000000
vt -0.150000 0.523599 0.000000
vt -0.000000 0.458149 0.000000
vt -0.150000 0.458149 0.000000
vt -0.000000 0.392699 0.000000
vt -0.150000 0.392699 0.000000
vt -0.000000 0.327249 0.000000
vt -0.150000 0.327249 0.000000
vt -0.000000 0.261799 0.000000
vt -0.150000 0.261799 0.000000
vt -0.000000 0.196350 0.000000
vt -0.150000 0.196350 0.000000
vt -0.000000 0.130900 0.000000
vt -0.150000 0.130900 0.000000
vt -0.000000 0.065450 0.000000
vt -0.150000 0.065450 0.000000
vt -0.000000 0.000000 0.000000
vt -0.150000 0.000000 0.000000
vt -0.000000 -0.065450 0.000000
vt -0.150000 -0.065450 0.000000
vt -0.000000 -0.130900 0.000000
vt -0.150000 -0.130900 0.000000
vt -0.000000 -0.196350 0.000000
vt -0.150000 -0.196350 0.000000
vt -0.000000 -0.261799 0.000000
vt -0.150000 -0.261799 0.000000
vt -0.000000 -0.327249 0.000000
vt -0.150000 -0.327249 0.000000
vt -0.000000 -0.392699 0.000000
vt -0.150000 -0.392699 0.000000
vt -0.000000 -0.458149 0.000000
vt -0.150000 -0.458149 0.000000
vt -0.000000 -0.523599 0.000000
vt -0.150000 -0.523599 0.000000
vt -0.000000 -0.589049 0.000000
vt -0.150000 -0.589049 0.000000
vt -0.000000 -0.654498 0.000000
vt -0.150000 -0.654498 0.000000
vt -0.222163 -0.059528 0.000000
vt 0.222163 -0.059528 0.000000
vt -0.230000 0.000000 0.000000
vt 0.230000 0.000000 0.000000
vt -0.222163 0.059528 0.000000
vt 0.222163 0.059528 0.000000
vt -0.199186 0.115000 0.000000
vt 0.199186 0.115000 0.000000
vt -0.162635 0.162635 0.000000
vt 0.162635 0.162635 0.000000
vt -0.115000 0.199186 0.000000
vt 0.115000 0.199186 0.000000
vt -0.059528 0.222163 0.000000
vt 0.059528 0.222163 0.000000
vt 0.000000 0.230000 0.000000
vt 0.199186 -0.115000 0.000000
vt -0.199186 -0.115000 0.000000
vt 0.162635 -0.162635 0.000000
vt -0.162635 -0.162635 0.000000
vt 0.115000 -0.199186 0.000000
vt -0.115000 -0.199186 0.000000
vt 0.059528 -0.222163 0.000000
vt -0.059528 -0.222163 0.000000
vt 0.000000 -0.230000 0.000000
vt -0.000000 0.063916 0.000000
vt -0.005236 0.063916 0.000000
vt -0.000000 0.000000 0.000000
vt -0.005236 0.000000 0.000000
vt -0.000000 -0.063916 0.000000
vt -0.005236 -0.063916 0.000000
vt -0.000000 -0.127833 0.000000
vt -0.005236 -0.127833 0.000000
vt -0.000000 -0.191749 0.000000
vt -0.005236 -0.191749 0.000000
vt -0.000000 -0.255665 0.000000
vt -0.005236 -0.255665 0.000000
vt -0.000000 -0.319581 0.000000
vt -0.005236 -0.319581 0.000000
vt -0.000000 -0.383498 0.000000
vt -0.005236 -0.383498 0.000000
vt -0.000000 -0.447414 0.000000
vt -0.005236 -0.447414 0.000000
vt -0.000000 -0.511330 0.000000
vt -0.005236 -0.511330 0.000000
vt -0.000000 -0.575246 0.000000
vt -0.005236 -0.575246 0.000000
vt -0.000000 -0.639163 0.000000
vt -0.005236 -0.639163 0.000000
vt -0.000000 -0.703079 0.000000
vt -0.005236 -0.703079 0.000000
vt -0.000000 -0.766995 0.000000
vt -0.005236 -0.766995 0.000000
vt -0.000000 0.766995 0.000000
vt -0.005236 0.766995 0.000000
vt -0.000000 0.703079 0.000000
vt -0.005236 0.703079 0.000000
vt -0.000000 0.639163 0.000000
vt -0.005236 0.639163 0.000000
vt -0.000000 0.575246 0.000000
vt -0.005236 0.575246 0.000000
vt -0.000000 0.511330 0.000000
vt -0.005236 0.511330 0.000000
vt -0.000000 0.447414 0.000000
vt -0.005236 0.447414 0.000000
vt -0.000000 0.383498 0.000000
vt -0.005236 0.383498 0.000000
vt -0.000000 0.319581 0.000000
vt -0.005236 0.319581 0.000000
vt -0.000000 0.255665 0.000000
vt -0.005236 0.255665 0.000000
vt -0.000000 0.191749 0.000000
vt -0.005236 0.191749 0.000000
vt -0.000000 0.127833 0.000000
vt -0.005236 0.127833 0.000000
vt -0.031416 -0.063916 0.000000
vt -0.026180 -0.063916 0.000000
vt -0.031416 -0.000000 0.000000
vt -0.026180 -0.000000 0.000000
vt -0.031416 0.063916 0.000000
vt -0.026180 0.063916 0.000000
vt -0.031416 0.127833 0.000000
vt -0.026180 0.127833 0.000000
vt -0.031416 0.191749 0.000000
vt -0.026180 0.191749 0.000000
vt -0.031416 0.255665 0.000000
vt -0.026180 0.255665 0.000000
vt -0.031416 0.319581 0.000000
vt -0.026180 0.319581 0.000000
vt -0.031416 0.383498 0.000000
vt -0.026180 0.383498 0.000000
vt -0.031416 0.447414 0.000000
vt -0.026180 0.447414 0.000000
vt -0.031416 0.511330 0.000000
vt -0.026180 0.511330 0.000000
vt -0.031416 0.575246 0.000000
vt -0.026180 0.575246 0.000000
vt -0.031416 0.639163 0.000000
vt -0.026180 0.639163 0.000000
vt -0.031416 0.703079 0.000000
vt -0.026180 0.703079 0.000000
vt -0.031416 0.766995 0.000000
vt -0.026180 0.766995 0.000000
vt -0.031416 -0.766995 0.000000
vt -0.026180 -0.766995 0.000000
vt -0.031416 -0.703079 0.000000
vt -0.026180 -0.703079 0.000000
vt -0.031416 -0.639163 0.000000
vt -0.026180 -0.639163 0.000000
vt -0.031416 -0.575246 0.000000
vt -0.026180 -0.575246 0.000000
vt -0.031416 -0.511330 0.000000
vt -0.026180 -0.511330 0.000000
vt -0.031416 -0.447414 0.000000
vt -0.026180 -0.447414 0.000000
vt -0.031416 -0.383498 0.000000
vt -0.026180 -0.383498 0.000000
vt -0.031416 -0.319581 0.000000
vt -0.026180 -0.319581 0.000000
vt -0.031416 -0.255665 0.000000
vt -0.026180 -0.255665 0.000000
vt -0.031416 -0.191749 0.000000
vt -0.026180 -0.191749 0.000000
vt -0.031416 -0.127833 0.000000
vt -0.026180 -0.127833 0.000000
vt -0.010472 0.766995 0.000000
vt -0.010472 0.703079 0.000000
vt -0.010472 0.639163 0.000000
vt -0.010472 0.575246 0.000000
vt -0.010472 0.511330 0.000000
vt -0.010472 0.447414 0.000000
vt -0.010472 0.383498 0.000000
vt -0.010472 0.319581 0.000000
vt -0.010472 0.255665 0.000000
vt -0.010472 0.191749 0.000000
vt -0.010472 0.127833 0.000000
vt -0.010472 0.063916 0.000000
vt -0.010472 0.000000 0.000000
vt -0.010472 -0.063916 0.000000
vt -0.010472 -0.127833 0.000000
vt -0.010472 -0.191749 0.000000
vt -0.010472 -0.255665 0.000000
vt -0.010472 -0.319581 0.000000
vt -0.010472 -0.383498 0.000000
vt -0.010472 -0.447414 0.000000
vt -0.010472 -0.511330 0.000000
vt -0.010472 -0.575246 0.000000
vt -0.010472 -0.639163 0.000000
vt -0.010472 -0.703079 0.000000
vt -0.010472 -0.766995 0.000000
vt -0.015708 0.766995 0.000000
vt -0.015708 0.703079 0.000000
vt -0.015708 0.639163 0.000000
vt -0.015708 0.575246 0.000000
vt -0.015708 0.511330 0.000000
vt -0.015708 0.447414 0.000000
vt -0.015708 0.383498 0.000000
vt -0.015708 0.319581 0.000000
vt -0.015708 0.255665 0.000000
vt -0.015708 0.191749 0.000000
vt -0.015708 0.127833 0.000000
vt -0.015708 0.063916 0.000000
vt -0.015708 -0.000000 0.000000
vt -0.015708 -0.063916 0.000000
vt -0.015708 -0.127833 0.000000
vt -0.015708 -0.191749 0.000000
vt -0.015708 -0.255665 0.000000
vt -0.015708 -0.319581 0.000000
vt -0.015708 -0.383498 0.000000
vt -0.015708 -0.447414 0.000000
vt -0.015708 -0.511330 0.000000
vt -0.015708 -0.575246 0.000000
vt -0.015708 -0.639163 0.000000
vt -0.015708 -0.703079 0.000000
vt -0.015708 -0.766995 0.000000
vt -0.020944 0.766995 0.000000
vt -0.020944 0.703079 0.000000
vt -0.020944 0.639163 0.000000
vt -0.020944 0.575246 0.000000
vt -0.020944 0.511330 0.000000
vt -0.020944 0.447414 0.000000
vt -0.020944 0.383498 0.000000
vt -0.020944 0.319581 0.000000
vt -0.020944 0.255665 0.000000
vt -0.020944 0.191749 0.000000
vt -0.020944 0.127833 0.000000
vt -0.020944 0.063916 0.000000
vt -0.020944 -0.000000 0.000000
vt -0.020944 -0.063916 0.000000
vt -0.020944 -0.127833 0.000000
vt -0.020944 -0.191749 0.000000
vt -0.020944 -0.255665 0.000000
vt -0.020944 -0.319581 0.000000
vt -0.020944 -0.383498 0.000000
vt -0.020944 -0.447414 0.000000
vt -0.020944 -0.511330 0.000000
vt -0.020944 -0.575246 0.000000
vt -0.020944 -0.639163 0.000000
vt -0.020944 -0.703079 0.000000
vt -0.020944 -0.766995 0.000000
vt -0.000000 -0.719948 0.000000
vt -0.150000 -0.719948 0.000000
vt -0.000000 -0.785398 0.000000
vt -0.150000 -0.785398 0.000000
vt -0.000000 0.785398 0.000000
vt -0.150000 0.785398 0.000000
vt -0.000000 0.719948 0.000000
vt -0.150000 0.719948 0.000000
vt -0.000000 0.654498 0.000000
vt -0.150000 0.654498 0.000000
vt -0.000000 0.589049 0.000000
vt -0.150000 0.589049 0.000000
vt -0.000000 0.523599 0.000000
vt -0.150000 0.523599 0.000000
vt -0.000000 0.458149 0.000000
vt -0.150000 0.458149 0.000000
vt -0.000000 0.392699 0.000000
vt -0.150000 0.392699 0.000000
vt -0.000000 0.327249 0.000000
vt -0.150000 0.327249 0.000000
vt -0.000000 0.261799 0.000000
vt -0.150000 0.261799 0.000000
vt -0.000000 0.196350 0.000000
vt -0.150000 0.196350 0.000000
vt -0.000000 0.130900 0.000000
vt -0.150000 0.130900 0.000000
vt -0.000000 0.065450 0.000000
vt -0.150000 0.065450 0.000000
vt -0.000000 0.000000 0.000000
vt -0.150000 0.000000 0.000000
vt -0.000000 -0.065450 0.000000
vt -0.150000 -0.065450 0.000000
vt -0.000000 -0.130900 0.000000
vt -0.150000 -0.130900 0.000000
vt -0.000000 -0.196350 0.000000
vt -0.150000 -0.196350 0.000000
vt -0.000000 -0.261799 0.000000
vt -0.150000 -0.261799 0.000000
vt -0.000000 -0.327249 0.000000
vt -0.150000 -0.327249 0.000000
vt -0.000000 -0.392699 0.000000
vt -0.150000 -0.392699 0.000000
vt -0.000000 -0.458149 0.000000
vt -0.150000 -0.458149 0.000000
vt -0.000000 -0.523599 0.000000
vt -0.150000 -0.523599 0.000000
vt -0.000000 -0.589049 0.000000
vt -0.150000 -0.589049 0.000000
vt -0.000000 -0.654498 0.000000
vt -0.150000 -0.654498 0.000000
vt -0.222163 -0.059528 0.000000
vt 0.222163 -0.059528 0.000000
vt -0.230000 0.000000 0.000000
vt 0.230000 0.000000 0.000000
vt -0.222163 0.059528 0.000000
vt 0.222163 0.059528 0.000000
vt -0.199186 0.115000 0.000000
vt 0.199186 0.115000 0.000000
vt -0.162635 0.162635 0.000000
vt 0.162635 0.162635 0.000000
vt -0.115000 0.199186 0.000000
vt 0.115000 0.199186 0.000000
vt -0.059528 0.222163 0.000000
vt 0.059528 0.222163 0.000000
vt 0.000000 0.230000 0.000000
vt 0.199186 -0.115000 0.000000
vt -0.199186 -0.115000 0.000000
vt 0.162635 -0.162635 0.000000
vt -0.162635 -0.162635 0.000000
vt 0.115000 -0.199186 0.000000
vt -0.115000 -0.199186 0.000000
vt 0.059528 -0.222163 0.000000
vt -0.059528 -0.222163 0.000000
vt 0.000000 -0.230000 0.000000
vt -0.000000 0.063916 0.000000
vt -0.005236 0.063916 0.000000
vt -0.000000 0.000000 0.000000
vt -0.005236 0.000000 0.000000
vt -0.000000 -0.063916 0.000000
vt -0.005236 -0.063916 0.000000
vt -0.000000 -0.127833 0.000000
vt -0.005236 -0.127833 0.000000
vt -0.000000 -0.191749 0.000000
vt -0.005236 -0.191749 0.000000
vt -0.000000 -0.255665 0.000000
vt -0.005236 -0.255665 0.000000
vt -0.000000 -0.319581 0.000000
vt -0.005236 -0.319581 0.000000
vt -0.000000 -0.383498 0.000000
vt -0.005236 -0.383498 0.000000
vt -0.000000 -0.447414 0.000000
vt -0.005236 -0.447414 0.000000
vt -0.000000 -0.511330 0.000000
vt -0.005236 -0.511330 0.000000
vt -0.000000 -0.575246 0.000000
vt -0.005236 -0.575246 0.000000
vt -0.000000 -0.639163 0.000000
vt -0.005236 -0.639163 0.000000
vt -0.000000 -0.703079 0.000000
vt -0.005236 -0.703079 0.000000
vt -0.000000 -0.766995 0.000000
vt -0.005236 -0.766995 0.000000
vt -0.000000 0.766995 0.000000
vt -0.005236 0.766995 0.000000
vt -0.000000 0.703079 0.000000
vt -0.005236 0.703079 0.000000
vt -0.000000 0.639163 0.000000
vt -0.005236 0.639163 0.000000
vt -0.000000 0.575246 0.000000
vt -0.005236 0.575246 0.000000
vt -0.000000 0.511330 0.000000
vt -0.005236 0.511330 0.000000
vt -0.000000 0.447414 0.000000
vt -0.005236 0.447414 0.000000
vt -0.000000 0.383498 0.000000
vt -0.005236 0.383498 0.000000
vt -0.000000 0.319581 0.000000
vt -0.005236 0.319581 0.000000
vt -0.000000 0.255665 0.000000
vt -0.005236 0.255665 0.000000
vt -0.000000 0.191749 0.000000
vt -0.005236 0.191749 0.000000
vt -0.000000 0.127833 0.000000
vt -0.005236 0.127833 0.000000
vt -0.031416 -0.063916 0.000000
vt -0.026180 -0.063916 0.000000
vt -0.031416 -0.000000 0.000000
vt -0.026180 -0.000000 0.000000
vt -0.031416 0.063916 0.000000
vt -0.026180 0.063916 0.000000
vt -0.031416 0.127833 0.000000
vt -0.026180 0.127833 0.000000
vt -0.031416 0.191749 0.000000
vt -0.026180 0.191749 0.000000
vt -0.031416 0.255665 0.000000
vt -0.026180 0.255665 0.000000
vt -0.031416 0.319581 0.000000
vt -0.026180 0.319581 0.000000
vt -0.031416 0.383498 0.000000
vt -0.026180 0.383498 0.000000
vt -0.031416 0.447414 0.000000
vt -0.026180 0.447414 0.000000
vt -0.031416 0.511330 0.000000
vt -0.026180 0.511330 0.000000
vt -0.031416 0.575246 0.000000
vt -0.026180 0.575246 0.000000
vt -0.031416 0.639163 0.000000
vt -0.026180 0.639163 0.000000
vt -0.031416 0.703079 0.000000
vt -0.026180 0.703079 0.000000
vt -0.031416 0.766995 0.000000
vt -0.026180 0.766995 0.000000
vt -0.031416 -0.766995 0.000000
vt -0.026180 -0.766995 0.000000
vt -0.031416 -0.703079 0.000000
vt -0.026180 -0.703079 0.000000
vt -0.031416 -0.639163 0.000000
vt -0.026180 -0.639163 0.000000
vt -0.031416 -0.575246 0.000000
vt -0.026180 -0.575246 0.000000
vt -0.031416 -0.511330 0.000000
vt -0.026180 -0.511330 0.000000
vt -0.031416 -0.447414 0.000000
vt -0.026180 -0.447414 0.000000
vt -0.031416 -0.383498 0.000000
vt -0.026180 -0.383498 0.000000
vt -0.031416 -0.319581 0.000000
vt -0.026180 -0.319581 0.000000
vt -0.031416 -0.255665 0.000000
vt -0.026180 -0.255665 0.000000
vt -0.031416 -0.191749 0.000000
vt -0.026180 -0.191749 0.000000
vt -0.031416 -0.127833 0.000000
vt -0.026180 -0.127833 0.000000
vt -0.010472 0.766995 0.000000
vt -0.010472 0.703079 0.000000
vt -0.010472 0.639163 0.000000
vt -0.010472 0.575246 0.000000
vt -0.010472 0.511330 0.000000
vt -0.010472 0.447414 0.000000
vt -0.010472 0.383498 0.000000
vt -0.010472 0.319581 0.000000
vt -0.010472 0.255665 0.000000
vt -0.010472 0.191749 0.000000
vt -0.010472 0.127833 0.000000
vt -0.010472 0.063916 0.000000
vt -0.010472 0.000000 0.000000
vt -0.010472 -0.063916 0.000000
vt -0.010472 -0.127833 0.000000
vt -0.010472 -0.191749 0.000000
vt -0.010472 -0.255665 0.000000
vt -0.010472 -0.319581 0.000000
vt -0.010472 -0.383498 0.000000
vt -0.010472 -0.447414 0.000000
vt -0.010472 -0.511330 0.000000
vt -0.010472 -0.575246 0.000000
vt -0.010472 -0.639163 0.000000
vt -0.010472 -0.703079 0.000000
vt -0.010472 -0.766995 0.000000
vt -0.015708 0.766995 0.000000
vt -0.015708 0.703079 0.000000
vt -0.015708 0.639163 0.000000
vt -0.015708 0.575246 0.000000
vt -0.015708 0.511330 0.000000
vt -0.015708 0.447414 0.000000
vt -0.015708 0.383498 0.000000
vt -0.015708 0.319581 0.000000
vt -0.015708 0.255665 0.000000
vt -0.015708 0.191749 0.000000
vt -0.015708 0.127833 0.000000
vt -0.015708 0.063916 0.000000
vt -0.015708 -0.000000 0.000000
vt -0.015708 -0.063916 0.000000
vt -0.015708 -0.127833 0.000000
vt -0.015708 -0.191749 0.000000
vt -0.015708 -0.255665 0.000000
vt -0.015708 -0.319581 0.000000
vt -0.015708 -0.383498 0.000000
vt -0.015708 -0.447414 0.000000
vt -0.015708 -0.511330 0.000000
vt -0.015708 -0.575246 0.000000
vt -0.015708 -0.639163 0.000000
vt -0.015708 -0.703079 0.000000
vt -0.015708 -0.766995 0.000000
vt -0.020944 0.766995 0.000000
vt -0.020944 0.703079 0.000000
vt -0.020944 0.639163 0.000000
vt -0.020944 0.575246 0.000000
vt -0.020944 0.511330 0.000000
vt -0.020944 0.447414 0.000000
vt -0.020944 0.383498 0.000000
vt -0.020944 0.319581 0.000000
vt -0.020944 0.255665 0.000000
vt -0.020944 0.191749 0.000000
vt -0.020944 0.127833 0.000000
vt -0.020944 0.063916 0.000000
vt -0.020944 -0.000000 0.000000
vt -0.020944 -0.063916 0.000000
vt -0.020944 -0.127833 0.000000
vt -0.020944 -0.191749 0.000000
vt -0.020944 -0.255665 0.000000
vt -0.020944 -0.319581 0.000000
vt -0.020944 -0.383498 0.000000
vt -0.020944 -0.447414 0.000000
vt -0.020944 -0.511330 0.000000
vt -0.020944 -0.575246 0.000000
vt -0.020944 -0.639163 0.000000
vt -0.020944 -0.703079 0.000000
vt -0.020944 -0.766995 0.000000
vt -0.000000 -0.719948 0.000000
vt -0.150000 -0.719948 0.000000
vt -0.000000 -0.785398 0.000000
vt -0.150000 -0.785398 0.000000
vt -0.000000 0.785398 0.000000
vt -0.150000 0.785398 0.000000
vt -0.000000 0.719948 0.000000
vt -0.150000 0.719948 0.000000
vt -0.000000 0.654498 0.000000
vt -0.150000 0.654498 0.000000
vt -0.000000 0.589049 0.000000
vt -0.150000 0.589049 0.000000
vt -0.000000 0.523599 0.000000
vt -0.150000 0.523599 0.000000
vt -0.000000 0.458149 0.000000
vt -0.150000 0.458149 0.000000
vt -0.000000 0.392699 0.000000
vt -0.150000 0.392699 0.000000
vt -0.000000 0.327249 0.000000
vt -0.150000 0.327249 0.000000
vt -0.000000 0.261799 0.000000
vt -0.150000 0.261799 0.000000
vt -0.000000 0.196350 0.000000
vt -0.150000 0.196350 0.000000
vt -0.000000 0.130900 0.000000
vt -0.150000 0.130900 0.000000
vt -0.000000 0.065450 0.000000
vt -0.150000 0.065450 0.000000
vt -0.000000 0.000000 0.000000
vt -0.150000 0.000000 0.000000
vt -0.000000 -0.065450 0.000000
vt -0.150000 -0.065450 0.000000
vt -0.000000 -0.130900 0.000000
vt -0.150000 -0.130900 0.000000
vt -0.000000 -0.196350 0.000000
vt -0.150000 -0.196350 0.000000
vt -0.000000 -0.261799 0.000000
vt -0.150000 -0.261799 0.000000
vt -0.000000 -0.327249 0.000000
vt -0.150000 -0.327249 0.000000
vt -0.000000 -0.392699 0.000000
vt -0.150000 -0.392699 0.000000
vt -0.000000 -0.458149 0.000000
vt -0.150000 -0.458149 0.000000
vt -0.000000 -0.523599 0.000000
vt -0.150000 -0.523599 0.000000
vt -0.000000 -0.589049 0.000000
vt -0.150000 -0.589049 0.000000
vt -0.000000 -0.654498 0.000000
vt -0.150000 -0.654498 0.000000
vt -0.222163 -0.059528 0.000000
vt 0.222163 -0.059528 0.000000
vt -0.230000 0.000000 0.000000
vt 0.230000 0.000000 0.000000
vt -0.222163 0.059528 0.000000
vt 0.222163 0.059528 0.000000
vt -0.199186 0.115000 0.000000
vt 0.199186 0.115000 0.000000
vt -0.162635 0.162635 0.000000
vt 0.162635 0.162635 0.000000
vt -0.115000 0.199186 0.000000
vt 0.115000 0.199186 0.000000
vt -0.059528 0.222163 0.000000
vt 0.059528 0.222163 0.000000
vt 0.000000 0.230000 0.000000
vt 0.199186 -0.115000 0.000000
vt -0.199186 -0.115000 0.000000
vt 0.162635 -0.162635 0.000000
vt -0.162635 -0.162635 0.000000
vt 0.115000 -0.199186 0.000000
vt -0.115000 -0.199186 0.000000
vt 0.059528 -0.222163 0.000000
vt -0.059528 -0.222163 0.000000
vt 0.000000 -0.230000 0.000000
vt -0.000000 0.063916 0.000000
vt -0.005236 0.063916 0.000000
vt -0.000000 0.000000 0.000000
vt -0.005236 0.000000 0.000000
vt -0.000000 -0.063916 0.000000
vt -0.005236 -0.063916 0.000000
vt -0.000000 -0.127833 0.000000
vt -0.005236 -0.127833 0.000000
vt -0.000000 -0.191749 0.000000
vt -0.005236 -0.191749 0.000000
vt -0.000000 -0.255665 0.000000
vt -0.005236 -0.255665 0.000000
vt -0.000000 -0.319581 0.000000
vt -0.005236 -0.319581 0.000000
vt -0.000000 -0.383498 0.000000
vt -0.005236 -0.383498 0.000000
vt -0.000000 -0.447414 0.000000
vt -0.005236 -0.447414 0.000000
vt -0.000000 -0.511330 0.000000
vt -0.005236 -0.511330 0.000000
vt -0.000000 -0.575246 0.000000
vt -0.005236 -0.575246 0.000000
vt -0.000000 -0.639163 0.000000
vt -0.005236 -0.639163 0.000000
vt -0.000000 -0.703079 0.000000
vt -0.005236 -0.703079 0.000000
vt -0.000000 -0.766995 0.000000
vt -0.005236 -0.766995 0.000000
vt -0.000000 0.766995 0.000000
vt -0.005236 0.766995 0.000000
vt -0.000000 0.703079 0.000000
vt -0.005236 0.703079 0.000000
vt -0.000000 0.639163 0.000000
vt -0.005236 0.639163 0.000000
vt -0.000000 0.575246 0.000000
vt -0.005236 0.575246 0.000000
vt -0.000000 0.511330 0.000000
vt -0.005236 0.511330 0.000000
vt -0.000000 0.447414 0.000000
vt -0.005236 0.447414 0.000000
vt -0.000000 0.383498 0.000000
vt -0.005236 0.383498 0.000000
vt -0.000000 0.319581 0.000000
vt -0.005236 0.319581 0.000000
vt -0.000000 0.255665 0.000000
vt -0.005236 0.255665 0.000000
vt -0.000000 0.191749 0.000000
vt -0.005236 0.191749 0.000000
vt -0.000000 0.127833 0.000000
vt -0.005236 0.127833 0.000000
vt -0.031416 -0.063916 0.000000
vt -0.026180 -0.063916 0.000000
vt -0.031416 0.000000 0.000000
vt -0.026180 0.000000 0.000000
vt -0.031416 0.063916 0.000000
vt -0.026180 0.063916 0.000000
vt -0.031416 0.127833 0.000000
vt -0.026180 0.127833 0.000000
vt -0.031416 0.191749 0.000000
vt -0.026180 0.191749 0.000000
vt -0.031416 0.255665 0.000000
vt -0.026180 0.255665 0.000000
vt -0.031416 0.319581 0.000000
vt -0.026180 0.319581 0.000000
vt -0.031416 0.383498 0.000000
vt -0.026180 0.383498 0.000000
vt -0.031416 0.447414 0.000000
vt -0.026180 0.447414 0.000000
vt -0.031416 0.511330 0.000000
vt -0.026180 0.511330 0.000000
vt -0.031416 0.575246 0.000000
vt -0.026180 0.575246 0.000000
vt -0.031416 0.639163 0.000000
vt -0.026180 0.639163 0.000000
vt -0.031416 0.703079 0.000000
vt -0.026180 0.703079 0.000000
vt -0.031416 0.766995 0.000000
vt -0.026180 0.766995 0.000000
vt -0.031416 -0.766995 0.000000
vt -0.026180 -0.766995 0.000000
vt -0.031416 -0.703079 0.000000
vt -0.026180 -0.703079 0.000000
vt -0.031416 -0.639163 0.000000
vt -0.026180 -0.639163 0.000000
vt -0.031416 -0.575246 0.000000
vt -0.026180 -0.575246 0.000000
vt -0.031416 -0.511330 0.000000
vt -0.026180 -0.511330 0.000000
vt -0.031416 -0.447414 0.000000
vt -0.026180 -0.447414 0.000000
vt -0.031416 -0.383498 0.000000
vt -0.026180 -0.383498 0.000000
vt -0.031416 -0.319581 0.000000
vt -0.026180 -0.319581 0.000000
vt -0.031416 -0.255665 0.000000
vt -0.026180 -0.255665 0.000000
vt -0.031416 -0.191749 0.000000
vt -0.026180 -0.191749 0.000000
vt -0.031416 -0.127833 0.000000
vt -0.026180 -0.127833 0.000000
vt -0.010472 0.766995 0.000000
vt -0.010472 0.703079 0.000000
vt -0.010472 0.639163 0.000000
vt -0.010472 0.575246 0.000000
vt -0.010472 0.511330 0.000000
vt -0.010472 0.447414 0.000000
vt -0.010472 0.383498 0.000000
vt -0.010472 0.319581 0.000000
vt -0.010472 0.255665 0.000000
vt -0.010472 0.191749 0.000000
vt -0.010472 0.127833 0.000000
vt -0.010472 0.063916 0.000000
vt -0.010472 0.000000 0.000000
vt -0.010472 -0.063916 0.000000
vt -0.010472 -0.127833 0.000000
vt -0.010472 -0.191749 0.000000
vt -0.010472 -0.255665 0.000000
vt -0.010472 -0.319581 0.000000
vt -0.010472 -0.383498 0.000000
vt -0.010472 -0.447414 0.000000
vt -0.010472 -0.511330 0.000000
vt -0.010472 -0.575246 0.000000
vt -0.010472 -0.639163 0.000000
vt -0.010472 -0.703079 0.000000
vt -0.010472 -0.766995 0.000000
vt -0.015708 0.766995 0.000000
vt -0.015708 0.703079 0.000000
vt -0.015708 0.639163 0.000000
vt -0.015708 0.575246 0.000000
vt -0.015708 0.511330 0.000000
vt -0.015708 0.447414 0.000000
vt -0.015708 0.383498 0.000000
vt -0.015708 0.319581 0.000000
vt -0.015708 0.255665 0.000000
vt -0.015708 0.191749 0.000000
vt -0.015708 0.127833 0.000000
vt -0.015708 0.063916 0.000000
vt -0.015708 0.000000 0.000000
vt -0.015708 -0.063916 0.000000
vt -0.015708 -0.127833 0.000000
vt -0.015708 -0.191749 0.000000
vt -0.015708 -0.255665 0.000000
vt -0.015708 -0.319581 0.000000
vt -0.015708 -0.383498 0.000000
vt -0.015708 -0.447414 0.000000
vt -0.015708 -0.511330 0.000000
vt -0.015708 -0.575246 0.000000
vt -0.015708 -0.639163 0.000000
vt -0.015708 -0.703079 0.000000
vt -0.015708 -0.766995 0.000000
vt -0.020944 0.766995 0.000000
vt -0.020944 0.703079 0.000000
vt -0.020944 0.639163 0.000000
vt -0.020944 0.575246 0.000000
vt -0.020944 0.511330 0.000000
vt -0.020944 0.447414 0.000000
vt -0.020944 0.383498 0.000000
vt -0.020944 0.319581 0.000000
vt -0.020944 0.255665 0.000000
vt -0.020944 0.191749 0.000000
vt -0.020944 0.127833 0.000000
vt -0.020944 0.063916 0.000000
vt -0.020944 0.000000 0.000000
vt -0.020944 -0.063916 0.000000
vt -0.020944 -0.127833 0.000000
vt -0.020944 -0.191749 0.000000
vt -0.020944 -0.255665 0.000000
vt -0.020944 -0.319581 0.000000
vt -0.020944 -0.383498 0.000000
vt -0.020944 -0.447414 0.000000
vt -0.020944 -0.511330 0.000000
vt -0.020944 -0.575246 0.000000
vt -0.020944 -0.639163 0.000000
vt -0.020944 -0.703079 0.000000
vt -0.020944 -0.766995 0.000000
vt -0.000000 -0.719948 0.000000
vt -0.150000 -0.719948 0.000000
vt -0.000000 -0.785398 0.000000
vt -0.150000 -0.785398 0.000000
vt -0.000000 0.785398 0.000000
vt -0.150000 0.785398 0.000000
vt -0.000000 0.719948 0.000000
vt -0.150000 0.719948 0.000000
vt -0.000000 0.654498 0.000000
vt -0.150000 0.654498 0.000000
vt -0.000000 0.589049 0.000000
vt -0.150000 0.589049 0.000000
vt -0.000000 0.523599 0.000000
vt -0.150000 0.523599 0.000000
vt -0.000000 0.458149 0.000000
vt -0.150000 0.458149 0.000000
vt -0.000000 0.392699 0.000000
vt -0.150000 0.392699 0.000000
vt -0.000000 0.327249 0.000000
vt -0.150000 0.327249 0.000000
vt -0.000000 0.261799 0.000000
vt -0.150000 0.261799 0.000000
vt -0.000000 0.196350 0.000000
vt -0.150000 0.196350 0.000000
vt -0.000000 0.130900 0.000000
vt -0.150000 0.130900 0.000000
vt -0.000000 0.065450 0.000000
vt -0.150000 0.065450 0.000000
vt -0.000000 0.000000 0.000000
vt -0.150000 0.000000 0.000000
vt -0.000000 -0.065450 0.000000
vt -0.150000 -0.065450 0.000000
vt -0.000000 -0.130900 0.000000
vt -0.150000 -0.130900 0.000000
vt -0.000000 -0.196350 0.000000
vt -0.150000 -0.196350 0.000000
vt -0.000000 -0.261799 0.000000
vt -0.150000 -0.261799 0.000000
vt -0.000000 -0.327249 0.000000
vt -0.150000 -0.327249 0.000000
vt -0.000000 -0.392699 0.000000
vt -0.150000 -0.392699 0.000000
vt -0.000000 -0.458149 0.000000
vt -0.150000 -0.458149 0.000000
vt -0.000000 -0.523599 0.000000
vt -0.150000 -0.523599 0.000000
vt -0.000000 -0.589049 0.000000
vt -0.150000 -0.589049 0.000000
vt -0.000000 -0.654498 0.000000
vt -0.150000 -0.654498 0.000000
vt -0.222163 -0.059528 0.000000
vt 0.222163 -0.059528 0.000000
vt -0.230000 0.000000 0.000000
vt 0.230000 0.000000 0.000000
vt -0.222163 0.059528 0.000000
vt 0.222163 0.059528 0.000000
vt -0.199186 0.115000 0.000000
vt 0.199186 0.115000 0.000000
vt -0.162635 0.162635 0.000000
vt 0.162635 0.162635 0.000000
vt -0.115000 0.199186 0.000000
vt 0.115000 0.199186 0.000000
vt -0.059528 0.222163 0.000000
vt 0.059528 0.222163 0.000000
vt 0.000000 0.230000 0.000000
vt 0.199186 -0.115000 0.000000
vt -0.199186 -0.115000 0.000000
vt 0.162635 -0.162635 0.000000
vt -0.162635 -0.162635 0.000000
vt 0.115000 -0.199186 0.000000
vt -0.115000 -0.199186 0.000000
vt 0.059528 -0.222163 0.000000
vt -0.059528 -0.222163 0.000000
vt 0.000000 -0.230000 0.000000
vt -0.000000 0.063916 0.000000
vt -0.005236 0.063916 0.000000
vt -0.000000 0.000000 0.000000
vt -0.005236 0.000000 0.000000
vt -0.000000 -0.063916 0.000000
vt -0.005236 -0.063916 0.000000
vt -0.000000 -0.127833 0.000000
vt -0.005236 -0.127833 0.000000
vt -0.000000 -0.191749 0.000000
vt -0.005236 -0.191749 0.000000
vt -0.000000 -0.255665 0.000000
vt -0.005236 -0.255665 0.000000
vt -0.000000 -0.319581 0.000000
vt -0.005236 -0.319581 0.000000
vt -0.000000 -0.383498 0.000000
vt -0.005236 -0.383498 0.000000
vt -0.000000 -0.447414 0.000000
vt -0.005236 -0.447414 0.000000
vt -0.000000 -0.511330 0.000000
vt -0.005236 -0.511330 0.000000
vt -0.000000 -0.575246 0.000000
vt -0.005236 -0.575246 0.000000
vt -0.000000 -0.639163 0.000000
vt -0.005236 -0.639163 0.000000
vt -0.000000 -0.703079 0.000000
vt -0.005236 -0.703079 0.000000
vt -0.000000 -0.766995 0.000000
vt -0.005236 -0.766995 0.000000
vt -0.000000 0.766995 0.000000
vt -0.005236 0.766995 0.000000
vt -0.000000 0.703079 0.000000
vt -0.005236 0.703079 0.000000
vt -0.000000 0.639163 0.000000
vt -0.005236 0.639163 0.000000
vt -0.000000 0.575246 0.000000
vt -0.005236 0.575246 0.000000
vt -0.000000 0.511330 0.000000
vt -0.005236 0.511330 0.000000
vt -0.000000 0.447414 0.000000
vt -0.005236 0.447414 0.000000
vt -0.000000 0.383498 0.000000
vt -0.005236 0.383498 0.000000
vt -0.000000 0.319581 0.000000
vt -0.005236 0.319581 0.000000
vt -0.000000 0.255665 0.000000
vt -0.005236 0.255665 0.000000
vt -0.000000 0.191749 0.000000
vt -0.005236 0.191749 0.000000
vt -0.000000 0.127833 0.000000
vt -0.005236 0.127833 0.000000
vt -0.031416 -0.063916 0.000000
vt -0.026180 -0.063916 0.000000
vt -0.031416 0.000000 0.000000
vt -0.026180 0.000000 0.000000
vt -0.031416 0.063916 0.000000
vt -0.026180 0.063916 0.000000
vt -0.031416 0.127833 0.000000
vt -0.026180 0.127833 0.000000
vt -0.031416 0.191749 0.000000
vt -0.026180 0.191749 0.000000
vt -0.031416 0.255665 0.000000
vt -0.026180 0.255665 0.000000
vt -0.031416 0.319581 0.000000
vt -0.026180 0.319581 0.000000
vt -0.031416 0.383498 0.000000
vt -0.026180 0.383498 0.000000
vt -0.031416 0.447414 0.000000
vt -0.026180 0.447414 0.000000
vt -0.031416 0.511330 0.000000
vt -0.026180 0.511330 0.000000
vt -0.031416 0.575246 0.000000
vt -0.026180 0.575246 0.000000
vt -0.031416 0.639163 0.000000
vt -0.026180 0.639163 0.000000
vt -0.031416 0.703079 0.000000
vt -0.026180 0.703079 0.000000
vt -0.031416 0.766995 0.000000
vt -0.026180 0.766995 0.000000
vt -0.031416 -0.766995 0.000000
vt -0.026180 -0.766995 0.000000
vt -0.031416 -0.703079 0.000000
vt -0.026180 -0.703079 0.000000
vt -0.031416 -0.639163 0.000000
vt -0.026180 -0.639163 0.000000
vt -0.031416 -0.575246 0.000000
vt -0.026180 -0.575246 0.000000
vt -0.031416 -0.511330 0.000000
vt -0.026180 -0.511330 0.000000
vt -0.031416 -0.447414 0.000000
vt -0.026180 -0.447414 0.000000
vt -0.031416 -0.383498 0.000000
vt -0.026180 -0.383498 0.000000
vt -0.031416 -0.319581 0.000000
vt -0.026180 -0.319581 0.000000
vt -0.031416 -0.255665 0.000000
vt -0.026180 -0.255665 0.000000
vt -0.031416 -0.191749 0.000000
vt -0.026180 -0.191749 0.000000
vt -0.031416 -0.127833 0.000000
vt -0.026180 -0.127833 0.000000
vt -0.010472 0.766995 0.000000
vt -0.010472 0.703079 0.000000
vt -0.010472 0.639163 0.000000
vt -0.010472 0.575246 0.000000
vt -0.010472 0.511330 0.000000
vt -0.010472 0.447414 0.000000
vt -0.010472 0.383498 0.000000
vt -0.010472 0.319581 0.000000
vt -0.010472 0.255665 0.000000
vt -0.010472 0.191749 0.000000
vt -0.010472 0.127833 0.000000
vt -0.010472 0.063916 0.000000
vt -0.010472 0.000000 0.000000
vt -0.010472 -0.063916 0.000000
vt -0.010472 -0.127833 0.000000
vt -0.010472 -0.191749 0.000000
vt -0.010472 -0.255665 0.000000
vt -0.010472 -0.319581 0.000000
vt -0.010472 -0.383498 0.000000
vt -0.010472 -0.447414 0.000000
vt -0.010472 -0.511330 0.000000
vt -0.010472 -0.575246 0.000000
vt -0.010472 -0.639163 0.000000
vt -0.010472 -0.703079 0.000000
vt -0.010472 -0.766995 0.000000
vt -0.015708 0.766995 0.000000
vt -0.015708 0.703079 0.000000
vt -0.015708 0.639163 0.000000
vt -0.015708 0.575246 0.000000
vt -0.015708 0.511330 0.000000
vt -0.015708 0.447414 0.000000
vt -0.015708 0.383498 0.000000
vt -0.015708 0.319581 0.000000
vt -0.015708 0.255665 0.000000
vt -0.015708 0.191749 0.000000
vt -0.015708 0.127833 0.000000
vt -0.015708 0.063916 0.000000
vt -0.015708 0.000000 0.000000
vt -0.015708 -0.063916 0.000000
vt -0.015708 -0.127833 0.000000
vt -0.015708 -0.191749 0.000000
vt -0.015708 -0.255665 0.000000
vt -0.015708 -0.319581 0.000000
vt -0.015708 -0.383498 0.000000
vt -0.015708 -0.447414 0.000000
vt -0.015708 -0.511330 0.000000
vt -0.015708 -0.575246 0.000000
vt -0.015708 -0.639163 0.000000
vt -0.015708 -0.703079 0.000000
vt -0.015708 -0.766995 0.000000
vt -0.020944 0.766995 0.000000
vt -0.020944 0.703079 0.000000
vt -0.020944 0.639163 0.000000
vt -0.020944 0.575246 0.000000
vt -0.020944 0.511330 0.000000
vt -0.020944 0.447414 0.000000
vt -0.020944 0.383498 0.000000
vt -0.020944 0.319581 0.000000
vt -0.020944 0.255665 0.000000
vt -0.020944 0.191749 0.000000
vt -0.020944 0.127833 0.000000
vt -0.020944 0.063916 0.000000
vt -0.020944 0.000000 0.000000
vt -0.020944 -0.063916 0.000000
vt -0.020944 -0.127833 0.000000
vt -0.020944 -0.191749 0.000000
vt -0.020944 -0.255665 0.000000
vt -0.020944 -0.319581 0.000000
vt -0.020944 -0.383498 0.000000
vt -0.020944 -0.447414 0.000000
vt -0.020944 -0.511330 0.000000
vt -0.020944 -0.575246 0.000000
vt -0.020944 -0.639163 0.000000
vt -0.020944 -0.703079 0.000000
vt -0.020944 -0.766995 0.000000
vt -0.000000 -0.719948 0.000000
vt -0.150000 -0.719948 0.000000
vt -0.000000 -0.785398 0.000000
vt -0.150000 -0.785398 0.000000
vt -0.000000 0.785398 0.000000
vt -0.150000 0.785398 0.000000
vt -0.000000 0.719948 0.000000
vt -0.150000 0.719948 0.000000
vt -0.000000 0.654498 0.000000
vt -0.150000 0.654498 0.000000
vt -0.000000 0.589049 0.000000
vt -0.150000 0.589049 0.000000
vt -0.000000 0.523599 0.000000
vt -0.150000 0.523599 0.000000
vt -0.000000 0.458149 0.000000
vt -0.150000 0.458149 0.000000
vt -0.000000 0.392699 0.000000
vt -0.150000 0.392699 0.000000
vt -0.000000 0.327249 0.000000
vt -0.150000 0.327249 0.000000
vt -0.000000 0.261799 0.000000
vt -0.150000 0.261799 0.000000
vt -0.000000 0.196350 0.000000
vt -0.150000 0.196350 0.000000
vt -0.000000 0.130900 0.000000
vt -0.150000 0.130900 0.000000
vt -0.000000 0.065450 0.000000
vt -0.150000 0.065450 0.000000
vt -0.000000 0.000000 0.000000
vt -0.150000 0.000000 0.000000
vt -0.000000 -0.065450 0.000000
vt -0.150000 -0.065450 0.000000
vt -0.000000 -0.130900 0.000000
vt -0.150000 -0.130900 0.000000
vt -0.000000 -0.196350 0.000000
vt -0.150000 -0.196350 0.000000
vt -0.000000 -0.261799 0.000000
vt -0.150000 -0.261799 0.000000
vt -0.000000 -0.327249 0.000000
vt -0.150000 -0.327249 0.000000
vt -0.000000 -0.392699 0.000000
vt -0.150000 -0.392699 0.000000
vt -0.000000 -0.458149 0.000000
vt -0.150000 -0.458149 0.000000
vt -0.000000 -0.523599 0.000000
vt -0.150000 -0.523599 0.000000
vt -0.000000 -0.589049 0.000000
vt -0.150000 -0.589049 0.000000
vt -0.000000 -0.654498 0.000000
vt -0.150000 -0.654498 0.000000
vt -0.222163 -0.059528 0.000000
vt 0.222163 -0.059528 0.000000
vt -0.230000 0.000000 0.000000
vt 0.230000 0.000000 0.000000
vt -0.222163 0.059528 0.000000
vt 0.222163 0.059528 0.000000
vt -0.199186 0.115000 0.000000
vt 0.199186 0.115000 0.000000
vt -0.162635 0.162635 0.000000
vt 0.162635 0.162635 0.000000
vt -0.115000 0.199186 0.000000
vt 0.115000 0.199186 0.000000
vt -0.059528 0.222163 0.000000
vt 0.059528 0.222163 0.000000
vt 0.000000 0.230000 0.000000
vt 0.199186 -0.115000 0.000000
vt -0.199186 -0.115000 0.000000
vt 0.162635 -0.162635 0.000000
vt -0.162635 -0.162635 0.000000
vt 0.115000 -0.199186 0.000000
vt -0.115000 -0.199186 0.000000
vt 0.059528 -0.222163 0.000000
vt -0.059528 -0.222163 0.000000
vt 0.000000 -0.230000 0.000000
vt -0.000000 0.063916 0.000000
vt -0.005236 0.063916 0.000000
vt -0.000000 0.000000 0.000000
vt -0.005236 0.000000 0.000000
vt -0.000000 -0.063916 0.000000
vt -0.005236 -0.063916 0.000000
vt -0.000000 -0.127833 0.000000
vt -0.005236 -0.127833 0.000000
vt -0.000000 -0.191749 0.000000
vt -0.005236 -0.191749 0.000000
vt -0.000000 -0.255665 0.000000
vt -0.005236 -0.255665 0.000000
vt -0.000000 -0.319581 0.000000
vt -0.005236 -0.319581 0.000000
vt -0.000000 -0.383498 0.000000
vt -0.005236 -0.383498 0.000000
vt -0.000000 -0.447414 0.000000
vt -0.005236 -0.447414 0.000000
vt -0.000000 -0.511330 0.000000
vt -0.005236 -0.511330 0.000000
vt -0.000000 -0.575246 0.000000
vt -0.005236 -0.575246 0.000000
vt -0.000000 -0.639163 0.000000
vt -0.005236 -0.639163 0.000000
vt -0.000000 -0.703079 0.000000
vt -0.005236 -0.703079 0.000000
vt -0.000000 -0.766995 0.000000
vt -0.005236 -0.766995 0.000000
vt -0.000000 0.766995 0.000000
vt -0.005236 0.766995 0.000000
vt -0.000000 0.703079 0.000000
vt -0.005236 0.703079 0.000000
vt -0.000000 0.639163 0.000000
vt -0.005236 0.639163 0.000000
vt -0.000000 0.575246 0.000000
vt -0.005236 0.575246 0.000000
vt -0.000000 0.511330 0.000000
vt -0.005236 0.511330 0.000000
vt -0.000000 0.447414 0.000000
vt -0.005236 0.447414 0.000000
vt -0.000000 0.383498 0.000000
vt -0.005236 0.383498 0.000000
vt -0.000000 0.319581 0.000000
vt -0.005236 0.319581 0.000000
vt -0.000000 0.255665 0.000000
vt -0.005236 0.255665 0.000000
vt -0.000000 0.191749 0.000000
vt -0.005236 0.191749 0.000000
vt -0.000000 0.127833 0.000000
vt -0.005236 0.127833 0.000000
vt -0.031416 -0.063916 0.000000
vt -0.026180 -0.063916 0.000000
vt -0.031416 0.000000 0.000000
vt -0.026180 0.000000 0.000000
vt -0.031416 0.063916 0.000000
vt -0.026180 0.063916 0.000000
vt -0.031416 0.127833 0.000000
vt -0.026180 0.127833 0.000000
vt -0.031416 0.191749 0.000000
vt -0.026180 0.191749 0.000000
vt -0.031416 0.255665 0.000000
vt -0.026180 0.255665 0.000000
vt -0.031416 0.319581 0.000000
vt -0.026180 0.319581 0.000000
vt -0.031416 0.383498 0.000000
vt -0.026180 0.383498 0.000000
vt -0.031416 0.447414 0.000000
vt -0.026180 0.447414 0.000000
vt -0.031416 0.511330 0.000000
vt -0.026180 0.511330 0.000000
vt -0.031416 0.575246 0.000000
vt -0.026180 0.575246 0.000000
vt -0.031416 0.639163 0.000000
vt -0.026180 0.639163 0.000000
vt -0.031416 0.703079 0.000000
vt -0.026180 0.703079 0.000000
vt -0.031416 0.766995 0.000000
vt -0.026180 0.766995 0.000000
vt -0.031416 -0.766995 0.000000
vt -0.026180 -0.766995 0.000000
vt -0.031416 -0.703079 0.000000
vt -0.026180 -0.703079 0.000000
vt -0.031416 -0.639163 0.000000
vt -0.026180 -0.639163 0.000000
vt -0.031416 -0.575246 0.000000
vt -0.026180 -0.575246 0.000000
vt -0.031416 -0.511330 0.000000
vt -0.026180 -0.511330 0.000000
vt -0.031416 -0.447414 0.000000
vt -0.026180 -0.447414 0.000000
vt -0.031416 -0.383498 0.000000
vt -0.026180 -0.383498 0.000000
vt -0.031416 -0.319581 0.000000
vt -0.026180 -0.319581 0.000000
vt -0.031416 -0.255665 0.000000
vt -0.026180 -0.255665 0.000000
vt -0.031416 -0.191749 0.000000
vt -0.026180 -0.191749 0.000000
vt -0.031416 -0.127833 0.000000
vt -0.026180 -0.127833 0.000000
vt -0.010472 0.766995 0.000000
vt -0.010472 0.703079 0.000000
vt -0.010472 0.639163 0.000000
vt -0.010472 0.575246 0.000000
vt -0.010472 0.511330 0.000000
vt -0.010472 0.447414 0.000000
vt -0.010472 0.383498 0.000000
vt -0.010472 0.319581 0.000000
vt -0.010472 0.255665 0.000000
vt -0.010472 0.191749 0.000000
vt -0.010472 0.127833 0.000000
vt -0.010472 0.063916 0.000000
vt -0.010472 0.000000 0.000000
vt -0.010472 -0.063916 0.000000
vt -0.010472 -0.127833 0.000000
vt -0.010472 -0.191749 0.000000
vt -0.010472 -0.255665 0.000000
vt -0.010472 -0.319581 0.000000
vt -0.010472 -0.383498 0.000000
vt -0.010472 -0.447414 0.000000
vt -0.010472 -0.511330 0.000000
vt -0.010472 -0.575246 0.000000
vt -0.010472 -0.639163 0.000000
vt -0.010472 -0.703079 0.000000
vt -0.010472 -0.766995 0.000000
vt -0.015708 0.766995 0.000000
vt -0.015708 0.703079 0.000000
vt -0.015708 0.639163 0.000000
vt -0.015708 0.575246 0.000000
vt -0.015708 0.511330 0.000000
vt -0.015708 0.447414 0.000000
vt -0.015708 0.383498 0.000000
vt -0.015708 0.319581 0.000000
vt -0.015708 0.255665 0.000000
vt -0.015708 0.191749 0.000000
vt -0.015708 0.127833 0.000000
vt -0.015708 0.063916 0.000000
vt -0.015708 0.000000 0.000000
vt -0.015708 -0.063916 0.000000
vt -0.015708 -0.127833 0.000000
vt -0.015708 -0.191749 0.000000
vt -0.015708 -0.255665 0.000000
vt -0.015708 -0.319581 0.000000
vt -0.015708 -0.383498 0.000000
vt -0.015708 -0.447414 0.000000
vt -0.015708 -0.511330 0.000000
vt -0.015708 -0.575246 0.000000
vt -0.015708 -0.639163 0.000000
vt -0.015708 -0.703079 0.000000
vt -0.015708 -0.766995 0.000000
vt -0.020944 0.766995 0.000000
vt -0.020944 0.703079 0.000000
vt -0.020944 0.639163 0.000000
vt -0.020944 0.575246 0.000000
vt -0.020944 0.511330 0.000000
vt -0.020944 0.447414 0.000000
vt -0.020944 0.383498 0.000000
vt -0.020944 0.319581 0.000000
vt -0.020944 0.255665 0.000000
vt -0.020944 0.191749 0.000000
vt -0.020944 0.127833 0.000000
vt -0.020944 0.063916 0.000000
vt -0.020944 0.000000 0.000000
vt -0.020944 -0.063916 0.000000
vt -0.020944 -0.127833 0.000000
vt -0.020944 -0.191749 0.000000
vt -0.020944 -0.255665 0.000000
vt -0.020944 -0.319581 0.000000
vt -0.020944 -0.383498 0.000000
vt -0.020944 -0.447414 0.000000
vt -0.020944 -0.511330 0.000000
vt -0.020944 -0.575246 0.000000
vt -0.020944 -0.639163 0.000000
vt -0.020944 -0.703079 0.000000
vt -0.020944 -0.766995 0.000000
vt -0.000000 -0.719948 0.000000
vt -0.150000 -0.719948 0.000000
vt -0.000000 -0.785398 0.000000
vt -0.150000 -0.785398 0.000000
vt -0.000000 0.785398 0.000000
vt -0.150000 0.785398 0.000000
vt -0.000000 0.719948 0.000000
vt -0.150000 0.719948 0.000000
vt -0.000000 0.654498 0.000000
vt -0.150000 0.654498 0.000000
vt -0.000000 0.589049 0.000000
vt -0.150000 0.589049 0.000000
vt -0.000000 0.523599 0.000000
vt -0.150000 0.523599 0.000000
vt -0.000000 0.458149 0.000000
vt -0.150000 0.458149 0.000000
vt -0.000000 0.392699 0.000000
vt -0.150000 0.392699 0.000000
vt -0.000000 0.327249 0.000000
vt -0.150000 0.327249 0.000000
vt -0.000000 0.261799 0.000000
vt -0.150000 0.261799 0.000000
vt -0.000000 0.196350 0.000000
vt -0.150000 0.196350 0.000000
vt -0.000000 0.130900 0.000000
vt -0.150000 0.130900 0.000000
vt -0.000000 0.065450 0.000000
vt -0.150000 0.065450 0.000000
vt -0.000000 0.000000 0.000000
vt -0.150000 0.000000 0.000000
vt -0.000000 -0.065450 0.000000
vt -0.150000 -0.065450 0.000000
vt -0.000000 -0.130900 0.000000
vt -0.150000 -0.130900 0.000000
vt -0.000000 -0.196350 0.000000
vt -0.150000 -0.196350 0.000000
vt -0.000000 -0.261799 0.000000
vt -0.150000 -0.261799 0.000000
vt -0.000000 -0.327249 0.000000
vt -0.150000 -0.327249 0.000000
vt -0.000000 -0.392699 0.000000
vt -0.150000 -0.392699 0.000000
vt -0.000000 -0.458149 0.000000
vt -0.150000 -0.458149 0.000000
vt -0.000000 -0.523599 0.000000
vt -0.150000 -0.523599 0.000000
vt -0.000000 -0.589049 0.000000
vt -0.150000 -0.589049 0.000000
vt -0.000000 -0.654498 0.000000
vt -0.150000 -0.654498 0.000000
vt -0.222163 -0.059528 0.000000
vt 0.222163 -0.059528 0.000000
vt -0.230000 0.000000 0.000000
vt 0.230000 0.000000 0.000000
vt -0.222163 0.059528 0.000000
vt 0.222163 0.059528 0.000000
vt -0.199186 0.115000 0.000000
vt 0.199186 0.115000 0.000000
vt -0.162635 0.162635 0.000000
vt 0.162635 0.162635 0.000000
vt -0.115000 0.199186 0.000000
vt 0.115000 0.199186 0.000000
vt -0.059528 0.222163 0.000000
vt 0.059528 0.222163 0.000000
vt 0.000000 0.230000 0.000000
vt 0.199186 -0.115000 0.000000
vt -0.199186 -0.115000 0.000000
vt 0.162635 -0.162635 0.000000
vt -0.162635 -0.162635 0.000000
vt 0.115000 -0.199186 0.000000
vt -0.115000 -0.199186 0.000000
vt 0.059528 -0.222163 0.000000
vt -0.059528 -0.222163 0.000000
vt 0.000000 -0.230000 0.000000
vt -0.000000 0.063916 0.000000
vt -0.005236 0.063916 0.000000
vt -0.000000 0.000000 0.000000
vt -0.005236 0.000000 0.000000
vt -0.000000 -0.063916 0.000000
vt -0.005236 -0.063916 0.000000
vt -0.000000 -0.127833 0.000000
vt -0.005236 -0.127833 0.000000
vt -0.000000 -0.191749 0.000000
vt -0.005236 -0.191749 0.000000
vt -0.000000 -0.255665 0.000000
vt -0.005236 -0.255665 0.000000
vt -0.000000 -0.319581 0.000000
vt -0.005236 -0.319581 0.000000
vt -0.000000 -0.383498 0.000000
vt -0.005236 -0.383498 0.000000
vt -0.000000 -0.447414 0.000000
vt -0.005236 -0.447414 0.000000
vt -0.000000 -0.511330 0.000000
vt -0.005236 -0.511330 0.000000
vt -0.000000 -0.575246 0.000000
vt -0.005236 -0.575246 0.000000
vt -0.000000 -0.639163 0.000000
vt -0.005236 -0.639163 0.000000
vt -0.000000 -0.703079 0.000000
vt -0.005236 -0.703079 0.000000
vt -0.000000 -0.766995 0.000000
vt -0.005236 -0.766995 0.000000
vt -0.000000 0.766995 0.000000
vt -0.005236 0.766995 0.000000
vt -0.000000 0.703079 0.000000
vt -0.005236 0.703079 0.000000
vt -0.000000 0.639163 0.000000
vt -0.005236 0.639163 0.000000
vt -0.000000 0.575246 0.000000
vt -0.005236 0.575246 0.000000
vt -0.000000 0.511330 0.000000
vt -0.005236 0.511330 0.000000
vt -0.000000 0.447414 0.000000
vt -0.005236 0.447414 0.000000
vt -0.000000 0.383498 0.000000
vt -0.005236 0.383498 0.000000
vt -0.000000 0.319581 0.000000
vt -0.005236 0.319581 0.000000
vt -0.000000 0.255665 0.000000
vt -0.005236 0.255665 0.000000
vt -0.000000 0.191749 0.000000
vt -0.005236 0.191749 0.000000
vt -0.000000 0.127833 0.000000
vt -0.005236 0.127833 0.000000
vt -0.031416 -0.063916 0.000000
vt -0.026180 -0.063916 0.000000
vt -0.031416 0.000000 0.000000
vt -0.026180 0.000000 0.000000
vt -0.031416 0.063916 0.000000
vt -0.026180 0.063916 0.000000
vt -0.031416 0.127833 0.000000
vt -0.026180 0.127833 0.000000
vt -0.031416 0.191749 0.000000
vt -0.026180 0.191749 0.000000
vt -0.031416 0.255665 0.000000
vt -0.026180 0.255665 0.000000
vt -0.031416 0.319581 0.000000
vt -0.026180 0.319581 0.000000
vt -0.031416 0.383498 0.000000
vt -0.026180 0.383498 0.000000
vt -0.031416 0.447414 0.000000
vt -0.026180 0.447414 0.000000
vt -0.031416 0.511330 0.000000
vt -0.026180 0.511330 0.000000
vt -0.031416 0.575246 0.000000
vt -0.026180 0.575246 0.000000
vt -0.031416 0.639163 0.000000
vt -0.026180 0.639163 0.000000
vt -0.031416 0.703079 0.000000
vt -0.026180 0.703079 0.000000
vt -0.031416 0.766995 0.000000
vt -0.026180 0.766995 0.000000
vt -0.031416 -0.766995 0.000000
vt -0.026180 -0.766995 0.000000
vt -0.031416 -0.703079 0.000000
vt -0.026180 -0.703079 0.000000
vt -0.031416 -0.639163 0.000000
vt -0.026180 -0.639163 0.000000
vt -0.031416 -0.575246 0.000000
vt -0.026180 -0.575246 0.000000
vt -0.031416 -0.511330 0.000000
vt -0.026180 -0.511330 0.000000
vt -0.031416 -0.447414 0.000000
vt -0.026180 -0.447414 0.000000
vt -0.031416 -0.383498 0.000000
vt -0.026180 -0.383498 0.000000
vt -0.031416 -0.319581 0.000000
vt -0.026180 -0.319581 0.000000
vt -0.031416 -0.255665 0.000000
vt -0.026180 -0.255665 0.000000
vt -0.031416 -0.191749 0.000000
vt -0.026180 -0.191749 0.000000
vt -0.031416 -0.127833 0.000000
vt -0.026180 -0.127833 0.000000
vt -0.010472 0.766995 0.000000
vt -0.010472 0.703079 0.000000
vt -0.010472 0.639163 0.000000
vt -0.010472 0.575246 0.000000
vt -0.010472 0.511330 0.000000
vt -0.010472 0.447414 0.000000
vt -0.010472 0.383498 0.000000
vt -0.010472 0.319581 0.000000
vt -0.010472 0.255665 0.000000
vt -0.010472 0.191749 0.000000
vt -0.010472 0.127833 0.000000
vt -0.010472 0.063916 0.000000
vt -0.010472 0.000000 0.000000
vt -0.010472 -0.063916 0.000000
vt -0.010472 -0.127833 0.000000
vt -0.010472 -0.191749 0.000000
vt -0.010472 -0.255665 0.000000
vt -0.010472 -0.319581 0.000000
vt -0.010472 -0.383498 0.000000
vt -0.010472 -0.447414 0.000000
vt -0.010472 -0.511330 0.000000
vt -0.010472 -0.575246 0.000000
vt -0.010472 -0.639163 0.000000
vt -0.010472 -0.703079 0.000000
vt -0.010472 -0.766995 0.000000
vt -0.015708 0.766995 0.000000
vt -0.015708 0.703079 0.000000
vt -0.015708 0.639163 0.000000
vt -0.015708 0.575246 0.000000
vt -0.015708 0.511330 0.000000
vt -0.015708 0.447414 0.000000
vt -0.015708 0.383498 0.000000
vt -0.015708 0.319581 0.000000
vt -0.015708 0.255665 0.000000
vt -0.015708 0.191749 0.000000
vt -0.015708 0.127833 0.000000
vt -0.015708 0.063916 0.000000
vt -0.015708 0.000000 0.000000
vt -0.015708 -0.063916 0.000000
vt -0.015708 -0.127833 0.000000
vt -0.015708 -0.191749 0.000000
vt -0.015708 -0.255665 0.000000
vt -0.015708 -0.319581 0.000000
vt -0.015708 -0.383498 0.000000
vt -0.015708 -0.447414 0.000000
vt -0.015708 -0.511330 0.000000
vt -0.015708 -0.575246 0.000000
vt -0.015708 -0.639163 0.000000
vt -0.015708 -0.703079 0.000000
vt -0.015708 -0.766995 0.000000
vt -0.020944 0.766995 0.000000
vt -0.020944 0.703079 0.000000
vt -0.020944 0.639163 0.000000
vt -0.020944 0.575246 0.000000
vt -0.020944 0.511330 0.000000
vt -0.020944 0.447414 0.000000
vt -0.020944 0.383498 0.000000
vt -0.020944 0.319581 0.000000
vt -0.020944 0.255665 0.000000
vt -0.020944 0.191749 0.000000
vt -0.020944 0.127833 0.000000
vt -0.020944 0.063916 0.000000
vt -0.020944 0.000000 0.000000
vt -0.020944 -0.063916 0.000000
vt -0.020944 -0.127833 0.000000
vt -0.020944 -0.191749 0.000000
vt -0.020944 -0.255665 0.000000
vt -0.020944 -0.319581 0.000000
vt -0.020944 -0.383498 0.000000
vt -0.020944 -0.447414 0.000000
vt -0.020944 -0.511330 0.000000
vt -0.020944 -0.575246 0.000000
vt -0.020944 -0.639163 0.000000
vt -0.020944 -0.703079 0.000000
vt -0.020944 -0.766995 0.000000
vt -0.000000 -0.719948 0.000000
vt -0.150000 -0.719948 0.000000
vt -0.000000 -0.785398 0.000000
vt -0.150000 -0.785398 0.000000
vt -0.000000 0.785398 0.000000
vt -0.150000 0.785398 0.000000
vt -0.000000 0.719948 0.000000
vt -0.150000 0.719948 0.000000
vt -0.000000 0.654498 0.000000
vt -0.150000 0.654498 0.000000
vt -0.000000 0.589049 0.000000
vt -0.150000 0.589049 0.000000
vt -0.000000 0.523599 0.000000
vt -0.150000 0.523599 0.000000
vt -0.000000 0.458149 0.000000
vt -0.150000 0.458149 0.000000
vt -0.000000 0.392699 0.000000
vt -0.150000 0.392699 0.000000
vt -0.000000 0.327249 0.000000
vt -0.150000 0.327249 0.000000
vt -0.000000 0.261799 0.000000
vt -0.150000 0.261799 0.000000
vt -0.000000 0.196350 0.000000
vt -0.150000 0.196350 0.000000
vt -0.000000 0.130900 0.000000
vt -0.150000 0.130900 0.000000
vt -0.000000 0.065450 0.000000
vt -0.150000 0.065450 0.000000
vt -0.000000 0.000000 0.000000
vt -0.150000 0.000000 0.000000
vt -0.000000 -0.065450 0.000000
vt -0.150000 -0.065450 0.000000
vt -0.000000 -0.130900 0.000000
vt -0.150000 -0.130900 0.000000
vt -0.000000 -0.196350 0.000000
vt -0.150000 -0.196350 0.000000
vt -0.000000 -0.261799 0.000000
vt -0.150000 -0.261799 0.000000
vt -0.000000 -0.327249 0.000000
vt -0.150000 -0.327249 0.000000
vt -0.000000 -0.392699 0.000000
vt -0.150000 -0.392699 0.000000
vt -0.000000 -0.458149 0.000000
vt -0.150000 -0.458149 0.000000
vt -0.000000 -0.523599 0.000000
vt -0.150000 -0.523599 0.000000
vt -0.000000 -0.589049 0.000000
vt -0.150000 -0.589049 0.000000
vt -0.000000 -0.654498 0.000000
vt -0.150000 -0.654498 0.000000
vt -0.222163 -0.059528 0.000000
vt 0.222163 -0.059528 0.000000
vt -0.230000 0.000000 0.000000
vt 0.230000 0.000000 0.000000
vt -0.222163 0.059528 0.000000
vt 0.222163 0.059528 0.000000
vt -0.199186 0.115000 0.000000
vt 0.199186 0.115000 0.000000
vt -0.162635 0.162635 0.000000
vt 0.162635 0.162635 0.000000
vt -0.115000 0.199186 0.000000
vt 0.115000 0.199186 0.000000
vt -0.059528 0.222163 0.000000
vt 0.059528 0.222163 0.000000
vt 0.000000 0.230000 0.000000
vt 0.199186 -0.115000 0.000000
vt -0.199186 -0.115000 0.000000
vt 0.162635 -0.162635 0.000000
vt -0.162635 -0.162635 0.000000
vt 0.115000 -0.199186 0.000000
vt -0.115000 -0.199186 0.000000
vt 0.059528 -0.222163 0.000000
vt -0.059528 -0.222163 0.000000
vt 0.000000 -0.230000 0.000000
vt -0.000000 0.080933 0.000000
vt -0.005236 0.080933 0.000000
vt -0.000000 0.000000 0.000000
vt -0.005236 0.000000 0.000000
vt 0.000000 -0.080933 0.000000
vt -0.005236 -0.080933 0.000000
vt 0.000000 -0.161866 0.000000
vt -0.005236 -0.161866 0.000000
vt 0.000000 -0.242800 0.000000
vt -0.005236 -0.242800 0.000000
vt 0.000000 -0.323733 0.000000
vt -0.005236 -0.323733 0.000000
vt 0.000000 -0.404666 0.000000
vt -0.005236 -0.404666 0.000000
vt -0.000000 -0.485599 0.000000
vt -0.005236 -0.485599 0.000000
vt -0.000000 -0.566533 0.000000
vt -0.005236 -0.566533 0.000000
vt -0.000000 -0.647466 0.000000
vt -0.005236 -0.647466 0.000000
vt -0.000000 -0.728399 0.000000
vt -0.005236 -0.728399 0.000000
vt -0.000000 -0.809332 0.000000
vt -0.005236 -0.809332 0.000000
vt -0.000000 -0.890265 0.000000
vt -0.005236 -0.890265 0.000000
vt -0.000000 -0.971199 0.000000
vt -0.005236 -0.971199 0.000000
vt -0.000000 0.971199 0.000000
vt -0.005236 0.971199 0.000000
vt -0.000000 0.890265 0.000000
vt -0.005236 0.890265 0.000000
vt -0.000000 0.809332 0.000000
vt -0.005236 0.809332 0.000000
vt -0.000000 0.728399 0.000000
vt -0.005236 0.728399 0.000000
vt -0.000000 0.647466 0.000000
vt -0.005236 0.647466 0.000000
vt -0.000000 0.566533 0.000000
vt -0.005236 0.566533 0.000000
vt -0.000000 0.485599 0.000000
vt -0.005236 0.485599 0.000000
vt -0.000000 0.404666 0.000000
vt -0.005236 0.404666 0.000000
vt -0.000000 0.323733 0.000000
vt -0.005236 0.323733 0.000000
vt -0.000000 0.242800 0.000000
vt -0.005236 0.242800 0.000000
vt -0.000000 0.161866 0.000000
vt -0.005236 0.161866 0.000000
vt -0.031416 -0.080933 0.000000
vt -0.026180 -0.080933 0.000000
vt -0.031416 0.000000 0.000000
vt -0.026180 0.000000 0.000000
vt -0.031416 0.080933 0.000000
vt -0.026180 0.080933 0.000000
vt -0.031416 0.161866 0.000000
vt -0.026180 0.161866 0.000000
vt -0.031416 0.242800 0.000000
vt -0.026180 0.242800 0.000000
vt -0.031416 0.323733 0.000000
vt -0.026180 0.323733 0.000000
vt -0.031416 0.404666 0.000000
vt -0.026180 0.404666 0.000000
vt -0.031416 0.485599 0.000000
vt -0.026180 0.485599 0.000000
vt -0.031416 0.566533 0.000000
vt -0.026180 0.566533 0.000000
vt -0.031416 0.647466 0.000000
vt -0.026180 0.647466 0.000000
vt -0.031416 0.728399 0.000000
vt -0.026180 0.728399 0.000000
vt -0.031416 0.809332 0.000000
vt -0.026180 0.809332 0.000000
vt -0.031416 0.890265 0.000000
vt -0.026180 0.890265 0.000000
vt -0.031416 0.971199 0.000000
vt -0.026180 0.971199 0.000000
vt -0.031416 -0.971199 0.000000
vt -0.026180 -0.971199 0.000000
vt -0.031416 -0.890265 0.000000
vt -0.026180 -0.890265 0.000000
vt -0.031416 -0.809332 0.000000
vt -0.026180 -0.809332 0.000000
vt -0.031416 -0.728399 0.000000
vt -0.026180 -0.728399 0.000000
vt -0.031416 -0.647466 0.000000
vt -0.026180 -0.647466 0.000000
vt -0.031416 -0.566533 0.000000
vt -0.026180 -0.566533 0.000000
vt -0.031416 -0.485599 0.000000
vt -0.026180 -0.485599 0.000000
vt -0.031416 -0.404666 0.000000
vt -0.026180 -0.404666 0.000000
vt -0.031416 -0.323733 0.000000
vt -0.026180 -0.323733 0.000000
vt -0.031416 -0.242800 0.000000
vt -0.026180 -0.242800 0.000000
vt -0.031416 -0.161866 0.000000
vt -0.026180 -0.161866 0.000000
vt -0.010472 0.971199 0.000000
vt -0.010472 0.890265 0.000000
vt -0.010472 0.809332 0.000000
vt -0.010472 0.728399 0.000000
vt -0.010472 0.647466 0.000000
vt -0.010472 0.566533 0.000000
vt -0.010472 0.485599 0.000000
vt -0.010472 0.404666 0.000000
vt -0.010472 0.323733 0.000000
vt -0.010472 0.242800 0.000000
vt -0.010472 0.161866 0.000000
vt -0.010472 0.080933 0.000000
vt -0.010472 0.000000 0.000000
vt -0.010472 -0.080933 0.000000
vt -0.010472 -0.161866 0.000000
vt -0.010472 -0.242800 0.000000
vt -0.010472 -0.323733 0.000000
vt -0.010472 -0.404666 0.000000
vt -0.010472 -0.485599 0.000000
vt -0.010472 -0.566533 0.000000
vt -0.010472 -0.647466 0.000000
vt -0.010472 -0.728399 0.000000
vt -0.010472 -0.809332 0.000000
vt -0.010472 -0.890265 0.000000
vt -0.010472 -0.971199 0.000000
vt -0.015708 0.971199 0.000000
vt -0.015708 0.890265 0.000000
vt -0.015708 0.809332 0.000000
vt -0.015708 0.728399 0.000000
vt -0.015708 0.647466 0.000000
vt -0.015708 0.566533 0.000000
vt -0.015708 0.485599 0.000000
vt -0.015708 0.404666 0.000000
vt -0.015708 0.323733 0.000000
vt -0.015708 0.242800 0.000000
vt -0.015708 0.161866 0.000000
vt -0.015708 0.080933 0.000000
vt -0.015708 0.000000 0.000000
vt -0.015708 -0.080933 0.000000
vt -0.015708 -0.161866 0.000000
vt -0.015708 -0.242800 0.000000
vt -0.015708 -0.323733 0.000000
vt -0.015708 -0.404666 0.000000
vt -0.015708 -0.485599 0.000000
vt -0.015708 -0.566533 0.000000
vt -0.015708 -0.647466 0.000000
vt -0.015708 -0.728399 0.000000
vt -0.015708 -0.809332 0.000000
vt -0.015708 -0.890265 0.000000
vt -0.015708 -0.971199 0.000000
vt -0.020944 0.971199 0.000000
vt -0.020944 0.890265 0.000000
vt -0.020944 0.809332 0.000000
vt -0.020944 0.728399 0.000000
vt -0.020944 0.647466 0.000000
vt -0.020944 0.566533 0.000000
vt -0.020944 0.485599 0.000000
vt -0.020944 0.404666 0.000000
vt -0.020944 0.323733 0.000000
vt -0.020944 0.242800 0.000000
vt -0.020944 0.161866 0.000000
vt -0.020944 0.080933 0.000000
vt -0.020944 0.000000 0.000000
vt -0.020944 -0.080933 0.000000
vt -0.020944 -0.161866 0.000000
vt -0.020944 -0.242800 0.000000
vt -0.020944 -0.323733 0.000000
vt -0.020944 -0.404666 0.000000
vt -0.020944 -0.485599 0.000000
vt -0.020944 -0.566533 0.000000
vt -0.020944 -0.647466 0.000000
vt -0.020944 -0.728399 0.000000
vt -0.020944 -0.809332 0.000000
vt -0.020944 -0.890265 0.000000
vt -0.020944 -0.971199 0.000000
vt -0.000000 -0.907135 0.000000
vt -0.790000 -0.907135 0.000000
vt -0.000000 -0.989602 0.000000
vt -0.790000 -0.989602 0.000000
vt -0.000000 0.989602 0.000000
vt -0.790000 0.989602 0.000000
vt 0.000000 0.907135 0.000000
vt -0.790000 0.907135 0.000000
vt 0.000000 0.824668 0.000000
vt -0.790000 0.824668 0.000000
vt 0.000000 0.742201 0.000000
vt -0.790000 0.742201 0.000000
vt 0.000000 0.659734 0.000000
vt -0.790000 0.659734 0.000000
vt 0.000000 0.577268 0.000000
vt -0.790000 0.577268 0.000000
vt -0.000000 0.494801 0.000000
vt -0.790000 0.494801 0.000000
vt -0.000000 0.412334 0.000000
vt -0.790000 0.412334 0.000000
vt -0.000000 0.329867 0.000000
vt -0.790000 0.329867 0.000000
vt -0.000000 0.247400 0.000000
vt -0.790000 0.247400 0.000000
vt -0.000000 0.164934 0.000000
vt -0.790000 0.164934 0.000000
vt -0.000000 0.082467 0.000000
vt -0.790000 0.082467 0.000000
vt -0.000000 0.000000 0.000000
vt -0.790000 0.000000 0.000000
vt -0.000000 -0.082467 0.000000
vt -0.790000 -0.082467 0.000000
vt -0.000000 -0.164934 0.000000
vt -0.790000 -0.164934 0.000000
vt -0.000000 -0.247400 0.000000
vt -0.790000 -0.247400 0.000000
vt -0.000000 -0.329867 0.000000
vt -0.790000 -0.329867 0.000000
vt -0.000000 -0.412334 0.000000
vt -0.790000 -0.412334 0.000000
vt -0.000000 -0.494801 0.000000
vt -0.790000 -0.494801 0.000000
vt -0.000000 -0.577268 0.000000
vt -0.790000 -0.577268 0.000000
vt -0.000000 -0.659734 0.000000
vt -0.790000 -0.659734 0.000000
vt -0.000000 -0.742201 0.000000
vt -0.790000 -0.742201 0.000000
vt -0.000000 -0.824668 0.000000
vt -0.790000 -0.824668 0.000000
vt -0.207674 -0.055646 0.000000
vt -0.215000 0.000000 0.000000
vt -0.295000 0.000000 0.000000
vt -0.207674 0.055646 0.000000
vt -0.284948 0.076352 0.000000
vt -0.186195 0.107500 0.000000
vt -0.255477 0.147500 0.000000
vt -0.152028 0.152028 0.000000
vt -0.208597 0.208597 0.000000
vt -0.107500 0.186195 0.000000
vt -0.147500 0.255477 0.000000
vt -0.055646 0.207674 0.000000
vt -0.076352 0.284948 0.000000
vt 0.000000 0.215000 0.000000
vt 0.000000 0.295000 0.000000
vt 0.076352 0.284948 0.000000
vt 0.055646 0.207674 0.000000
vt 0.147500 0.255477 0.000000
vt 0.107500 0.186195 0.000000
vt 0.208597 0.208597 0.000000
vt 0.152028 0.152028 0.000000
vt 0.255477 0.147500 0.000000
vt 0.186195 0.107500 0.000000
vt 0.284948 0.076352 0.000000
vt 0.207674 0.055646 0.000000
vt 0.295000 0.000000 0.000000
vt 0.215000 0.000000 0.000000
vt 0.284948 -0.076352 0.000000
vt 0.207674 -0.055646 0.000000
vt 0.186195 -0.107500 0.000000
vt 0.255477 -0.147500 0.000000
vt 0.152028 -0.152028 0.000000
vt 0.208597 -0.208597 0.000000
vt 0.107500 -0.186195 0.000000
vt 0.147500 -0.255477 0.000000
vt 0.055646 -0.207674 0.000000
vt 0.076352 -0.284948 0.000000
vt 0.000000 -0.215000 0.000000
vt 0.000000 -0.295000 0.000000
vt -0.076352 -0.284948 0.000000
vt -0.055646 -0.207674 0.000000
vt -0.147500 -0.255477 0.000000
vt -0.107500 -0.186195 0.000000
vt -0.208597 -0.208597 0.000000
vt -0.152028 -0.152028 0.000000
vt -0.255477 -0.147500 0.000000
vt -0.186195 -0.107500 0.000000
vt -0.284948 -0.076352 0.000000
vt -0.000000 0.080933 0.000000
vt -0.005236 0.080933 0.000000
vt -0.000000 0.000000 0.000000
vt -0.005236 0.000000 0.000000
vt 0.000000 -0.080933 0.000000
vt -0.005236 -0.080933 0.000000
vt 0.000000 -0.161866 0.000000
vt -0.005236 -0.161866 0.000000
vt 0.000000 -0.242800 0.000000
vt -0.005236 -0.242800 0.000000
vt 0.000000 -0.323733 0.000000
vt -0.005236 -0.323733 0.000000
vt 0.000000 -0.404666 0.000000
vt -0.005236 -0.404666 0.000000
vt -0.000000 -0.485599 0.000000
vt -0.005236 -0.485599 0.000000
vt -0.000000 -0.566533 0.000000
vt -0.005236 -0.566533 0.000000
vt -0.000000 -0.647466 0.000000
vt -0.005236 -0.647466 0.000000
vt -0.000000 -0.728399 0.000000
vt -0.005236 -0.728399 0.000000
vt -0.000000 -0.809332 0.000000
vt -0.005236 -0.809332 0.000000
vt -0.000000 -0.890265 0.000000
vt -0.005236 -0.890265 0.000000
vt -0.000000 -0.971199 0.000000
vt -0.005236 -0.971199 0.000000
vt -0.000000 0.971199 0.000000
vt -0.005236 0.971199 0.000000
vt -0.000000 0.890265 0.000000
vt -0.005236 0.890265 0.000000
vt -0.000000 0.809332 0.000000
vt -0.005236 0.809332 0.000000
vt -0.000000 0.728399 0.000000
vt -0.005236 0.728399 0.000000
vt -0.000000 0.647466 0.000000
vt -0.005236 0.647466 0.000000
vt -0.000000 0.566533 0.000000
vt -0.005236 0.566533 0.000000
vt -0.000000 0.485599 0.000000
vt -0.005236 0.485599 0.000000
vt -0.000000 0.404666 0.000000
vt -0.005236 0.404666 0.000000
vt -0.000000 0.323733 0.000000
vt -0.005236 0.323733 0.000000
vt -0.000000 0.242800 0.000000
vt -0.005236 0.242800 0.000000
vt -0.000000 0.161866 0.000000
vt -0.005236 0.161866 0.000000
vt -0.031416 -0.080933 0.000000
vt -0.026180 -0.080933 0.000000
vt -0.031416 0.000000 0.000000
vt -0.026180 0.000000 0.000000
vt -0.031416 0.080933 0.000000
vt -0.026180 0.080933 0.000000
vt -0.031416 0.161866 0.000000
vt -0.026180 0.161866 0.000000
vt -0.031416 0.242800 0.000000
vt -0.026180 0.242800 0.000000
vt -0.031416 0.323733 0.000000
vt -0.026180 0.323733 0.000000
vt -0.031416 0.404666 0.000000
vt -0.026180 0.404666 0.000000
vt -0.031416 0.485599 0.000000
vt -0.026180 0.485599 0.000000
vt -0.031416 0.566533 0.000000
vt -0.026180 0.566533 0.000000
vt -0.031416 0.647466 0.000000
vt -0.026180 0.647466 0.000000
vt -0.031416 0.728399 0.000000
vt -0.026180 0.728399 0.000000
vt -0.031416 0.809332 0.000000
vt -0.026180 0.809332 0.000000
vt -0.031416 0.890265 0.000000
vt -0.026180 0.890265 0.000000
vt -0.031416 0.971199 0.000000
vt -0.026180 0.971199 0.000000
vt -0.031416 -0.971199 0.000000
vt -0.026180 -0.971199 0.000000
vt -0.031416 -0.890265 0.000000
vt -0.026180 -0.890265 0.000000
vt -0.031416 -0.809332 0.000000
vt -0.026180 -0.809332 0.000000
vt -0.031416 -0.728399 0.000000
vt -0.026180 -0.728399 0.000000
vt -0.031416 -0.647466 0.000000
vt -0.026180 -0.647466 0.000000
vt -0.031416 -0.566533 0.000000
vt -0.026180 -0.566533 0.000000
vt -0.031416 -0.485599 0.000000
vt -0.026180 -0.485599 0.000000
vt -0.031416 -0.404666 0.000000
vt -0.026180 -0.404666 0.000000
vt -0.031416 -0.323733 0.000000
vt -0.026180 -0.323733 0.000000
vt -0.031416 -0.242800 0.000000
vt -0.026180 -0.242800 0.000000
vt -0.031416 -0.161866 0.000000
vt -0.026180 -0.161866 0.000000
vt -0.010472 0.971199 0.000000
vt -0.010472 0.890265 0.000000
vt -0.010472 0.809332 0.000000
vt -0.010472 0.728399 0.000000
vt -0.010472 0.647466 0.000000
vt -0.010472 0.566533 0.000000
vt -0.010472 0.485599 0.000000
vt -0.010472 0.404666 0.000000
vt -0.010472 0.323733 0.000000
vt -0.010472 0.242800 0.000000
vt -0.010472 0.161866 0.000000
vt -0.010472 0.080933 0.000000
vt -0.010472 0.000000 0.000000
vt -0.010472 -0.080933 0.000000
vt -0.010472 -0.161866 0.000000
vt -0.010472 -0.242800 0.000000
vt -0.010472 -0.323733 0.000000
vt -0.010472 -0.404666 0.000000
vt -0.010472 -0.485599 0.000000
vt -0.010472 -0.566533 0.000000
vt -0.010472 -0.647466 0.000000
vt -0.010472 -0.728399 0.000000
vt -0.010472 -0.809332 0.000000
vt -0.010472 -0.890265 0.000000
vt -0.010472 -0.971199 0.000000
vt -0.015708 0.971199 0.000000
vt -0.015708 0.890265 0.000000
vt -0.015708 0.809332 0.000000
vt -0.015708 0.728399 0.000000
vt -0.015708 0.647466 0.000000
vt -0.015708 0.566533 0.000000
vt -0.015708 0.485599 0.000000
vt -0.015708 0.404666 0.000000
vt -0.015708 0.323733 0.000000
vt -0.015708 0.242800 0.000000
vt -0.015708 0.161866 0.000000
vt -0.015708 0.080933 0.000000
vt -0.015708 0.000000 0.000000
vt -0.015708 -0.080933 0.000000
vt -0.015708 -0.161866 0.000000
vt -0.015708 -0.242800 0.000000
vt -0.015708 -0.323733 0.000000
vt -0.015708 -0.404666 0.000000
vt -0.015708 -0.485599 0.000000
vt -0.015708 -0.566533 0.000000
vt -0.015708 -0.647466 0.000000
vt -0.015708 -0.728399 0.000000
vt -0.015708 -0.809332 0.000000
vt -0.015708 -0.890265 0.000000
vt -0.015708 -0.971199 0.000000
vt -0.020944 0.971199 0.000000
vt -0.020944 0.890265 0.000000
vt -0.020944 0.809332 0.000000
vt -0.020944 0.728399 0.000000
vt -0.020944 0.647466 0.000000
vt -0.020944 0.566533 0.000000
vt -0.020944 0.485599 0.000000
vt -0.020944 0.404666 0.000000
vt -0.020944 0.323733 0.000000
vt -0.020944 0.242800 0.000000
vt -0.020944 0.161866 0.000000
vt -0.020944 0.080933 0.000000
vt -0.020944 0.000000 0.000000
vt -0.020944 -0.080933 0.000000
vt -0.020944 -0.161866 0.000000
vt -0.020944 -0.242800 0.000000
vt -0.020944 -0.323733 0.000000
vt -0.020944 -0.404666 0.000000
vt -0.020944 -0.485599 0.000000
vt -0.020944 -0.566533 0.000000
vt -0.020944 -0.647466 0.000000
vt -0.020944 -0.728399 0.000000
vt -0.020944 -0.809332 0.000000
vt -0.020944 -0.890265 0.000000
vt -0.020944 -0.971199 0.000000
vt -0.000000 -0.907135 0.000000
vt -0.790000 -0.907135 0.000000
vt -0.000000 -0.989602 0.000000
vt -0.790000 -0.989602 0.000000
vt -0.000000 0.989602 0.000000
vt -0.790000 0.989602 0.000000
vt 0.000000 0.907135 0.000000
vt -0.790000 0.907135 0.000000
vt 0.000000 0.824668 0.000000
vt -0.790000 0.824668 0.000000
vt 0.000000 0.742201 0.000000
vt -0.790000 0.742201 0.000000
vt 0.000000 0.659734 0.000000
vt -0.790000 0.659734 0.000000
vt 0.000000 0.577268 0.000000
vt -0.790000 0.577268 0.000000
vt -0.000000 0.494801 0.000000
vt -0.790000 0.494801 0.000000
vt -0.000000 0.412334 0.000000
vt -0.790000 0.412334 0.000000
vt -0.000000 0.329867 0.000000
vt -0.790000 0.329867 0.000000
vt -0.000000 0.247400 0.000000
vt -0.790000 0.247400 0.000000
vt -0.000000 0.164934 0.000000
vt -0.790000 0.164934 0.000000
vt -0.000000 0.082467 0.000000
vt -0.790000 0.082467 0.000000
vt -0.000000 0.000000 0.000000
vt -0.790000 0.000000 0.000000
vt -0.000000 -0.082467 0.000000
vt -0.790000 -0.082467 0.000000
vt -0.000000 -0.164934 0.000000
vt -0.790000 -0.164934 0.000000
vt -0.000000 -0.247400 0.000000
vt -0.790000 -0.247400 0.000000
vt -0.000000 -0.329867 0.000000
vt -0.790000 -0.329867 0.000000
vt -0.000000 -0.412334 0.000000
vt -0.790000 -0.412334 0.000000
vt -0.000000 -0.494801 0.000000
vt -0.790000 -0.494801 0.000000
vt -0.000000 -0.577268 0.000000
vt -0.790000 -0.577268 0.000000
vt -0.000000 -0.659734 0.000000
vt -0.790000 -0.659734 0.000000
vt -0.000000 -0.742201 0.000000
vt -0.790000 -0.742201 0.000000
vt -0.000000 -0.824668 0.000000
vt -0.790000 -0.824668 0.000000
vt -0.207674 -0.055646 0.000000
vt -0.215000 0.000000 0.000000
vt -0.295000 0.000000 0.000000
vt -0.207674 0.055646 0.000000
vt -0.284948 0.076352 0.000000
vt -0.186195 0.107500 0.000000
vt -0.255477 0.147500 0.000000
vt -0.152028 0.152028 0.000000
vt -0.208597 0.208597 0.000000
vt -0.107500 0.186195 0.000000
vt -0.147500 0.255477 0.000000
vt -0.055646 0.207674 0.000000
vt -0.076352 0.284948 0.000000
vt 0.000000 0.215000 0.000000
vt 0.000000 0.295000 0.000000
vt 0.076352 0.284948 0.000000
vt 0.055646 0.207674 0.000000
vt 0.147500 0.255477 0.000000
vt 0.107500 0.186195 0.000000
vt 0.208597 0.208597 0.000000
vt 0.152028 0.152028 0.000000
vt 0.255477 0.147500 0.000000
vt 0.186195 0.107500 0.000000
vt 0.284948 0.076352 0.000000
vt 0.207674 0.055646 0.000000
vt 0.295000 0.000000 0.000000
vt 0.215000 0.000000 0.000000
vt 0.284948 -0.076352 0.000000
vt 0.207674 -0.055646 0.000000
vt 0.186195 -0.107500 0.000000
vt 0.255477 -0.147500 0.000000
vt 0.152028 -0.152028 0.000000
vt 0.208597 -0.208597 0.000000
vt 0.107500 -0.186195 0.000000
vt 0.147500 -0.255477 0.000000
vt 0.055646 -0.207674 0.000000
vt 0.076352 -0.284948 0.000000
vt 0.000000 -0.215000 0.000000
vt 0.000000 -0.295000 0.000000
vt -0.076352 -0.284948 0.000000
vt -0.055646 -0.207674 0.000000
vt -0.147500 -0.255477 0.000000
vt -0.107500 -0.186195 0.000000
vt -0.208597 -0.208597 0.000000
vt -0.152028 -0.152028 0.000000
vt -0.255477 -0.147500 0.000000
vt -0.186195 -0.107500 0.000000
vt -0.284948 -0.076352 0.000000
vt -0.000000 0.080933 0.000000
vt -0.005236 0.080933 0.000000
vt -0.000000 0.000000 0.000000
vt -0.005236 0.000000 0.000000
vt 0.000000 -0.080933 0.000000
vt -0.005236 -0.080933 0.000000
vt 0.000000 -0.161866 0.000000
vt -0.005236 -0.161866 0.000000
vt 0.000000 -0.242800 0.000000
vt -0.005236 -0.242800 0.000000
vt 0.000000 -0.323733 0.000000
vt -0.005236 -0.323733 0.000000
vt 0.000000 -0.404666 0.000000
vt -0.005236 -0.404666 0.000000
vt -0.000000 -0.485599 0.000000
vt -0.005236 -0.485599 0.000000
vt -0.000000 -0.566533 0.000000
vt -0.005236 -0.566533 0.000000
vt -0.000000 -0.647466 0.000000
vt -0.005236 -0.647466 0.000000
vt -0.000000 -0.728399 0.000000
vt -0.005236 -0.728399 0.000000
vt -0.000000 -0.809332 0.000000
vt -0.005236 -0.809332 0.000000
vt -0.000000 -0.890265 0.000000
vt -0.005236 -0.890265 0.000000
vt -0.000000 -0.971199 0.000000
vt -0.005236 -0.971199 0.000000
vt -0.000000 0.971199 0.000000
vt -0.005236 0.971199 0.000000
vt -0.000000 0.890265 0.000000
vt -0.005236 0.890265 0.000000
vt -0.000000 0.809332 0.000000
vt -0.005236 0.809332 0.000000
vt -0.000000 0.728399 0.000000
vt -0.005236 0.728399 0.000000
vt -0.000000 0.647466 0.000000
vt -0.005236 0.647466 0.000000
vt -0.000000 0.566533 0.000000
vt -0.005236 0.566533 0.000000
vt -0.000000 0.485599 0.000000
vt -0.005236 0.485599 0.000000
vt -0.000000 0.404666 0.000000
vt -0.005236 0.404666 0.000000
vt -0.000000 0.323733 0.000000
vt -0.005236 0.323733 0.000000
vt -0.000000 0.242800 0.000000
vt -0.005236 0.242800 0.000000
vt -0.000000 0.161866 0.000000
vt -0.005236 0.161866 0.000000
vt -0.031416 -0.080933 0.000000
vt -0.026180 -0.080933 0.000000
vt -0.031416 0.000000 0.000000
vt -0.026180 0.000000 0.000000
vt -0.031416 0.080933 0.000000
vt -0.026180 0.080933 0.000000
vt -0.031416 0.161866 0.000000
vt -0.026180 0.161866 0.000000
vt -0.031416 0.242800 0.000000
vt -0.026180 0.242800 0.000000
vt -0.031416 0.323733 0.000000
vt -0.026180 0.323733 0.000000
vt -0.031416 0.404666 0.000000
vt -0.026180 0.404666 0.000000
vt -0.031416 0.485599 0.000000
vt -0.026180 0.485599 0.000000
vt -0.031416 0.566533 0.000000
vt -0.026180 0.566533 0.000000
vt -0.031416 0.647466 0.000000
vt -0.026180 0.647466 0.000000
vt -0.031416 0.728399 0.000000
vt -0.026180 0.728399 0.000000
vt -0.031416 0.809332 0.000000
vt -0.026180 0.809332 0.000000
vt -0.031416 0.890265 0.000000
vt -0.026180 0.890265 0.000000
vt -0.031416 0.971199 0.000000
vt -0.026180 0.971199 0.000000
vt -0.031416 -0.971199 0.000000
vt -0.026180 -0.971199 0.000000
vt -0.031416 -0.890265 0.000000
vt -0.026180 -0.890265 0.000000
vt -0.031416 -0.809332 0.000000
vt -0.026180 -0.809332 0.000000
vt -0.031416 -0.728399 0.000000
vt -0.026180 -0.728399 0.000000
vt -0.031416 -0.647466 0.000000
vt -0.026180 -0.647466 0.000000
vt -0.031416 -0.566533 0.000000
vt -0.026180 -0.566533 0.000000
vt -0.031416 -0.485599 0.000000
vt -0.026180 -0.485599 0.000000
vt -0.031416 -0.404666 0.000000
vt -0.026180 -0.404666 0.000000
vt -0.031416 -0.323733 0.000000
vt -0.026180 -0.323733 0.000000
vt -0.031416 -0.242800 0.000000
vt -0.026180 -0.242800 0.000000
vt -0.031416 -0.161866 0.000000
vt -0.026180 -0.161866 0.000000
vt -0.010472 0.971199 0.000000
vt -0.010472 0.890265 0.000000
vt -0.010472 0.809332 0.000000
vt -0.010472 0.728399 0.000000
vt -0.010472 0.647466 0.000000
vt -0.010472 0.566533 0.000000
vt -0.010472 0.485599 0.000000
vt -0.010472 0.404666 0.000000
vt -0.010472 0.323733 0.000000
vt -0.010472 0.242800 0.000000
vt -0.010472 0.161866 0.000000
vt -0.010472 0.080933 0.000000
vt -0.010472 0.000000 0.000000
vt -0.010472 -0.080933 0.000000
vt -0.010472 -0.161866 0.000000
vt -0.010472 -0.242800 0.000000
vt -0.010472 -0.323733 0.000000
vt -0.010472 -0.404666 0.000000
vt -0.010472 -0.485599 0.000000
vt -0.010472 -0.566533 0.000000
vt -0.010472 -0.647466 0.000000
vt -0.010472 -0.728399 0.000000
vt -0.010472 -0.809332 0.000000
vt -0.010472 -0.890265 0.000000
vt -0.010472 -0.971199 0.000000
vt -0.015708 0.971199 0.000000
vt -0.015708 0.890265 0.000000
vt -0.015708 0.809332 0.000000
vt -0.015708 0.728399 0.000000
vt -0.015708 0.647466 0.000000
vt -0.015708 0.566533 0.000000
vt -0.015708 0.485599 0.000000
vt -0.015708 0.404666 0.000000
vt -0.015708 0.323733 0.000000
vt -0.015708 0.242800 0.000000
vt -0.015708 0.161866 0.000000
vt -0.015708 0.080933 0.000000
vt -0.015708 0.000000 0.000000
vt -0.015708 -0.080933 0.000000
vt -0.015708 -0.161866 0.000000
vt -0.015708 -0.242800 0.000000
vt -0.015708 -0.323733 0.000000
vt -0.015708 -0.404666 0.000000
vt -0.015708 -0.485599 0.000000
vt -0.015708 -0.566533 0.000000
vt -0.015708 -0.647466 0.000000
vt -0.015708 -0.728399 0.000000
vt -0.015708 -0.809332 0.000000
vt -0.015708 -0.890265 0.000000
vt -0.015708 -0.971199 0.000000
vt -0.020944 0.971199 0.000000
vt -0.020944 0.890265 0.000000
vt -0.020944 0.809332 0.000000
vt -0.020944 0.728399 0.000000
vt -0.020944 0.647466 0.000000
vt -0.020944 0.566533 0.000000
vt -0.020944 0.485599 0.000000
vt -0.020944 0.404666 0.000000
vt -0.020944 0.323733 0.000000
vt -0.020944 0.242800 0.000000
vt -0.020944 0.161866 0.000000
vt -0.020944 0.080933 0.000000
vt -0.020944 0.000000 0.000000
vt -0.020944 -0.080933 0.000000
vt -0.020944 -0.161866 0.000000
vt -0.020944 -0.242800 0.000000
vt -0.020944 -0.323733 0.000000
vt -0.020944 -0.404666 0.000000
vt -0.020944 -0.485599 0.000000
vt -0.020944 -0.566533 0.000000
vt -0.020944 -0.647466 0.000000
vt -0.020944 -0.728399 0.000000
vt -0.020944 -0.809332 0.000000
vt -0.020944 -0.890265 0.000000
vt -0.020944 -0.971199 0.000000
vt -0.000000 -0.907135 0.000000
vt -0.790000 -0.907135 0.000000
vt -0.000000 -0.989602 0.000000
vt -0.790000 -0.989602 0.000000
vt -0.000000 0.989602 0.000000
vt -0.790000 0.989602 0.000000
vt 0.000000 0.907135 0.000000
vt -0.790000 0.907135 0.000000
vt -0.000000 0.824668 0.000000
vt -0.790000 0.824668 0.000000
vt 0.000000 0.742201 0.000000
vt -0.790000 0.742201 0.000000
vt 0.000000 0.659734 0.000000
vt -0.790000 0.659734 0.000000
vt 0.000000 0.577268 0.000000
vt -0.790000 0.577268 0.000000
vt -0.000000 0.494801 0.000000
vt -0.790000 0.494801 0.000000
vt -0.000000 0.412334 0.000000
vt -0.790000 0.412334 0.000000
vt -0.000000 0.329867 0.000000
vt -0.790000 0.329867 0.000000
vt -0.000000 0.247400 0.000000
vt -0.790000 0.247400 0.000000
vt -0.000000 0.164934 0.000000
vt -0.790000 0.164934 0.000000
vt -0.000000 0.082467 0.000000
vt -0.790000 0.082467 0.000000
vt -0.000000 0.000000 0.000000
vt -0.790000 0.000000 0.000000
vt -0.000000 -0.082467 0.000000
vt -0.790000 -0.082467 0.000000
vt -0.000000 -0.164934 0.000000
vt -0.790000 -0.164934 0.000000
vt -0.000000 -0.247400 0.000000
vt -0.790000 -0.247400 0.000000
vt -0.000000 -0.329867 0.000000
vt -0.790000 -0.329867 0.000000
vt -0.000000 -0.412334 0.000000
vt -0.790000 -0.412334 0.000000
vt -0.000000 -0.494801 0.000000
vt -0.790000 -0.494801 0.000000
vt -0.000000 -0.577268 0.000000
vt -0.790000 -0.577268 0.000000
vt -0.000000 -0.659734 0.000000
vt -0.790000 -0.659734 0.000000
vt -0.000000 -0.742201 0.000000
vt -0.790000 -0.742201 0.000000
vt -0.000000 -0.824668 0.000000
vt -0.790000 -0.824668 0.000000
vt -0.207674 -0.055646 0.000000
vt -0.215000 0.000000 0.000000
vt -0.295000 0.000000 0.000000
vt -0.207674 0.055646 0.000000
vt -0.284948 0.076352 0.000000
vt -0.186195 0.107500 0.000000
vt -0.255477 0.147500 0.000000
vt -0.152028 0.152028 0.000000
vt -0.208597 0.208597 0.000000
vt -0.107500 0.186195 0.000000
vt -0.147500 0.255477 0.000000
vt -0.055646 0.207674 0.000000
vt -0.076352 0.284948 0.000000
vt 0.000000 0.215000 0.000000
vt 0.000000 0.295000 0.000000
vt 0.076352 0.284948 0.000000
vt 0.055646 0.207674 0.000000
vt 0.147500 0.255477 0.000000
vt 0.107500 0.186195 0.000000
vt 0.208597 0.208597 0.000000
vt 0.152028 0.152028 0.000000
vt 0.255477 0.147500 0.000000
vt 0.186195 0.107500 0.000000
vt 0.284948 0.076352 0.000000
vt 0.207674 0.055646 0.000000
vt 0.295000 0.000000 0.000000
vt 0.215000 0.000000 0.000000
vt 0.284948 -0.076352 0.000000
vt 0.207674 -0.055646 0.000000
vt 0.186195 -0.107500 0.000000
vt 0.255477 -0.147500 0.000000
vt 0.152028 -0.152028 0.000000
vt 0.208597 -0.208597 0.000000
vt 0.107500 -0.186195 0.000000
vt 0.147500 -0.255477 0.000000
vt 0.055646 -0.207674 0.000000
vt 0.076352 -0.284948 0.000000
vt 0.000000 -0.215000 0.000000
vt 0.000000 -0.295000 0.000000
vt -0.076352 -0.284948 0.000000
vt -0.055646 -0.207674 0.000000
vt -0.147500 -0.255477 0.000000
vt -0.107500 -0.186195 0.000000
vt -0.208597 -0.208597 0.000000
vt -0.152028 -0.152028 0.000000
vt -0.255477 -0.147500 0.000000
vt -0.186195 -0.107500 0.000000
vt -0.284948 -0.076352 0.000000
vt 0.810000 -0.619156 0.000000
vt -0.000000 -0.619156 0.000000
vt 0.810000 -0.675442 0.000000
vt 0.000000 -0.675442 0.000000
vt 0.810000 0.675442 0.000000
vt 0.000000 0.675442 0.000000
vt 0.810000 0.619156 0.000000
vt -0.000000 0.619156 0.000000
vt 0.810000 0.562869 0.000000
vt -0.000000 0.562869 0.000000
vt 0.810000 0.506582 0.000000
vt -0.000000 0.506582 0.000000
vt 0.810000 0.450295 0.000000
vt -0.000000 0.450295 0.000000
vt 0.810000 0.394008 0.000000
vt -0.000000 0.394008 0.000000
vt 0.810000 0.337721 0.000000
vt 0.000000 0.337721 0.000000
vt 0.810000 0.281434 0.000000
vt -0.000000 0.281434 0.000000
vt 0.810000 0.225147 0.000000
vt -0.000000 0.225147 0.000000
vt 0.810000 0.168861 0.000000
vt 0.000000 0.168861 0.000000
vt 0.810000 0.112574 0.000000
vt 0.000000 0.112574 0.000000
vt 0.810000 0.056287 0.000000
vt -0.000000 0.056287 0.000000
vt 0.810000 0.000000 0.000000
vt 0.000000 0.000000 0.000000
vt 0.810000 -0.056287 0.000000
vt -0.000000 -0.056287 0.000000
vt 0.810000 -0.112574 0.000000
vt 0.000000 -0.112574 0.000000
vt 0.810000 -0.168861 0.000000
vt 0.000000 -0.168861 0.000000
vt 0.810000 -0.225147 0.000000
vt -0.000000 -0.225147 0.000000
vt 0.810000 -0.281434 0.000000
vt -0.000000 -0.281434 0.000000
vt 0.810000 -0.337721 0.000000
vt -0.000000 -0.337721 0.000000
vt 0.810000 -0.394008 0.000000
vt -0.000000 -0.394008 0.000000
vt 0.810000 -0.450295 0.000000
vt -0.000000 -0.450295 0.000000
vt 0.810000 -0.506582 0.000000
vt 0.000000 -0.506582 0.000000
vt 0.810000 -0.562869 0.000000
vt 0.000000 -0.562869 0.000000
vt 0.810000 -0.619156 0.000000
vt 0.000000 -0.619156 0.000000
vt 0.810000 -0.675442 0.000000
vt 0.000000 -0.675442 0.000000
vt 0.810000 0.675442 0.000000
vt 0.000000 0.675442 0.000000
vt 0.810000 0.619156 0.000000
vt -0.000000 0.619156 0.000000
vt 0.810000 0.562869 0.000000
vt -0.000000 0.562869 0.000000
vt 0.810000 0.506582 0.000000
vt -0.000000 0.506582 0.000000
vt 0.810000 0.450295 0.000000
vt -0.000000 0.450295 0.000000
vt 0.810000 0.394008 0.000000
vt -0.000000 0.394008 0.000000
vt 0.810000 0.337721 0.000000
vt 0.000000 0.337721 0.000000
vt 0.810000 0.281434 0.000000
vt -0.000000 0.281434 0.000000
vt 0.810000 0.225147 0.000000
vt -0.000000 0.225147 0.000000
vt 0.810000 0.168861 0.000000
vt 0.000000 0.168861 0.000000
vt 0.810000 0.112574 0.000000
vt -0.000000 0.112574 0.000000
vt 0.810000 0.056287 0.000000
vt 0.000000 0.056287 0.000000
vt 0.810000 0.000000 0.000000
vt 0.000000 0.000000 0.000000
vt 0.810000 -0.056287 0.000000
vt 0.000000 -0.056287 0.000000
vt 0.810000 -0.112574 0.000000
vt 0.000000 -0.112574 0.000000
vt 0.810000 -0.168861 0.000000
vt 0.000000 -0.168861 0.000000
vt 0.810000 -0.225147 0.000000
vt -0.000000 -0.225147 0.000000
vt 0.810000 -0.281434 0.000000
vt 0.000000 -0.281434 0.000000
vt 0.810000 -0.337721 0.000000
vt -0.000000 -0.337721 0.000000
vt 0.810000 -0.394008 0.000000
vt 0.000000 -0.394008 0.000000
vt 0.810000 -0.450295 0.000000
vt -0.000000 -0.450295 0.000000
vt 0.810000 -0.506582 0.000000
vt 0.000000 -0.506582 0.000000
vt 0.810000 -0.562869 0.000000
vt -0.000000 -0.562869 0.000000
vt 0.207674 0.055646 0.000000
vt -0.207674 0.055646 0.000000
vt 0.215000 -0.000000 0.000000
vt -0.215000 -0.000000 0.000000
vt 0.207674 -0.055646 0.000000
vt -0.207674 -0.055646 0.000000
vt 0.186195 -0.107500 0.000000
vt -0.186195 -0.107500 0.000000
vt 0.152028 -0.152028 0.000000
vt -0.152028 -0.152028 0.000000
vt 0.107500 -0.186195 0.000000
vt -0.107500 -0.186195 0.000000
vt 0.055646 -0.207674 0.000000
vt -0.055646 -0.207674 0.000000
vt -0.000000 -0.215000 0.000000
vt -0.186195 0.107500 0.000000
vt 0.186195 0.107500 0.000000
vt -0.152028 0.152028 0.000000
vt 0.152028 0.152028 0.000000
vt -0.107500 0.186195 0.000000
vt 0.107500 0.186195 0.000000
vt -0.055646 0.207674 0.000000
vt 0.055646 0.207674 0.000000
vt -0.000000 0.215000 0.000000
vt -0.592326 0.055646 0.000000
vt -1.007674 0.055646 0.000000
vt -0.585000 -0.000000 0.000000
vt -1.015000 -0.000000 0.000000
vt -0.592326 -0.055646 0.000000
vt -1.007674 -0.055646 0.000000
vt -0.613805 -0.107500 0.000000
vt -0.986195 -0.107500 0.000000
vt -0.647972 -0.152028 0.000000
vt -0.952028 -0.152028 0.000000
vt -0.692500 -0.186195 0.000000
vt -0.907500 -0.186195 0.000000
vt -0.744354 -0.207674 0.000000
vt -0.855646 -0.207674 0.000000
vt -0.800000 -0.215000 0.000000
vt -0.986195 0.107500 0.000000
vt -0.613805 0.107500 0.000000
vt -0.952028 0.152028 0.000000
vt -0.647972 0.152028 0.000000
vt -0.907500 0.186195 0.000000
vt -0.692500 0.186195 0.000000
vt -0.855646 0.207674 0.000000
vt -0.744354 0.207674 0.000000
vt -0.800000 0.215000 0.000000
vt 0.810000 -0.619156 0.000000
vt -0.000000 -0.619156 0.000000
vt 0.810000 -0.675442 0.000000
vt 0.000000 -0.675442 0.000000
vt 0.810000 0.675442 0.000000
vt 0.000000 0.675442 0.000000
vt 0.810000 0.619156 0.000000
vt -0.000000 0.619156 0.000000
vt 0.810000 0.562869 0.000000
vt -0.000000 0.562869 0.000000
vt 0.810000 0.506582 0.000000
vt -0.000000 0.506582 0.000000
vt 0.810000 0.450295 0.000000
vt -0.000000 0.450295 0.000000
vt 0.810000 0.394008 0.000000
vt -0.000000 0.394008 0.000000
vt 0.810000 0.337721 0.000000
vt 0.000000 0.337721 0.000000
vt 0.810000 0.281434 0.000000
vt -0.000000 0.281434 0.000000
vt 0.810000 0.225147 0.000000
vt -0.000000 0.225147 0.000000
vt 0.810000 0.168861 0.000000
vt -0.000000 0.168861 0.000000
vt 0.810000 0.112574 0.000000
vt -0.000000 0.112574 0.000000
vt 0.810000 0.056287 0.000000
vt 0.000000 0.056287 0.000000
vt 0.810000 0.000000 0.000000
vt 0.000000 0.000000 0.000000
vt 0.810000 -0.056287 0.000000
vt -0.000000 -0.056287 0.000000
vt 0.810000 -0.112574 0.000000
vt 0.000000 -0.112574 0.000000
vt 0.810000 -0.168861 0.000000
vt 0.000000 -0.168861 0.000000
vt 0.810000 -0.225147 0.000000
vt -0.000000 -0.225147 0.000000
vt 0.810000 -0.281434 0.000000
vt -0.000000 -0.281434 0.000000
vt 0.810000 -0.337721 0.000000
vt -0.000000 -0.337721 0.000000
vt 0.810000 -0.394008 0.000000
vt -0.000000 -0.394008 0.000000
vt 0.810000 -0.450295 0.000000
vt -0.000000 -0.450295 0.000000
vt 0.810000 -0.506582 0.000000
vt 0.000000 -0.506582 0.000000
vt 0.810000 -0.562869 0.000000
vt -0.000000 -0.562869 0.000000
vt 1.007674 0.055646 0.000000
vt 0.592326 0.055646 0.000000
vt 1.015000 -0.000000 0.000000
vt 0.585000 -0.000000 0.000000
vt 1.007674 -0.055646 0.000000
vt 0.592326 -0.055646 0.000000
vt 0.986195 -0.107500 0.000000
vt 0.613805 -0.107500 0.000000
vt 0.952028 -0.152028 0.000000
vt 0.647972 -0.152028 0.000000
vt 0.907500 -0.186195 0.000000
vt 0.692500 -0.186195 0.000000
vt 0.855646 -0.207674 0.000000
vt 0.744354 -0.207674 0.000000
vt 0.800000 -0.215000 0.000000
vt 0.613805 0.107500 0.000000
vt 0.986195 0.107500 0.000000
vt 0.647972 0.152028 0.000000
vt 0.952028 0.152028 0.000000
vt 0.692500 0.186195 0.000000
vt 0.907500 0.186195 0.000000
vt 0.744354 0.207674 0.000000
vt 0.855646 0.207674 0.000000
vt 0.800000 0.215000 0.000000
vt 0.021000 -0.290859 0.000000
vt -0.149000 -0.290859 0.000000
vt 0.021000 -0.317301 0.000000
vt -0.149000 -0.317301 0.000000
vt 0.021000 0.317301 0.000000
vt -0.149000 0.317301 0.000000
vt 0.021000 0.290859 0.000000
vt -0.149000 0.290859 0.000000
vt 0.021000 0.264417 0.000000
vt -0.149000 0.264417 0.000000
vt 0.021000 0.237976 0.000000
vt -0.149000 0.237976 0.000000
vt 0.021000 0.211534 0.000000
vt -0.149000 0.211534 0.000000
vt 0.021000 0.185092 0.000000
vt -0.149000 0.185092 0.000000
vt 0.021000 0.158650 0.000000
vt -0.149000 0.158650 0.000000
vt 0.021000 0.132209 0.000000
vt -0.149000 0.132209 0.000000
vt 0.021000 0.105767 0.000000
vt -0.149000 0.105767 0.000000
vt 0.021000 0.079325 0.000000
vt -0.149000 0.079325 0.000000
vt 0.021000 0.052883 0.000000
vt -0.149000 0.052883 0.000000
vt 0.021000 0.026442 0.000000
vt -0.149000 0.026442 0.000000
vt 0.021000 0.000000 0.000000
vt -0.149000 -0.000000 0.000000
vt 0.021000 -0.026442 0.000000
vt -0.149000 -0.026442 0.000000
vt 0.021000 -0.052883 0.000000
vt -0.149000 -0.052883 0.000000
vt 0.021000 -0.079325 0.000000
vt -0.149000 -0.079325 0.000000
vt 0.021000 -0.105767 0.000000
vt -0.149000 -0.105767 0.000000
vt 0.021000 -0.132209 0.000000
vt -0.149000 -0.132209 0.000000
vt 0.021000 -0.158650 0.000000
vt -0.149000 -0.158650 0.000000
vt 0.021000 -0.185092 0.000000
vt -0.149000 -0.185092 0.000000
vt 0.021000 -0.211534 0.000000
vt -0.149000 -0.211534 0.000000
vt 0.021000 -0.237976 0.000000
vt -0.149000 -0.237976 0.000000
vt 0.021000 -0.264417 0.000000
vt -0.149000 -0.264417 0.000000
vt 0.097559 0.026141 0.000000
vt -0.097559 0.026141 0.000000
vt 0.101000 0.000000 0.000000
vt -0.101000 0.000000 0.000000
vt 0.097559 -0.026141 0.000000
vt -0.097559 -0.026141 0.000000
vt 0.087469 -0.050500 0.000000
vt -0.087469 -0.050500 0.000000
vt 0.071418 -0.071418 0.000000
vt -0.071418 -0.071418 0.000000
vt 0.050500 -0.087469 0.000000
vt -0.050500 -0.087469 0.000000
vt 0.026141 -0.097559 0.000000
vt -0.026141 -0.097559 0.000000
vt -0.000000 -0.101000 0.000000
vt -0.087469 0.050500 0.000000
vt 0.087469 0.050500 0.000000
vt -0.071418 0.071418 0.000000
vt 0.071418 0.071418 0.000000
vt -0.050500 0.087469 0.000000
vt 0.050500 0.087469 0.000000
vt -0.026141 0.097559 0.000000
vt 0.026141 0.097559 0.000000
vt -0.000000 0.101000 0.000000
vt 0.021000 -0.290859 0.000000
vt -0.149000 -0.290859 0.000000
vt 0.021000 -0.317301 0.000000
vt -0.149000 -0.317301 0.000000
vt 0.021000 0.317301 0.000000
vt -0.149000 0.317301 0.000000
vt 0.021000 0.290859 0.000000
vt -0.149000 0.290859 0.000000
vt 0.021000 0.264417 0.000000
vt -0.149000 0.264417 0.000000
vt 0.021000 0.237976 0.000000
vt -0.149000 0.237976 0.000000
vt 0.021000 0.211534 0.000000
vt -0.149000 0.211534 0.000000
vt 0.021000 0.185092 0.000000
vt -0.149000 0.185092 0.000000
vt 0.021000 0.158650 0.000000
vt -0.149000 0.158650 0.000000
vt 0.021000 0.132209 0.000000
vt -0.149000 0.132209 0.000000
vt 0.021000 0.105767 0.000000
vt -0.149000 0.105767 0.000000
vt 0.021000 0.079325 0.000000
vt -0.149000 0.079325 0.000000
vt 0.021000 0.052883 0.000000
vt -0.149000 0.052883 0.000000
vt 0.021000 0.026442 0.000000
vt -0.149000 0.026442 0.000000
vt 0.021000 0.000000 0.000000
vt -0.149000 -0.000000 0.000000
vt 0.021000 -0.026442 0.000000
vt -0.149000 -0.026442 0.000000
vt 0.021000 -0.052883 0.000000
vt -0.149000 -0.052883 0.000000
vt 0.021000 -0.079325 0.000000
vt -0.149000 -0.079325 0.000000
vt 0.021000 -0.105767 0.000000
vt -0.149000 -0.105767 0.000000
vt 0.021000 -0.132209 0.000000
vt -0.149000 -0.132209 0.000000
vt 0.021000 -0.158650 0.000000
vt -0.149000 -0.158650 0.000000
vt 0.021000 -0.185092 0.000000
vt -0.149000 -0.185092 0.000000
vt 0.021000 -0.211534 0.000000
vt -0.149000 -0.211534 0.000000
vt 0.021000 -0.237976 0.000000
vt -0.149000 -0.237976 0.000000
vt 0.021000 -0.264417 0.000000
vt -0.149000 -0.264417 0.000000
vt 0.097559 0.026141 0.000000
vt -0.097559 0.026141 0.000000
vt 0.101000 0.000000 0.000000
vt -0.101000 0.000000 0.000000
vt 0.097559 -0.026141 0.000000
vt -0.097559 -0.026141 0.000000
vt 0.087469 -0.050500 0.000000
vt -0.087469 -0.050500 0.000000
vt 0.071418 -0.071418 0.000000
vt -0.071418 -0.071418 0.000000
vt 0.050500 -0.087469 0.000000
vt -0.050500 -0.087469 0.000000
vt 0.026141 -0.097559 0.000000
vt -0.026141 -0.097559 0.000000
vt -0.000000 -0.101000 0.000000
vt -0.087469 0.050500 0.000000
vt 0.087469 0.050500 0.000000
vt -0.071418 0.071418 0.000000
vt 0.071418 0.071418 0.000000
vt -0.050500 0.087469 0.000000
vt 0.050500 0.087469 0.000000
vt -0.026141 0.097559 0.000000
vt 0.026141 0.097559 0.000000
vt -0.000000 0.101000 0.000000
vt 0.021000 -0.290859 0.000000
vt -0.149000 -0.290859 0.000000
vt 0.021000 -0.317301 0.000000
vt -0.149000 -0.317301 0.000000
vt 0.021000 0.317301 0.000000
vt -0.149000 0.317301 0.000000
vt 0.021000 0.290859 0.000000
vt -0.149000 0.290859 0.000000
vt 0.021000 0.264417 0.000000
vt -0.149000 0.264417 0.000000
vt 0.021000 0.237976 0.000000
vt -0.149000 0.237976 0.000000
vt 0.021000 0.211534 0.000000
vt -0.149000 0.211534 0.000000
vt 0.021000 0.185092 0.000000
vt -0.149000 0.185092 0.000000
vt 0.021000 0.158650 0.000000
vt -0.149000 0.158650 0.000000
vt 0.021000 0.132209 0.000000
vt -0.149000 0.132209 0.000000
vt 0.021000 0.105767 0.000000
vt -0.149000 0.105767 0.000000
vt 0.021000 0.079325 0.000000
vt -0.149000 0.079325 0.000000
vt 0.021000 0.052883 0.000000
vt -0.149000 0.052883 0.000000
vt 0.021000 0.026442 0.000000
vt -0.149000 0.026442 0.000000
vt 0.021000 0.000000 0.000000
vt -0.149000 -0.000000 0.000000
vt 0.021000 -0.026442 0.000000
vt -0.149000 -0.026442 0.000000
vt 0.021000 -0.052883 0.000000
vt -0.149000 -0.052883 0.000000
vt 0.021000 -0.079325 0.000000
vt -0.149000 -0.079325 0.000000
vt 0.021000 -0.105767 0.000000
vt -0.149000 -0.105767 0.000000
vt 0.021000 -0.132209 0.000000
vt -0.149000 -0.132209 0.000000
vt 0.021000 -0.158650 0.000000
vt -0.149000 -0.158650 0.000000
vt 0.021000 -0.185092 0.000000
vt -0.149000 -0.185092 0.000000
vt 0.021000 -0.211534 0.000000
vt -0.149000 -0.211534 0.000000
vt 0.021000 -0.237976 0.000000
vt -0.149000 -0.237976 0.000000
vt 0.021000 -0.264417 0.000000
vt -0.149000 -0.264417 0.000000
vt 0.097559 0.026141 0.000000
vt -0.097559 0.026141 0.000000
vt 0.101000 0.000000 0.000000
vt -0.101000 0.000000 0.000000
vt 0.097559 -0.026141 0.000000
vt -0.097559 -0.026141 0.000000
vt 0.087469 -0.050500 0.000000
vt -0.087469 -0.050500 0.000000
vt 0.071418 -0.071418 0.000000
vt -0.071418 -0.071418 0.000000
vt 0.050500 -0.087469 0.000000
vt -0.050500 -0.087469 0.000000
vt 0.026141 -0.097559 0.000000
vt -0.026141 -0.097559 0.000000
vt -0.000000 -0.101000 0.000000
vt -0.087469 0.050500 0.000000
vt 0.087469 0.050500 0.000000
vt -0.071418 0.071418 0.000000
vt 0.071418 0.071418 0.000000
vt -0.050500 0.087469 0.000000
vt 0.050500 0.087469 0.000000
vt -0.026141 0.097559 0.000000
vt 0.026141 0.097559 0.000000
vt -0.000000 0.101000 0.000000
vt 0.021000 -0.290859 0.000000
vt -0.149000 -0.290859 0.000000
vt 0.021000 -0.317301 0.000000
vt -0.149000 -0.317301 0.000000
vt 0.021000 0.317301 0.000000
vt -0.149000 0.317301 0.000000
vt 0.021000 0.290859 0.000000
vt -0.149000 0.290859 0.000000
vt 0.021000 0.264417 0.000000
vt -0.149000 0.264417 0.000000
vt 0.021000 0.237976 0.000000
vt -0.149000 0.237976 0.000000
vt 0.021000 0.211534 0.000000
vt -0.149000 0.211534 0.000000
vt 0.021000 0.185092 0.000000
vt -0.149000 0.185092 0.000000
vt 0.021000 0.158650 0.000000
vt -0.149000 0.158650 0.000000
vt 0.021000 0.132209 0.000000
vt -0.149000 0.132209 0.000000
vt 0.021000 0.105767 0.000000
vt -0.149000 0.105767 0.000000
vt 0.021000 0.079325 0.000000
vt -0.149000 0.079325 0.000000
vt 0.021000 0.052883 0.000000
vt -0.149000 0.052883 0.000000
vt 0.021000 0.026442 0.000000
vt -0.149000 0.026442 0.000000
vt 0.021000 0.000000 0.000000
vt -0.149000 -0.000000 0.000000
vt 0.021000 -0.026442 0.000000
vt -0.149000 -0.026442 0.000000
vt 0.021000 -0.052883 0.000000
vt -0.149000 -0.052883 0.000000
vt 0.021000 -0.079325 0.000000
vt -0.149000 -0.079325 0.000000
vt 0.021000 -0.105767 0.000000
vt -0.149000 -0.105767 0.000000
vt 0.021000 -0.132209 0.000000
vt -0.149000 -0.132209 0.000000
vt 0.021000 -0.158650 0.000000
vt -0.149000 -0.158650 0.000000
vt 0.021000 -0.185092 0.000000
vt -0.149000 -0.185092 0.000000
vt 0.021000 -0.211534 0.000000
vt -0.149000 -0.211534 0.000000
vt 0.021000 -0.237976 0.000000
vt -0.149000 -0.237976 0.000000
vt 0.021000 -0.264417 0.000000
vt -0.149000 -0.264417 0.000000
vt 0.097559 0.026141 0.000000
vt -0.097559 0.026141 0.000000
vt 0.101000 0.000000 0.000000
vt -0.101000 0.000000 0.000000
vt 0.097559 -0.026141 0.000000
vt -0.097559 -0.026141 0.000000
vt 0.087469 -0.050500 0.000000
vt -0.087469 -0.050500 0.000000
vt 0.071418 -0.071418 0.000000
vt -0.071418 -0.071418 0.000000
vt 0.050500 -0.087469 0.000000
vt -0.050500 -0.087469 0.000000
vt 0.026141 -0.097559 0.000000
vt -0.026141 -0.097559 0.000000
vt -0.000000 -0.101000 0.000000
vt -0.087469 0.050500 0.000000
vt 0.087469 0.050500 0.000000
vt -0.071418 0.071418 0.000000
vt 0.071418 0.071418 0.000000
vt -0.050500 0.087469 0.000000
vt 0.050500 0.087469 0.000000
vt -0.026141 0.097559 0.000000
vt 0.026141 0.097559 0.000000
vt -0.000000 0.101000 0.000000
vt 0.021000 -0.290859 0.000000
vt -0.149000 -0.290859 0.000000
vt 0.021000 -0.317301 0.000000
vt -0.149000 -0.317301 0.000000
vt 0.021000 0.317301 0.000000
vt -0.149000 0.317301 0.000000
vt 0.021000 0.290859 0.000000
vt -0.149000 0.290859 0.000000
vt 0.021000 0.264417 0.000000
vt -0.149000 0.264417 0.000000
vt 0.021000 0.237976 0.000000
vt -0.149000 0.237976 0.000000
vt 0.021000 0.211534 0.000000
vt -0.149000 0.211534 0.000000
vt 0.021000 0.185092 0.000000
vt -0.149000 0.185092 0.000000
vt 0.021000 0.158650 0.000000
vt -0.149000 0.158650 0.000000
vt 0.021000 0.132209 0.000000
vt -0.149000 0.132209 0.000000
vt 0.021000 0.105767 0.000000
vt -0.149000 0.105767 0.000000
vt 0.021000 0.079325 0.000000
vt -0.149000 0.079325 0.000000
vt 0.021000 0.052883 0.000000
vt -0.149000 0.052883 0.000000
vt 0.021000 0.026442 0.000000
vt -0.149000 0.026442 0.000000
vt 0.021000 0.000000 0.000000
vt -0.149000 -0.000000 0.000000
vt 0.021000 -0.026442 0.000000
vt -0.149000 -0.026442 0.000000
vt 0.021000 -0.052883 0.000000
vt -0.149000 -0.052883 0.000000
vt 0.021000 -0.079325 0.000000
vt -0.149000 -0.079325 0.000000
vt 0.021000 -0.105767 0.000000
vt -0.149000 -0.105767 0.000000
vt 0.021000 -0.132209 0.000000
vt -0.149000 -0.132209 0.000000
vt 0.021000 -0.158650 0.000000
vt -0.149000 -0.158650 0.000000
vt 0.021000 -0.185092 0.000000
vt -0.149000 -0.185092 0.000000
vt 0.021000 -0.211534 0.000000
vt -0.149000 -0.211534 0.000000
vt 0.021000 -0.237976 0.000000
vt -0.149000 -0.237976 0.000000
vt 0.021000 -0.264417 0.000000
vt -0.149000 -0.264417 0.000000
vt 0.097559 0.026141 0.000000
vt -0.097559 0.026141 0.000000
vt 0.101000 0.000000 0.000000
vt -0.101000 0.000000 0.000000
vt 0.097559 -0.026141 0.000000
vt -0.097559 -0.026141 0.000000
vt 0.087469 -0.050500 0.000000
vt -0.087469 -0.050500 0.000000
vt 0.071418 -0.071418 0.000000
vt -0.071418 -0.071418 0.000000
vt 0.050500 -0.087469 0.000000
vt -0.050500 -0.087469 0.000000
vt 0.026141 -0.097559 0.000000
vt -0.026141 -0.097559 0.000000
vt -0.000000 -0.101000 0.000000
vt -0.087469 0.050500 0.000000
vt 0.087469 0.050500 0.000000
vt -0.071418 0.071418 0.000000
vt 0.071418 0.071418 0.000000
vt -0.050500 0.087469 0.000000
vt 0.050500 0.087469 0.000000
vt -0.026141 0.097559 0.000000
vt 0.026141 0.097559 0.000000
vt -0.000000 0.101000 0.000000
vt 0.021000 -0.290859 0.000000
vt -0.149000 -0.290859 0.000000
vt 0.021000 -0.317301 0.000000
vt -0.149000 -0.317301 0.000000
vt 0.021000 0.317301 0.000000
vt -0.149000 0.317301 0.000000
vt 0.021000 0.290859 0.000000
vt -0.149000 0.290859 0.000000
vt 0.021000 0.264417 0.000000
vt -0.149000 0.264417 0.000000
vt 0.021000 0.237976 0.000000
vt -0.149000 0.237976 0.000000
vt 0.021000 0.211534 0.000000
vt -0.149000 0.211534 0.000000
vt 0.021000 0.185092 0.000000
vt -0.149000 0.185092 0.000000
vt 0.021000 0.158650 0.000000
vt -0.149000 0.158650 0.000000
vt 0.021000 0.132209 0.000000
vt -0.149000 0.132209 0.000000
vt 0.021000 0.105767 0.000000
vt -0.149000 0.105767 0.000000
vt 0.021000 0.079325 0.000000
vt -0.149000 0.079325 0.000000
vt 0.021000 0.052883 0.000000
vt -0.149000 0.052883 0.000000
vt 0.021000 0.026442 0.000000
vt -0.149000 0.026442 0.000000
vt 0.021000 0.000000 0.000000
vt -0.149000 -0.000000 0.000000
vt 0.021000 -0.026442 0.000000
vt -0.149000 -0.026442 0.000000
vt 0.021000 -0.052883 0.000000
vt -0.149000 -0.052883 0.000000
vt 0.021000 -0.079325 0.000000
vt -0.149000 -0.079325 0.000000
vt 0.021000 -0.105767 0.000000
vt -0.149000 -0.105767 0.000000
vt 0.021000 -0.132209 0.000000
vt -0.149000 -0.132209 0.000000
vt 0.021000 -0.158650 0.000000
vt -0.149000 -0.158650 0.000000
vt 0.021000 -0.185092 0.000000
vt -0.149000 -0.185092 0.000000
vt 0.021000 -0.211534 0.000000
vt -0.149000 -0.211534 0.000000
vt 0.021000 -0.237976 0.000000
vt -0.149000 -0.237976 0.000000
vt 0.021000 -0.264417 0.000000
vt -0.149000 -0.264417 0.000000
vt 0.097559 0.026141 0.000000
vt -0.097559 0.026141 0.000000
vt 0.101000 0.000000 0.000000
vt -0.101000 0.000000 0.000000
vt 0.097559 -0.026141 0.000000
vt -0.097559 -0.026141 0.000000
vt 0.087469 -0.050500 0.000000
vt -0.087469 -0.050500 0.000000
vt 0.071418 -0.071418 0.000000
vt -0.071418 -0.071418 0.000000
vt 0.050500 -0.087469 0.000000
vt -0.050500 -0.087469 0.000000
vt 0.026141 -0.097559 0.000000
vt -0.026141 -0.097559 0.000000
vt -0.000000 -0.101000 0.000000
vt -0.087469 0.050500 0.000000
vt 0.087469 0.050500 0.000000
vt -0.071418 0.071418 0.000000
vt 0.071418 0.071418 0.000000
vt -0.050500 0.087469 0.000000
vt 0.050500 0.087469 0.000000
vt -0.026141 0.097559 0.000000
vt 0.026141 0.097559 0.000000
vt -0.000000 0.101000 0.000000
vt 0.021000 -0.290859 0.000000
vt -0.149000 -0.290859 0.000000
vt 0.021000 -0.317301 0.000000
vt -0.149000 -0.317301 0.000000
vt 0.021000 0.317301 0.000000
vt -0.149000 0.317301 0.000000
vt 0.021000 0.290859 0.000000
vt -0.149000 0.290859 0.000000
vt 0.021000 0.264417 0.000000
vt -0.149000 0.264417 0.000000
vt 0.021000 0.237976 0.000000
vt -0.149000 0.237976 0.000000
vt 0.021000 0.211534 0.000000
vt -0.149000 0.211534 0.000000
vt 0.021000 0.185092 0.000000
vt -0.149000 0.185092 0.000000
vt 0.021000 0.158650 0.000000
vt -0.149000 0.158650 0.000000
vt 0.021000 0.132209 0.000000
vt -0.149000 0.132209 0.000000
vt 0.021000 0.105767 0.000000
vt -0.149000 0.105767 0.000000
vt 0.021000 0.079325 0.000000
vt -0.149000 0.079325 0.000000
vt 0.021000 0.052883 0.000000
vt -0.149000 0.052883 0.000000
vt 0.021000 0.026442 0.000000
vt -0.149000 0.026442 0.000000
vt 0.021000 0.000000 0.000000
vt -0.149000 -0.000000 0.000000
vt 0.021000 -0.026442 0.000000
vt -0.149000 -0.026442 0.000000
vt 0.021000 -0.052883 0.000000
vt -0.149000 -0.052883 0.000000
vt 0.021000 -0.079325 0.000000
vt -0.149000 -0.079325 0.000000
vt 0.021000 -0.105767 0.000000
vt -0.149000 -0.105767 0.000000
vt 0.021000 -0.132209 0.000000
vt -0.149000 -0.132209 0.000000
vt 0.021000 -0.158650 0.000000
vt -0.149000 -0.158650 0.000000
vt 0.021000 -0.185092 0.000000
vt -0.149000 -0.185092 0.000000
vt 0.021000 -0.211534 0.000000
vt -0.149000 -0.211534 0.000000
vt 0.021000 -0.237976 0.000000
vt -0.149000 -0.237976 0.000000
vt 0.021000 -0.264417 0.000000
vt -0.149000 -0.264417 0.000000
vt 0.097559 0.026141 0.000000
vt -0.097559 0.026141 0.000000
vt 0.101000 0.000000 0.000000
vt -0.101000 0.000000 0.000000
vt 0.097559 -0.026141 0.000000
vt -0.097559 -0.026141 0.000000
vt 0.087469 -0.050500 0.000000
vt -0.087469 -0.050500 0.000000
vt 0.071418 -0.071418 0.000000
vt -0.071418 -0.071418 0.000000
vt 0.050500 -0.087469 0.000000
vt -0.050500 -0.087469 0.000000
vt 0.026141 -0.097559 0.000000
vt -0.026141 -0.097559 0.000000
vt -0.000000 -0.101000 0.000000
vt -0.087469 0.050500 0.000000
vt 0.087469 0.050500 0.000000
vt -0.071418 0.071418 0.000000
vt 0.071418 0.071418 0.000000
vt -0.050500 0.087469 0.000000
vt 0.050500 0.087469 0.000000
vt -0.026141 0.097559 0.000000
vt 0.026141 0.097559 0.000000
vt -0.000000 0.101000 0.000000
vt 0.021000 -0.290859 0.000000
vt -0.149000 -0.290859 0.000000
vt 0.021000 -0.317301 0.000000
vt -0.149000 -0.317301 0.000000
vt 0.021000 0.317301 0.000000
vt -0.149000 0.317301 0.000000
vt 0.021000 0.290859 0.000000
vt -0.149000 0.290859 0.000000
vt 0.021000 0.264417 0.000000
vt -0.149000 0.264417 0.000000
vt 0.021000 0.237976 0.000000
vt -0.149000 0.237976 0.000000
vt 0.021000 0.211534 0.000000
vt -0.149000 0.211534 0.000000
vt 0.021000 0.185092 0.000000
vt -0.149000 0.185092 0.000000
vt 0.021000 0.158650 0.000000
vt -0.149000 0.158650 0.000000
vt 0.021000 0.132209 0.000000
vt -0.149000 0.132209 0.000000
vt 0.021000 0.105767 0.000000
vt -0.149000 0.105767 0.000000
vt 0.021000 0.079325 0.000000
vt -0.149000 0.079325 0.000000
vt 0.021000 0.052883 0.000000
vt -0.149000 0.052883 0.000000
vt 0.021000 0.026442 0.000000
vt -0.149000 0.026442 0.000000
vt 0.021000 0.000000 0.000000
vt -0.149000 -0.000000 0.000000
vt 0.021000 -0.026442 0.000000
vt -0.149000 -0.026442 0.000000
vt 0.021000 -0.052883 0.000000
vt -0.149000 -0.052883 0.000000
vt 0.021000 -0.079325 0.000000
vt -0.149000 -0.079325 0.000000
vt 0.021000 -0.105767 0.000000
vt -0.149000 -0.105767 0.000000
vt 0.021000 -0.132209 0.000000
vt -0.149000 -0.132209 0.000000
vt 0.021000 -0.158650 0.000000
vt -0.149000 -0.158650 0.000000
vt 0.021000 -0.185092 0.000000
vt -0.149000 -0.185092 0.000000
vt 0.021000 -0.211534 0.000000
vt -0.149000 -0.211534 0.000000
vt 0.021000 -0.237976 0.000000
vt -0.149000 -0.237976 0.000000
vt 0.021000 -0.264417 0.000000
vt -0.149000 -0.264417 0.000000
vt 0.097559 0.026141 0.000000
vt -0.097559 0.026141 0.000000
vt 0.101000 0.000000 0.000000
vt -0.101000 0.000000 0.000000
vt 0.097559 -0.026141 0.000000
vt -0.097559 -0.026141 0.000000
vt 0.087469 -0.050500 0.000000
vt -0.087469 -0.050500 0.000000
vt 0.071418 -0.071418 0.000000
vt -0.071418 -0.071418 0.000000
vt 0.050500 -0.087469 0.000000
vt -0.050500 -0.087469 0.000000
vt 0.026141 -0.097559 0.000000
vt -0.026141 -0.097559 0.000000
vt -0.000000 -0.101000 0.000000
vt -0.087469 0.050500 0.000000
vt 0.087469 0.050500 0.000000
vt -0.071418 0.071418 0.000000
vt 0.071418 0.071418 0.000000
vt -0.050500 0.087469 0.000000
vt 0.050500 0.087469 0.000000
vt -0.026141 0.097559 0.000000
vt 0.026141 0.097559 0.000000
vt -0.000000 0.101000 0.000000
vt -3.031000 0.000000 0.000000
vt -0.149000 0.000000 0.000000
vt -3.031000 0.811000 0.000000
vt -0.149000 0.811000 0.000000
vt -1.431000 0.000000 0.000000
vt -0.149000 0.000000 0.000000
vt -1.431000 0.811000 0.000000
vt -0.149000 0.811000 0.000000
vt -3.031000 0.000000 0.000000
vt -0.149000 0.000000 0.000000
vt -3.031000 0.811000 0.000000
vt -0.149000 0.811000 0.000000
vt -1.431000 0.000000 0.000000
vt -0.149000 0.000000 0.000000
vt -1.431000 0.811000 0.000000
vt -0.149000 0.811000 0.000000
vt 1.104267 -0.081528 0.000000
vt 1.250500 -0.312531 0.000000
vt 1.115000 -0.000000 0.000000
vt 1.271418 -0.328582 0.000000
vt 1.271418 0.328582 0.000000
vt 1.287469 -0.349500 0.000000
vt 1.287469 0.349500 0.000000
vt 1.297559 0.373859 0.000000
vt 1.297559 -0.373859 0.000000
vt 1.441000 -0.641000 0.000000
vt 1.301000 -0.400000 0.000000
vt 1.297559 -0.426141 0.000000
vt 1.226141 -0.302441 0.000000
vt 1.072798 -0.157500 0.000000
vt 1.200000 -0.299000 0.000000
vt 1.022739 -0.222739 0.000000
vt 1.173859 -0.302441 0.000000
vt 1.149500 -0.312531 0.000000
vt 0.957500 -0.272798 0.000000
vt 1.128582 -0.328582 0.000000
vt 1.112531 -0.349500 0.000000
vt 0.881528 -0.304267 0.000000
vt 1.102441 -0.373859 0.000000
vt 1.099000 -0.400000 0.000000
vt 0.800000 -0.315000 0.000000
vt 1.102441 -0.426141 0.000000
vt 0.497559 -0.426141 0.000000
vt 1.112531 -0.450500 0.000000
vt 0.487469 -0.450500 0.000000
vt 1.128582 -0.471418 0.000000
vt 0.471418 -0.471418 0.000000
vt 1.149500 -0.487469 0.000000
vt 0.450500 -0.487469 0.000000
vt 1.173859 -0.497559 0.000000
vt 0.426141 -0.497559 0.000000
vt 0.400000 -0.501000 0.000000
vt -0.400000 -0.501000 0.000000
vt -0.373859 -0.497559 0.000000
vt 0.373859 -0.497559 0.000000
vt -0.349500 -0.487469 0.000000
vt 0.349500 -0.487469 0.000000
vt -0.328582 -0.471418 0.000000
vt 0.328582 -0.471418 0.000000
vt -0.312531 -0.450500 0.000000
vt 0.312531 -0.450500 0.000000
vt -0.302441 -0.426141 0.000000
vt 0.302441 -0.426141 0.000000
vt -0.000000 -0.315000 0.000000
vt 0.299000 -0.400000 0.000000
vt 0.081528 -0.304267 0.000000
vt 0.302441 -0.373859 0.000000
vt 0.312531 -0.349500 0.000000
vt 0.501000 -0.400000 0.000000
vt 0.718472 -0.304267 0.000000
vt 0.497559 -0.373859 0.000000
vt 0.487469 -0.349500 0.000000
vt 0.642500 -0.272798 0.000000
vt 0.471418 -0.328582 0.000000
vt 0.450500 -0.312531 0.000000
vt 0.577261 -0.222739 0.000000
vt 0.426141 -0.302441 0.000000
vt 0.400000 -0.299000 0.000000
vt 0.222739 -0.222739 0.000000
vt 0.373859 -0.302441 0.000000
vt 0.349500 -0.312531 0.000000
vt 0.157500 -0.272798 0.000000
vt 0.328582 -0.328582 0.000000
vt 0.272798 -0.157500 0.000000
vt 0.527202 -0.157500 0.000000
vt 0.304267 -0.081528 0.000000
vt 0.495733 -0.081528 0.000000
vt 0.315000 -0.000000 0.000000
vt 0.485000 -0.000000 0.000000
vt 0.304267 0.081528 0.000000
vt 0.495733 0.081528 0.000000
vt 0.272798 0.157500 0.000000
vt 0.527202 0.157500 0.000000
vt 0.222739 0.222739 0.000000
vt 0.577261 0.222739 0.000000
vt 0.400000 0.299000 0.000000
vt 0.426141 0.302441 0.000000
vt 0.450500 0.312531 0.000000
vt 0.642500 0.272798 0.000000
vt 0.471418 0.328582 0.000000
vt 0.487469 0.349500 0.000000
vt 0.718472 0.304267 0.000000
vt 0.497559 0.373859 0.000000
vt 0.501000 0.400000 0.000000
vt 0.800000 0.315000 0.000000
vt 0.497559 0.426141 0.000000
vt 1.102441 0.426141 0.000000
vt 0.487469 0.450500 0.000000
vt 1.112531 0.450500 0.000000
vt 0.471418 0.471418 0.000000
vt 1.128582 0.471418 0.000000
vt 0.450500 0.487469 0.000000
vt 1.149500 0.487469 0.000000
vt 0.426141 0.497559 0.000000
vt 1.173859 0.497559 0.000000
vt 1.441000 0.641000 0.000000
vt 1.200000 0.501000 0.000000
vt 1.226141 0.497559 0.000000
vt 1.099000 0.400000 0.000000
vt 0.881528 0.304267 0.000000
vt 1.102441 0.373859 0.000000
vt 1.112531 0.349500 0.000000
vt 0.957500 0.272798 0.000000
vt 1.128582 0.328582 0.000000
vt 1.149500 0.312531 0.000000
vt 1.022739 0.222739 0.000000
vt 1.173859 0.302441 0.000000
vt 1.200000 0.299000 0.000000
vt 1.072798 0.157500 0.000000
vt 1.226141 0.302441 0.000000
vt 1.104267 0.081528 0.000000
vt 1.250500 0.312531 0.000000
vt 1.301000 0.400000 0.000000
vt 1.297559 0.426141 0.000000
vt 1.287469 0.450500 0.000000
vt 1.271418 0.471418 0.000000
vt 1.250500 0.487469 0.000000
vt 0.400000 0.501000 0.000000
vt -1.441000 0.641000 0.000000
vt -0.400000 0.501000 0.000000
vt -0.426141 0.497559 0.000000
vt -1.173859 0.497559 0.000000
vt -0.450500 0.487469 0.000000
vt -1.149500 0.487469 0.000000
vt -0.471418 0.471418 0.000000
vt -1.128582 0.471418 0.000000
vt -0.487469 0.450500 0.000000
vt -1.112531 0.450500 0.000000
vt -0.497559 0.426141 0.000000
vt -1.102441 0.426141 0.000000
vt -0.800000 0.315000 0.000000
vt -1.099000 0.400000 0.000000
vt -0.881528 0.304267 0.000000
vt -1.102441 0.373859 0.000000
vt -1.112531 0.349500 0.000000
vt -1.441000 -0.641000 0.000000
vt -1.297559 0.373859 0.000000
vt -1.301000 0.400000 0.000000
vt -1.297559 0.426141 0.000000
vt -0.426141 -0.497559 0.000000
vt -1.173859 -0.497559 0.000000
vt -1.149500 -0.487469 0.000000
vt -0.450500 -0.487469 0.000000
vt -1.128582 -0.471418 0.000000
vt -0.471418 -0.471418 0.000000
vt -1.112531 -0.450500 0.000000
vt -0.487469 -0.450500 0.000000
vt -1.102441 -0.426141 0.000000
vt -0.497559 -0.426141 0.000000
vt -0.800000 -0.315000 0.000000
vt -0.501000 -0.400000 0.000000
vt -0.718472 -0.304267 0.000000
vt -0.497559 -0.373859 0.000000
vt -0.487469 -0.349500 0.000000
vt 0.302441 0.426141 0.000000
vt -0.000000 0.315000 0.000000
vt 0.299000 0.400000 0.000000
vt 0.081528 0.304267 0.000000
vt 0.302441 0.373859 0.000000
vt 0.312531 0.349500 0.000000
vt 0.157500 0.272798 0.000000
vt 0.328582 0.328582 0.000000
vt 0.349500 0.312531 0.000000
vt 0.373859 0.302441 0.000000
vt 0.312531 0.450500 0.000000
vt -0.312531 0.450500 0.000000
vt -0.302441 0.426141 0.000000
vt -0.299000 0.400000 0.000000
vt -0.081528 0.304267 0.000000
vt -0.302441 0.373859 0.000000
vt -0.312531 0.349500 0.000000
vt -0.328582 0.471418 0.000000
vt 0.328582 0.471418 0.000000
vt -0.349500 0.487469 0.000000
vt 0.349500 0.487469 0.000000
vt -0.373859 0.497559 0.000000
vt 0.373859 0.497559 0.000000
vt -0.501000 0.400000 0.000000
vt -0.718472 0.304267 0.000000
vt -0.497559 0.373859 0.000000
vt -0.487469 0.349500 0.000000
vt -0.642500 0.272798 0.000000
vt -0.471418 0.328582 0.000000
vt -0.450500 0.312531 0.000000
vt -0.577261 0.222739 0.000000
vt -0.426141 0.302441 0.000000
vt -0.400000 0.299000 0.000000
vt -0.222739 0.222739 0.000000
vt -0.373859 0.302441 0.000000
vt -0.349500 0.312531 0.000000
vt -0.157500 0.272798 0.000000
vt -0.328582 0.328582 0.000000
vt -1.287469 0.450500 0.000000
vt -1.271418 0.471418 0.000000
vt -1.250500 0.487469 0.000000
vt -1.226141 0.497559 0.000000
vt -1.200000 0.501000 0.000000
vt -0.957500 0.272798 0.000000
vt -1.128582 0.328582 0.000000
vt -1.149500 0.312531 0.000000
vt -1.022739 0.222739 0.000000
vt -1.173859 0.302441 0.000000
vt -1.200000 0.299000 0.000000
vt -1.072798 0.157500 0.000000
vt -1.226141 0.302441 0.000000
vt -1.104267 0.081528 0.000000
vt -1.250500 0.312531 0.000000
vt -1.115000 -0.000000 0.000000
vt -1.271418 0.328582 0.000000
vt -1.271418 -0.328582 0.000000
vt -1.287469 -0.349500 0.000000
vt -1.287469 0.349500 0.000000
vt 1.287469 -0.450500 0.000000
vt 1.271418 -0.471418 0.000000
vt 1.250500 -0.487469 0.000000
vt 1.226141 -0.497559 0.000000
vt 1.200000 -0.501000 0.000000
vt -0.642500 -0.272798 0.000000
vt -0.471418 -0.328582 0.000000
vt -0.450500 -0.312531 0.000000
vt -0.577261 -0.222739 0.000000
vt -0.426141 -0.302441 0.000000
vt -0.400000 -0.299000 0.000000
vt -0.222739 -0.222739 0.000000
vt -0.373859 -0.302441 0.000000
vt -0.349500 -0.312531 0.000000
vt -0.157500 -0.272798 0.000000
vt -0.328582 -0.328582 0.000000
vt -0.312531 -0.349500 0.000000
vt -0.081528 -0.304267 0.000000
vt -0.302441 -0.373859 0.000000
vt -0.299000 -0.400000 0.000000
vt -1.297559 -0.426141 0.000000
vt -1.301000 -0.400000 0.000000
vt -1.297559 -0.373859 0.000000
vt -1.250500 -0.312531 0.000000
vt -1.104267 -0.081528 0.000000
vt -1.226141 -0.302441 0.000000
vt -1.072798 -0.157500 0.000000
vt -1.200000 -0.299000 0.000000
vt -1.022739 -0.222739 0.000000
vt -1.173859 -0.302441 0.000000
vt -1.149500 -0.312531 0.000000
vt -0.957500 -0.272798 0.000000
vt -1.128582 -0.328582 0.000000
vt -1.112531 -0.349500 0.000000
vt -0.881528 -0.304267 0.000000
vt -1.102441 -0.373859 0.000000
vt -1.099000 -0.400000 0.000000
vt -1.200000 -0.501000 0.000000
vt -1.226141 -0.497559 0.000000
vt -1.250500 -0.487469 0.000000
vt -1.271418 -0.471418 0.000000
vt -1.287469 -0.450500 0.000000
vt -0.527202 -0.157500 0.000000
vt -0.272798 -0.157500 0.000000
vt -0.495733 -0.081528 0.000000
vt -0.304267 -0.081528 0.000000
vt -0.485000 -0.000000 0.000000
vt -0.315000 -0.000000 0.000000
vt -0.495733 0.081528 0.000000
vt -0.304267 0.081528 0.000000
vt -0.527202 0.157500 0.000000
vt -0.272798 0.157500 0.000000
vt 0.020000 0.000000 0.000000
vt 3.160000 0.000000 0.000000
vt 0.020000 0.940000 0.000000
vt 3.160000 0.940000 0.000000
vt 0.020000 0.000000 0.000000
vt 1.560000 0.000000 0.000000
vt 0.020000 0.940000 0.000000
vt 1.560000 0.940000 0.000000
vn 0.258819 0.000000 0.965926
vn 0.000000 0.000000 1.000000
vn 0.185744 -0.153913 0.970469
vn 0.000000 -0.258819 0.965926
vn 0.084530 -0.388644 0.917502
vn 0.000000 -0.500000 0.866025
vn 0.310406 -0.459042 0.832423
vn 0.201121 -0.666568 0.717801
vn 0.518881 -0.495400 0.696665
vn 0.407464 -0.702554 0.583430
vn 0.696665 -0.495400 0.518881
vn 0.583430 -0.702554 0.407464
vn 0.832423 -0.459042 0.310406
vn 0.717801 -0.666568 0.201121
vn 0.866025 -0.500000 0.000000
vn 0.707107 -0.707107 0.000000
vn 0.554261 -0.828668 0.078131
vn 0.500000 -0.866025 0.000000
vn 0.430436 -0.861830 0.268280
vn 0.248108 -0.962374 0.110813
vn 0.110813 -0.962374 0.248108
vn 0.000000 -1.000000 0.000000
vn 0.000000 -0.965926 0.258819
vn 0.000000 -0.866025 0.500000
vn 0.268280 -0.861830 0.430436
vn 0.078131 -0.828668 0.554261
vn 0.000000 -0.707107 0.707107
vn 0.258819 -0.965926 0.000000
vn 0.917502 -0.388644 0.084530
vn 0.965926 -0.258819 0.000000
vn 0.970469 -0.153913 0.185744
vn 1.000000 0.000000 0.000000
vn 0.965926 0.000000 0.258819
vn 0.890318 -0.220233 0.398536
vn 0.866025 0.000000 0.500000
vn 0.762422 -0.254486 0.594936
vn 0.707107 0.000000 0.707107
vn 0.594936 -0.254486 0.762422
vn 0.500000 0.000000 0.866025
vn 0.398536 -0.220233 0.890318
vn 0.258819 -0.965926 -0.000000
vn 0.258819 -0.965926 -0.000000
vn 0.000000 -1.000000 -0.000000
vn 0.258819 -0.965926 -0.000000
vn 0.258819 -0.965926 -0.000000
vn 0.500000 -0.866025 -0.000000
vn 0.500000 -0.866025 -0.000000
vn 0.707107 -0.707107 -0.000000
vn 0.707107 -0.707107 -0.000000
vn 0.866025 -0.500000 -0.000000
vn 0.866025 -0.500000 -0.000000
vn 0.965926 -0.258819 -0.000000
vn 0.965926 -0.258819 -0.000000
vn 0.965926 -0.258819 -0.000000
vn 0.866025 -0.500000 -0.000000
vn 0.707107 -0.707107 -0.000000
vn 0.500000 -0.866025 -0.000000
vn 0.258819 -0.965926 -0.000000
vn 0.500000 -0.866025 -0.000000
vn 0.500000 -0.866025 -0.000000
vn 0.707107 -0.707107 -0.000000
vn 0.707107 -0.707107 -0.000000
vn 0.866025 -0.500000 -0.000000
vn 0.866025 -0.500000 -0.000000
vn 0.965926 -0.258819 -0.000000
vn 0.965926 -0.258819 -0.000000
vn 1.000000 -0.000000 -0.000000
vn 0.965926 -0.258819 -0.000000
vn 0.965926 -0.258819 -0.000000
vn 0.965926 -0.258819 -0.000000
vn 0.866025 -0.500000 -0.000000
vn 0.258819 -0.965926 -0.000000
vn 0.258819 -0.965926 -0.000000
vn 0.258819 -0.965926 -0.000000
vn 0.500000 -0.866025 -0.000000
vn 0.500000 -0.866025 -0.000000
vn 0.707107 -0.707107 -0.000000
vn 0.258819 -0.965926 -0.000000
vn 0.500000 -0.866025 -0.000000
vn 0.500000 -0.866025 -0.000000
vn 0.707107 -0.707107 -0.000000
vn 0.707107 -0.707107 -0.000000
vn 0.866025 -0.500000 -0.000000
vn 0.965926 -0.258819 -0.000000
vn 0.707107 -0.707107 -0.000000
vn 0.866025 -0.500000 -0.000000
vn 0.866025 -0.500000 -0.000000
vn -0.000000 0.258819 0.965926
vn -0.000000 0.000000 1.000000
vn 0.185744 0.153913 0.970469
vn 0.258819 0.000000 0.965926
vn 0.398536 0.220233 0.890318
vn 0.500000 0.000000 0.866025
vn 0.594936 0.254486 0.762422
vn 0.707107 0.000000 0.707107
vn 0.762422 0.254486 0.594936
vn 0.866025 0.000000 0.500000
vn 0.890318 0.220233 0.398536
vn 0.965926 0.000000 0.258819
vn 0.970469 0.153913 0.185744
vn 1.000000 0.000000 0.000000
vn 0.965926 0.258819 0.000000
vn 0.917502 0.388644 0.084530
vn 0.866025 0.500000 0.000000
vn 0.832423 0.459042 0.310406
vn 0.717801 0.666568 0.201121
vn 0.696665 0.495400 0.518881
vn 0.583430 0.702554 0.407464
vn 0.518881 0.495400 0.696665
vn 0.407464 0.702554 0.583430
vn 0.310406 0.459042 0.832423
vn 0.201121 0.666568 0.717801
vn -0.000000 0.500000 0.866025
vn 0.000000 0.707107 0.707107
vn 0.078131 0.828668 0.554261
vn 0.000000 0.866025 0.500000
vn 0.268280 0.861830 0.430436
vn 0.110813 0.962374 0.248108
vn 0.248108 0.962374 0.110813
vn 0.000000 1.000000 0.000000
vn 0.258819 0.965926 0.000000
vn 0.500000 0.866025 0.000000
vn 0.430436 0.861830 0.268280
vn 0.554261 0.828668 0.078131
vn 0.707107 0.707107 0.000000
vn 0.000000 0.965926 0.258819
vn 0.084530 0.388644 0.917502
vn 0.965926 0.258819 -0.000000
vn 0.965926 0.258819 -0.000000
vn 1.000000 -0.000000 -0.000000
vn 0.965926 0.258819 -0.000000
vn 0.965926 0.258819 -0.000000
vn 0.866025 0.500000 -0.000000
vn 0.866025 0.500000 -0.000000
vn 0.707107 0.707107 -0.000000
vn 0.707107 0.707107 -0.000000
vn 0.500000 0.866025 -0.000000
vn 0.500000 0.866025 -0.000000
vn 0.258819 0.965926 -0.000000
vn 0.258819 0.965926 -0.000000
vn 0.258819 0.965926 -0.000000
vn 0.500000 0.866025 -0.000000
vn 0.707107 0.707107 -0.000000
vn 0.866025 0.500000 -0.000000
vn 0.965926 0.258819 -0.000000
vn 0.866025 0.500000 -0.000000
vn 0.866025 0.500000 -0.000000
vn 0.707107 0.707107 -0.000000
vn 0.707107 0.707107 -0.000000
vn 0.500000 0.866025 -0.000000
vn 0.500000 0.866025 -0.000000
vn 0.258819 0.965926 -0.000000
vn 0.258819 0.965926 -0.000000
vn 0.000000 1.000000 -0.000000
vn 0.258819 0.965926 -0.000000
vn 0.258819 0.965926 -0.000000
vn 0.258819 0.965926 -0.000000
vn 0.500000 0.866025 -0.000000
vn 0.965926 0.258819 -0.000000
vn 0.965926 0.258819 -0.000000
vn 0.965926 0.258819 -0.000000
vn 0.866025 0.500000 -0.000000
vn 0.866025 0.500000 -0.000000
vn 0.707107 0.707107 -0.000000
vn 0.965926 0.258819 -0.000000
vn 0.866025 0.500000 -0.000000
vn 0.866025 0.500000 -0.000000
vn 0.707107 0.707107 -0.000000
vn 0.707107 0.707107 -0.000000
vn 0.500000 0.866025 -0.000000
vn 0.258819 0.965926 -0.000000
vn 0.707107 0.707107 -0.000000
vn 0.500000 0.866025 -0.000000
vn 0.500000 0.866025 -0.000000
vn 0.000000 -0.258819 0.965926
vn 0.000000 0.000000 1.000000
vn -0.185744 -0.153913 0.970469
vn -0.258819 0.000000 0.965926
vn -0.398536 -0.220233 0.890318
vn -0.500000 0.000000 0.866025
vn -0.594936 -0.254486 0.762422
vn -0.707107 0.000000 0.707107
vn -0.762422 -0.254486 0.594936
vn -0.866025 0.000000 0.500000
vn -0.890318 -0.220233 0.398536
vn -0.965926 0.000000 0.258819
vn -0.970469 -0.153913 0.185744
vn -1.000000 0.000000 0.000000
vn -0.965926 -0.258819 0.000000
vn -0.917502 -0.388644 0.084530
vn -0.866025 -0.500000 0.000000
vn -0.832423 -0.459042 0.310406
vn -0.717801 -0.666568 0.201121
vn -0.696665 -0.495400 0.518881
vn -0.583430 -0.702554 0.407464
vn -0.518881 -0.495400 0.696665
vn -0.407464 -0.702554 0.583430
vn -0.310406 -0.459042 0.832423
vn -0.201121 -0.666568 0.717801
vn 0.000000 -0.500000 0.866025
vn 0.000000 -0.707107 0.707107
vn -0.078131 -0.828668 0.554261
vn 0.000000 -0.866025 0.500000
vn -0.268280 -0.861830 0.430436
vn -0.110813 -0.962374 0.248108
vn -0.248108 -0.962374 0.110813
vn 0.000000 -1.000000 0.000000
vn -0.258819 -0.965926 0.000000
vn -0.500000 -0.866025 0.000000
vn -0.430436 -0.861830 0.268280
vn -0.554261 -0.828668 0.078131
vn -0.707107 -0.707107 0.000000
vn 0.000000 -0.965926 0.258819
vn -0.084530 -0.388644 0.917502
vn -0.965926 -0.258819 0.000000
vn -0.965926 -0.258819 0.000000
vn -1.000000 -0.000000 0.000000
vn -0.965926 -0.258819 0.000000
vn -0.965926 -0.258819 0.000000
vn -0.866025 -0.500000 0.000000
vn -0.866025 -0.500000 0.000000
vn -0.707107 -0.707107 0.000000
vn -0.707107 -0.707107 0.000000
vn -0.500000 -0.866025 0.000000
vn -0.500000 -0.866025 0.000000
vn -0.258819 -0.965926 0.000000
vn -0.258819 -0.965926 0.000000
vn -0.258819 -0.965926 0.000000
vn -0.500000 -0.866025 0.000000
vn -0.707107 -0.707107 0.000000
vn -0.866025 -0.500000 0.000000
vn -0.965926 -0.258819 0.000000
vn -0.866025 -0.500000 0.000000
vn -0.866025 -0.500000 0.000000
vn -0.707107 -0.707107 0.000000
vn -0.707107 -0.707107 0.000000
vn -0.500000 -0.866025 0.000000
vn -0.500000 -0.866025 0.000000
vn -0.258819 -0.965926 0.000000
vn -0.258819 -0.965926 0.000000
vn 0.000000 -1.000000 -0.000000
vn -0.258819 -0.965926 0.000000
vn -0.258819 -0.965926 0.000000
vn -0.258819 -0.965926 0.000000
vn -0.500000 -0.866025 0.000000
vn -0.965926 -0.258819 0.000000
vn -0.965926 -0.258819 0.000000
vn -0.965926 -0.258819 0.000000
vn -0.866025 -0.500000 0.000000
vn -0.866025 -0.500000 0.000000
vn -0.707107 -0.707107 0.000000
vn -0.965926 -0.258819 0.000000
vn -0.866025 -0.500000 0.000000
vn -0.866025 -0.500000 0.000000
vn -0.707107 -0.707107 0.000000
vn -0.707107 -0.707107 0.000000
vn -0.500000 -0.866025 0.000000
vn -0.258819 -0.965926 0.000000
vn -0.707107 -0.707107 0.000000
vn -0.500000 -0.866025 0.000000
vn -0.500000 -0.866025 0.000000
vn -0.000000 -0.965926 0.258819
vn -0.000000 -0.965926 0.258819
vn -0.000000 -0.965926 0.258819
vn -0.000000 -0.866025 0.500000
vn -0.000000 -0.866025 0.500000
vn -0.000000 -0.707107 0.707107
vn -0.000000 -0.707107 0.707107
vn -0.000000 -0.500000 0.866025
vn -0.000000 -0.500000 0.866025
vn -0.000000 -0.258819 0.965926
vn -0.000000 -0.258819 0.965926
vn -0.000000 -0.258819 0.965926
vn -0.000000 -0.258819 0.965926
vn -0.000000 -0.500000 0.866025
vn -0.000000 -0.500000 0.866025
vn -0.000000 -0.707107 0.707107
vn -0.000000 -0.707107 0.707107
vn -0.000000 -0.866025 0.500000
vn -0.000000 -0.866025 0.500000
vn -0.000000 -0.965926 0.258819
vn -0.000000 -0.965926 0.258819
vn -0.000000 -0.965926 0.258819
vn -0.000000 -0.965926 0.258819
vn -0.000000 -0.866025 0.500000
vn -0.000000 -0.866025 0.500000
vn -0.000000 -0.707107 0.707107
vn -0.000000 -0.707107 0.707107
vn -0.000000 -0.500000 0.866025
vn -0.000000 -0.500000 0.866025
vn -0.000000 -0.258819 0.965926
vn -0.000000 -0.258819 0.965926
vn -0.000000 -0.258819 0.965926
vn -0.000000 -0.258819 0.965926
vn -0.000000 -0.500000 0.866025
vn -0.000000 -0.500000 0.866025
vn -0.000000 -0.707107 0.707107
vn -0.000000 -0.707107 0.707107
vn -0.000000 -0.866025 0.500000
vn -0.000000 -0.866025 0.500000
vn -0.000000 -0.965926 0.258819
vn -0.000000 -0.965926 0.258819
vn -0.000000 -0.965926 0.258819
vn -0.000000 -0.965926 0.258819
vn -0.000000 -0.866025 0.500000
vn -0.000000 -0.866025 0.500000
vn -0.000000 -0.707107 0.707107
vn -0.000000 -0.707107 0.707107
vn -0.000000 -0.500000 0.866025
vn -0.000000 -0.500000 0.866025
vn -0.000000 -0.258819 0.965926
vn -0.000000 -0.258819 0.965926
vn -0.000000 -0.258819 0.965926
vn -0.000000 -0.258819 0.965926
vn -0.000000 -0.500000 0.866025
vn -0.000000 -0.500000 0.866025
vn -0.000000 -0.707107 0.707107
vn -0.000000 -0.707107 0.707107
vn -0.000000 -0.866025 0.500000
vn -0.000000 -0.866025 0.500000
vn -0.000000 -0.965926 0.258819
vn -0.000000 -0.965926 0.258819
vn -0.000000 -0.965926 0.258819
vn -0.000000 -0.965926 0.258819
vn -0.000000 -0.866025 0.500000
vn -0.000000 -0.707107 0.707107
vn -0.000000 -0.500000 0.866025
vn -0.000000 -0.258819 0.965926
vn -0.000000 -0.258819 0.965926
vn -0.000000 -0.866025 0.500000
vn -0.000000 -0.707107 0.707107
vn -0.000000 -0.500000 0.866025
vn -0.000000 -0.258819 0.965926
vn -0.000000 -0.258819 0.965926
vn -0.000000 -0.258819 0.965926
vn -0.000000 -0.500000 0.866025
vn -0.000000 -0.500000 0.866025
vn -0.000000 -0.707107 0.707107
vn -0.000000 -0.707107 0.707107
vn -0.000000 -0.866025 0.500000
vn -0.000000 -0.965926 0.258819
vn -0.000000 -0.965926 0.258819
vn -0.000000 -0.866025 0.500000
vn -0.000000 -0.707107 0.707107
vn -0.000000 -0.500000 0.866025
vn -0.000000 -0.258819 0.965926
vn -0.000000 -0.965926 0.258819
vn -0.000000 -0.965926 0.258819
vn -0.000000 -0.965926 0.258819
vn -0.000000 -0.866025 0.500000
vn -0.000000 -0.866025 0.500000
vn -0.000000 -0.707107 0.707107
vn -0.000000 -0.866025 0.500000
vn -0.000000 -0.965926 0.258819
vn -0.000000 -0.965926 0.258819
vn -0.000000 -0.965926 0.258819
vn -0.000000 -0.866025 0.500000
vn -0.000000 -0.866025 0.500000
vn -0.000000 -0.707107 0.707107
vn -0.000000 -0.866025 0.500000
vn -0.000000 -0.866025 0.500000
vn -0.000000 -0.707107 0.707107
vn -0.000000 -0.500000 0.866025
vn -0.000000 -0.258819 0.965926
vn -0.000000 -0.965926 0.258819
vn -0.000000 -0.965926 0.258819
vn -0.000000 -0.965926 0.258819
vn -0.000000 -0.866025 0.500000
vn -0.000000 -0.866025 0.500000
vn -0.000000 -0.707107 0.707107
vn -0.000000 -0.866025 0.500000
vn -0.000000 -0.965926 0.258819
vn -0.000000 -0.866025 0.500000
vn -0.000000 -0.707107 0.707107
vn -0.000000 -0.500000 0.866025
vn -0.000000 -0.707107 0.707107
vn -0.000000 -0.500000 0.866025
vn -0.000000 -0.258819 0.965926
vn -0.000000 -0.707107 0.707107
vn -0.000000 -0.707107 0.707107
vn -0.000000 -0.707107 0.707107
vn -0.000000 -0.500000 0.866025
vn -0.000000 -0.258819 0.965926
vn -0.000000 -0.707107 0.707107
vn -0.000000 -0.500000 0.866025
vn -0.000000 -0.258819 0.965926
vn -0.000000 -0.500000 0.866025
vn -0.000000 -0.500000 0.866025
vn -0.000000 -0.258819 0.965926
vn -0.000000 -0.500000 0.866025
vn -0.000000 -0.500000 0.866025
vn -0.000000 -0.258819 0.965926
vn -0.000000 -0.500000 0.866025
vn -0.000000 -0.258819 0.965926
vn -0.000000 -0.258819 0.965926
vn -0.000000 -0.258819 0.965926
vn -0.258819 0.000000 0.965926
vn 0.000000 0.000000 1.000000
vn -0.185744 0.153913 0.970469
vn 0.000000 0.258819 0.965926
vn -0.084530 0.388644 0.917502
vn 0.000000 0.500000 0.866025
vn -0.310406 0.459042 0.832423
vn -0.201121 0.666568 0.717801
vn -0.518881 0.495400 0.696665
vn -0.407464 0.702554 0.583430
vn -0.696665 0.495400 0.518881
vn -0.583430 0.702554 0.407464
vn -0.832423 0.459042 0.310406
vn -0.717801 0.666568 0.201121
vn -0.866025 0.500000 0.000000
vn -0.707107 0.707107 0.000000
vn -0.554261 0.828668 0.078131
vn -0.500000 0.866025 0.000000
vn -0.430436 0.861830 0.268280
vn -0.248108 0.962374 0.110813
vn -0.110813 0.962374 0.248108
vn 0.000000 1.000000 0.000000
vn 0.000000 0.965926 0.258819
vn 0.000000 0.866025 0.500000
vn -0.268280 0.861830 0.430436
vn -0.078131 0.828668 0.554261
vn 0.000000 0.707107 0.707107
vn -0.258819 0.965926 0.000000
vn -0.917502 0.388644 0.084530
vn -0.965926 0.258819 0.000000
vn -0.970469 0.153913 0.185744
vn -1.000000 0.000000 0.000000
vn -0.965926 0.000000 0.258819
vn -0.890318 0.220233 0.398536
vn -0.866025 0.000000 0.500000
vn -0.762422 0.254486 0.594936
vn -0.707107 0.000000 0.707107
vn -0.594936 0.254486 0.762422
vn -0.500000 0.000000 0.866025
vn -0.398536 0.220233 0.890318
vn -0.258819 0.965926 -0.000000
vn -0.258819 0.965926 -0.000000
vn -0.000000 1.000000 -0.000000
vn -0.258819 0.965926 -0.000000
vn -0.258819 0.965926 -0.000000
vn -0.500000 0.866025 -0.000000
vn -0.500000 0.866025 -0.000000
vn -0.707107 0.707107 -0.000000
vn -0.707107 0.707107 -0.000000
vn -0.866025 0.500000 -0.000000
vn -0.866025 0.500000 -0.000000
vn -0.965926 0.258819 -0.000000
vn -0.965926 0.258819 -0.000000
vn -0.965926 0.258819 -0.000000
vn -0.866025 0.500000 -0.000000
vn -0.707107 0.707107 -0.000000
vn -0.500000 0.866025 -0.000000
vn -0.258819 0.965926 -0.000000
vn -0.500000 0.866025 -0.000000
vn -0.500000 0.866025 -0.000000
vn -0.707107 0.707107 -0.000000
vn -0.707107 0.707107 -0.000000
vn -0.866025 0.500000 -0.000000
vn -0.866025 0.500000 -0.000000
vn -0.965926 0.258819 -0.000000
vn -0.965926 0.258819 -0.000000
vn -1.000000 -0.000000 0.000000
vn -0.965926 0.258819 -0.000000
vn -0.965926 0.258819 -0.000000
vn -0.965926 0.258819 -0.000000
vn -0.866025 0.500000 -0.000000
vn -0.258819 0.965926 -0.000000
vn -0.258819 0.965926 -0.000000
vn -0.258819 0.965926 -0.000000
vn -0.500000 0.866025 -0.000000
vn -0.500000 0.866025 -0.000000
vn -0.707107 0.707107 -0.000000
vn -0.258819 0.965926 -0.000000
vn -0.500000 0.866025 -0.000000
vn -0.500000 0.866025 -0.000000
vn -0.707107 0.707107 -0.000000
vn -0.707107 0.707107 -0.000000
vn -0.866025 0.500000 -0.000000
vn -0.965926 0.258819 -0.000000
vn -0.707107 0.707107 -0.000000
vn -0.866025 0.500000 -0.000000
vn -0.866025 0.500000 -0.000000
vn -0.965926 -0.000000 0.258819
vn -0.965926 -0.000000 0.258819
vn -0.965926 -0.000000 0.258819
vn -0.866025 -0.000000 0.500000
vn -0.866025 -0.000000 0.500000
vn -0.707107 -0.000000 0.707107
vn -0.707107 -0.000000 0.707107
vn -0.500000 -0.000000 0.866025
vn -0.500000 -0.000000 0.866025
vn -0.258819 -0.000000 0.965926
vn -0.258819 -0.000000 0.965926
vn -0.866025 -0.000000 0.500000
vn -0.707107 -0.000000 0.707107
vn -0.500000 -0.000000 0.866025
vn -0.258819 -0.000000 0.965926
vn -0.258819 -0.000000 0.965926
vn -0.258819 -0.000000 0.965926
vn -0.258819 -0.000000 0.965926
vn -0.500000 -0.000000 0.866025
vn -0.500000 -0.000000 0.866025
vn -0.707107 -0.000000 0.707107
vn -0.707107 -0.000000 0.707107
vn -0.866025 -0.000000 0.500000
vn -0.866025 -0.000000 0.500000
vn -0.965926 -0.000000 0.258819
vn -0.965926 -0.000000 0.258819
vn -0.500000 -0.000000 0.866025
vn -0.707107 -0.000000 0.707107
vn -0.866025 -0.000000 0.500000
vn -0.965926 -0.000000 0.258819
vn -0.866025 -0.000000 0.500000
vn -0.707107 -0.000000 0.707107
vn -0.500000 -0.000000 0.866025
vn -0.258819 -0.000000 0.965926
vn -0.965926 -0.000000 0.258819
vn -0.965926 -0.000000 0.258819
vn -0.965926 -0.000000 0.258819
vn -0.866025 -0.000000 0.500000
vn -0.866025 -0.000000 0.500000
vn -0.707107 -0.000000 0.707107
vn -0.707107 -0.000000 0.707107
vn -0.500000 -0.000000 0.866025
vn -0.500000 -0.000000 0.866025
vn -0.258819 -0.000000 0.965926
vn -0.258819 -0.000000 0.965926
vn -0.866025 -0.000000 0.500000
vn -0.965926 -0.000000 0.258819
vn -0.965926 -0.000000 0.258819
vn -0.965926 -0.000000 0.258819
vn -0.866025 -0.000000 0.500000
vn -0.866025 -0.000000 0.500000
vn -0.707107 -0.000000 0.707107
vn -0.866025 -0.000000 0.500000
vn -0.965926 -0.000000 0.258819
vn -0.707107 -0.000000 0.707107
vn -0.500000 -0.000000 0.866025
vn -0.258819 -0.000000 0.965926
vn -0.707107 -0.000000 0.707107
vn -0.707107 -0.000000 0.707107
vn -0.500000 -0.000000 0.866025
vn -0.258819 -0.000000 0.965926
vn -0.500000 -0.000000 0.866025
vn -0.500000 -0.000000 0.866025
vn -0.258819 -0.000000 0.965926
vn -0.258819 -0.000000 0.965926
vn 0.000000 0.965926 0.258819
vn 0.000000 0.965926 0.258819
vn 0.000000 0.965926 0.258819
vn 0.000000 0.866025 0.500000
vn 0.000000 0.866025 0.500000
vn 0.000000 0.707107 0.707107
vn 0.000000 0.707107 0.707107
vn 0.000000 0.500000 0.866025
vn 0.000000 0.500000 0.866025
vn 0.000000 0.258819 0.965926
vn 0.000000 0.258819 0.965926
vn 0.000000 0.258819 0.965926
vn 0.000000 0.258819 0.965926
vn 0.000000 0.500000 0.866025
vn 0.000000 0.500000 0.866025
vn 0.000000 0.707107 0.707107
vn 0.000000 0.707107 0.707107
vn 0.000000 0.866025 0.500000
vn 0.000000 0.866025 0.500000
vn 0.000000 0.965926 0.258819
vn 0.000000 0.965926 0.258819
vn 0.000000 0.965926 0.258819
vn 0.000000 0.965926 0.258819
vn 0.000000 0.866025 0.500000
vn 0.000000 0.866025 0.500000
vn 0.000000 0.707107 0.707107
vn 0.000000 0.707107 0.707107
vn 0.000000 0.500000 0.866025
vn 0.000000 0.500000 0.866025
vn 0.000000 0.258819 0.965926
vn 0.000000 0.258819 0.965926
vn 0.000000 0.258819 0.965926
vn 0.000000 0.258819 0.965926
vn 0.000000 0.500000 0.866025
vn 0.000000 0.500000 0.866025
vn 0.000000 0.707107 0.707107
vn 0.000000 0.707107 0.707107
vn 0.000000 0.866025 0.500000
vn 0.000000 0.866025 0.500000
vn 0.000000 0.965926 0.258819
vn 0.000000 0.965926 0.258819
vn 0.000000 0.965926 0.258819
vn 0.000000 0.965926 0.258819
vn 0.000000 0.866025 0.500000
vn 0.000000 0.866025 0.500000
vn 0.000000 0.707107 0.707107
vn 0.000000 0.707107 0.707107
vn 0.000000 0.500000 0.866025
vn 0.000000 0.500000 0.866025
vn 0.000000 0.258819 0.965926
vn 0.000000 0.258819 0.965926
vn 0.000000 0.258819 0.965926
vn 0.000000 0.258819 0.965926
vn 0.000000 0.500000 0.866025
vn 0.000000 0.500000 0.866025
vn 0.000000 0.707107 0.707107
vn 0.000000 0.707107 0.707107
vn 0.000000 0.866025 0.500000
vn 0.000000 0.866025 0.500000
vn 0.000000 0.965926 0.258819
vn 0.000000 0.965926 0.258819
vn 0.000000 0.965926 0.258819
vn 0.000000 0.965926 0.258819
vn 0.000000 0.866025 0.500000
vn 0.000000 0.707107 0.707107
vn 0.000000 0.500000 0.866025
vn 0.000000 0.258819 0.965926
vn 0.000000 0.258819 0.965926
vn 0.000000 0.866025 0.500000
vn 0.000000 0.707107 0.707107
vn 0.000000 0.500000 0.866025
vn 0.000000 0.258819 0.965926
vn 0.000000 0.258819 0.965926
vn 0.000000 0.258819 0.965926
vn 0.000000 0.500000 0.866025
vn 0.000000 0.500000 0.866025
vn 0.000000 0.707107 0.707107
vn 0.000000 0.707107 0.707107
vn 0.000000 0.866025 0.500000
vn 0.000000 0.965926 0.258819
vn 0.000000 0.965926 0.258819
vn 0.000000 0.866025 0.500000
vn 0.000000 0.707107 0.707107
vn 0.000000 0.500000 0.866025
vn 0.000000 0.258819 0.965926
vn 0.000000 0.965926 0.258819
vn 0.000000 0.965926 0.258819
vn 0.000000 0.965926 0.258819
vn 0.000000 0.866025 0.500000
vn 0.000000 0.866025 0.500000
vn 0.000000 0.707107 0.707107
vn 0.000000 0.866025 0.500000
vn 0.000000 0.965926 0.258819
vn 0.000000 0.965926 0.258819
vn 0.000000 0.965926 0.258819
vn 0.000000 0.866025 0.500000
vn 0.000000 0.866025 0.500000
vn 0.000000 0.707107 0.707107
vn 0.000000 0.866025 0.500000
vn 0.000000 0.866025 0.500000
vn 0.000000 0.707107 0.707107
vn 0.000000 0.500000 0.866025
vn 0.000000 0.258819 0.965926
vn 0.000000 0.965926 0.258819
vn 0.000000 0.965926 0.258819
vn 0.000000 0.965926 0.258819
vn 0.000000 0.866025 0.500000
vn 0.000000 0.866025 0.500000
vn 0.000000 0.707107 0.707107
vn 0.000000 0.866025 0.500000
vn 0.000000 0.965926 0.258819
vn 0.000000 0.866025 0.500000
vn 0.000000 0.707107 0.707107
vn 0.000000 0.500000 0.866025
vn 0.000000 0.707107 0.707107
vn 0.000000 0.500000 0.866025
vn 0.000000 0.258819 0.965926
vn 0.000000 0.707107 0.707107
vn 0.000000 0.707107 0.707107
vn 0.000000 0.707107 0.707107
vn 0.000000 0.500000 0.866025
vn 0.000000 0.258819 0.965926
vn 0.000000 0.707107 0.707107
vn 0.000000 0.500000 0.866025
vn 0.000000 0.258819 0.965926
vn 0.000000 0.500000 0.866025
vn 0.000000 0.500000 0.866025
vn 0.000000 0.258819 0.965926
vn 0.000000 0.500000 0.866025
vn 0.000000 0.500000 0.866025
vn 0.000000 0.258819 0.965926
vn 0.000000 0.500000 0.866025
vn 0.000000 0.258819 0.965926
vn 0.000000 0.258819 0.965926
vn 0.000000 0.258819 0.965926
vn 0.965926 -0.000000 0.258819
vn 0.965926 -0.000000 0.258819
vn 0.965926 -0.000000 0.258819
vn 0.866025 -0.000000 0.500000
vn 0.866025 -0.000000 0.500000
vn 0.707107 -0.000000 0.707107
vn 0.707107 -0.000000 0.707107
vn 0.500000 -0.000000 0.866025
vn 0.500000 -0.000000 0.866025
vn 0.258819 -0.000000 0.965926
vn 0.258819 -0.000000 0.965926
vn 0.866025 -0.000000 0.500000
vn 0.707107 -0.000000 0.707107
vn 0.500000 -0.000000 0.866025
vn 0.258819 -0.000000 0.965926
vn 0.258819 -0.000000 0.965926
vn 0.258819 -0.000000 0.965926
vn 0.258819 -0.000000 0.965926
vn 0.500000 -0.000000 0.866025
vn 0.500000 -0.000000 0.866025
vn 0.707107 -0.000000 0.707107
vn 0.707107 -0.000000 0.707107
vn 0.866025 -0.000000 0.500000
vn 0.866025 -0.000000 0.500000
vn 0.965926 -0.000000 0.258819
vn 0.965926 -0.000000 0.258819
vn 0.500000 -0.000000 0.866025
vn 0.707107 -0.000000 0.707107
vn 0.866025 -0.000000 0.500000
vn 0.965926 -0.000000 0.258819
vn 0.866025 -0.000000 0.500000
vn 0.707107 -0.000000 0.707107
vn 0.500000 -0.000000 0.866025
vn 0.258819 -0.000000 0.965926
vn 0.965926 -0.000000 0.258819
vn 0.965926 -0.000000 0.258819
vn 0.965926 -0.000000 0.258819
vn 0.866025 -0.000000 0.500000
vn 0.866025 -0.000000 0.500000
vn 0.707107 -0.000000 0.707107
vn 0.707107 -0.000000 0.707107
vn 0.500000 -0.000000 0.866025
vn 0.500000 -0.000000 0.866025
vn 0.258819 -0.000000 0.965926
vn 0.258819 -0.000000 0.965926
vn 0.866025 -0.000000 0.500000
vn 0.965926 -0.000000 0.258819
vn 0.965926 -0.000000 0.258819
vn 0.965926 -0.000000 0.258819
vn 0.866025 -0.000000 0.500000
vn 0.866025 -0.000000 0.500000
vn 0.707107 -0.000000 0.707107
vn 0.866025 -0.000000 0.500000
vn 0.965926 -0.000000 0.258819
vn 0.707107 -0.000000 0.707107
vn 0.500000 -0.000000 0.866025
vn 0.258819 -0.000000 0.965926
vn 0.707107 -0.000000 0.707107
vn 0.707107 -0.000000 0.707107
vn 0.500000 -0.000000 0.866025
vn 0.258819 -0.000000 0.965926
vn 0.500000 -0.000000 0.866025
vn 0.500000 -0.000000 0.866025
vn 0.258819 -0.000000 0.965926
vn 0.258819 -0.000000 0.965926
vn -0.000000 -0.000000 -1.000000
vn -0.000000 -0.000000 -1.000000
vn -0.000000 -0.000000 -1.000000
vn -0.000000 -0.000000 -1.000000
vn -0.000000 -0.000000 -1.000000
vn -0.000000 -0.000000 -1.000000
vn -0.000000 -0.000000 -1.000000
vn -0.000000 -0.000000 -1.000000
vn -0.000000 -0.000000 -1.000000
vn -0.000000 -0.000000 -1.000000
vn -0.000000 -0.000000 -1.000000
vn -0.000000 -0.000000 -1.000000
vn -0.000000 -0.000000 -1.000000
vn -0.000000 -0.000000 -1.000000
vn -0.000000 -0.000000 -1.000000
vn -0.000000 -0.000000 -1.000000
vn -0.000000 -0.000000 -1.000000
vn -0.000000 -0.000000 -1.000000
vn -0.000000 -0.000000 -1.000000
vn -0.000000 -0.000000 -1.000000
vn -0.000000 -0.000000 -1.000000
vn -0.000000 -0.000000 -1.000000
vn -0.000000 -0.000000 -1.000000
vn -0.000000 -0.000000 -1.000000
vn -0.000000 -0.000000 -1.000000
vn -0.000000 -0.000000 -1.000000
vn -0.000000 -0.000000 -1.000000
vn -0.000000 -0.000000 -1.000000
vn -0.000000 -0.000000 -1.000000
vn -0.000000 -0.000000 -1.000000
vn -0.000000 -0.000000 -1.000000
vn -0.000000 -0.000000 -1.000000
vn 0.000000 0.000000 1.000000
vn 0.000000 0.000000 1.000000
vn 0.000000 0.000000 1.000000
vn 0.000000 0.000000 1.000000
vn 0.000000 0.000000 1.000000
vn 0.000000 0.000000 1.000000
vn 0.000000 0.000000 1.000000
vn 0.000000 0.000000 1.000000
vn 0.000000 0.000000 1.000000
vn 0.000000 0.000000 1.000000
vn 0.000000 0.000000 1.000000
vn 0.000000 0.000000 1.000000
vn 0.000000 0.000000 1.000000
vn 0.000000 0.000000 1.000000
vn 0.000000 0.000000 1.000000
vn 0.000000 0.000000 1.000000
vn 0.000000 0.000000 1.000000
vn 0.000000 0.000000 1.000000
vn 0.000000 0.000000 1.000000
vn 0.000000 0.000000 1.000000
vn 0.000000 0.000000 1.000000
vn 0.000000 0.000000 1.000000
vn 0.000000 0.000000 1.000000
vn 0.000000 0.000000 1.000000
vn 0.000000 0.000000 1.000000
vn 0.000000 0.000000 1.000000
vn 0.000000 0.000000 1.000000
vn 0.000000 0.000000 1.000000
vn 0.000000 0.000000 1.000000
vn 0.000000 0.000000 1.000000
vn 0.000000 0.000000 1.000000
vn 0.000000 0.000000 1.000000
vn 0.000000 0.000000 1.000000
vn 0.000000 0.000000 1.000000
vn 0.000000 0.000000 1.000000
vn 0.000000 0.000000 1.000000
vn 0.000000 0.000000 1.000000
vn 0.000000 0.000000 1.000000
vn 0.000000 0.000000 1.000000
vn 0.000000 0.000000 1.000000
vn 0.000000 0.000000 1.000000
vn 0.000000 0.000000 1.000000
vn 0.000000 0.000000 1.000000
vn 0.000000 0.000000 1.000000
vn 0.000000 0.000000 1.000000
vn 0.000000 0.000000 1.000000
vn 0.000000 0.000000 1.000000
vn 0.000000 0.000000 1.000000
vn 0.000000 0.000000 1.000000
vn 0.000000 0.000000 1.000000
vn 0.000000 0.000000 1.000000
vn 0.000000 0.000000 1.000000
vn 0.000000 0.000000 1.000000
vn 0.000000 0.000000 1.000000
vn 0.000000 0.000000 1.000000
vn 0.000000 0.000000 1.000000
vn 0.000000 0.000000 1.000000
vn 0.000000 0.000000 1.000000
vn 0.000000 0.000000 1.000000
vn 0.000000 0.000000 1.000000
vn 0.000000 0.000000 1.000000
vn 0.000000 0.000000 1.000000
vn 0.000000 0.000000 1.000000
vn 0.000000 0.000000 1.000000
vn 0.000000 0.000000 1.000000
vn 0.000000 0.000000 1.000000
vn 0.000000 0.000000 1.000000
vn 0.000000 0.000000 1.000000
vn 0.000000 0.000000 1.000000
vn 0.000000 0.000000 1.000000
vn 0.000000 0.000000 1.000000
vn 0.000000 0.000000 1.000000
vn 0.000000 0.000000 1.000000
vn 0.000000 0.000000 1.000000
vn 0.000000 0.000000 1.000000
vn 0.000000 0.000000 1.000000
vn 0.000000 0.000000 1.000000
vn 0.000000 0.000000 1.000000
vn 0.000000 0.000000 1.000000
vn 0.000000 0.000000 1.000000
vn 0.000000 0.000000 1.000000
vn 0.000000 0.000000 1.000000
vn 0.000000 0.000000 1.000000
vn 0.000000 0.000000 1.000000
vn 0.000000 0.000000 1.000000
vn 0.000000 0.000000 1.000000
vn 0.000000 0.000000 1.000000
vn 0.000000 0.000000 1.000000
vn 0.000000 0.000000 1.000000
vn 0.000000 0.000000 1.000000
vn 0.000000 0.000000 1.000000
vn 0.000000 0.000000 1.000000
vn 0.000000 0.000000 1.000000
vn 0.000000 0.000000 1.000000
vn 0.000000 0.000000 1.000000
vn 0.000000 0.000000 1.000000
vn 0.000000 0.000000 1.000000
vn 0.000000 0.000000 1.000000
vn 0.000000 0.000000 1.000000
vn 0.000000 0.000000 1.000000
vn 0.000000 0.000000 1.000000
vn 0.000000 0.000000 1.000000
vn 0.000000 0.000000 1.000000
vn 0.000000 0.000000 1.000000
vn 0.000000 0.000000 1.000000
vn 0.000000 0.000000 1.000000
vn 0.000000 0.000000 1.000000
vn 0.000000 0.000000 1.000000
vn 0.000000 0.000000 1.000000
vn 0.000000 0.000000 1.000000
vn 0.000000 0.000000 1.000000
vn 0.000000 0.000000 1.000000
vn 0.000000 0.000000 1.000000
vn 0.000000 0.000000 1.000000
vn 0.000000 0.000000 1.000000
vn 0.000000 0.000000 1.000000
vn 0.000000 0.000000 1.000000
vn 0.000000 0.000000 1.000000
vn 0.000000 0.000000 1.000000
vn 0.000000 0.000000 1.000000
vn 0.000000 0.000000 1.000000
vn 0.000000 0.000000 1.000000
vn 0.000000 0.000000 1.000000
vn 0.000000 0.000000 1.000000
vn 0.000000 0.000000 1.000000
vn 0.000000 0.000000 1.000000
vn 0.000000 0.000000 1.000000
vn 0.000000 0.000000 1.000000
vn 0.000000 0.000000 1.000000
vn 0.000000 0.000000 1.000000
vn 0.000000 0.000000 1.000000
vn 0.000000 0.000000 1.000000
vn 0.000000 0.000000 1.000000
vn 0.000000 0.000000 1.000000
vn 0.000000 0.000000 1.000000
vn 0.000000 0.000000 1.000000
vn 0.000000 0.000000 1.000000
vn 0.000000 0.000000 1.000000
vn 0.000000 0.000000 1.000000
vn 0.000000 0.000000 1.000000
vn 0.000000 0.000000 1.000000
vn 0.000000 0.000000 1.000000
vn 0.000000 0.000000 1.000000
vn 0.000000 0.000000 1.000000
vn 0.000000 0.000000 1.000000
vn 0.000000 0.000000 1.000000
vn 0.000000 0.000000 1.000000
vn 0.000000 0.000000 1.000000
vn 0.000000 0.000000 1.000000
vn 0.000000 0.000000 1.000000
vn 0.000000 0.000000 1.000000
vn 0.000000 0.000000 1.000000
vn 0.000000 0.000000 1.000000
vn 0.000000 0.000000 1.000000
vn 0.000000 0.000000 1.000000
vn 0.000000 0.000000 1.000000
vn 0.000000 0.000000 1.000000
vn 0.000000 0.000000 1.000000
vn 0.000000 0.000000 1.000000
vn 0.000000 0.000000 1.000000
vn 0.000000 0.000000 1.000000
vn 0.000000 0.000000 1.000000
vn 0.000000 0.000000 1.000000
vn 0.000000 0.000000 1.000000
vn 0.000000 0.000000 1.000000
vn 0.000000 0.000000 1.000000
vn 0.000000 0.000000 1.000000
vn 0.000000 0.000000 1.000000
vn 0.000000 0.000000 1.000000
vn 0.000000 0.000000 1.000000
vn 0.000000 0.000000 1.000000
vn 0.000000 0.000000 1.000000
vn 0.000000 0.000000 1.000000
vn 0.000000 0.000000 1.000000
vn 0.000000 0.000000 1.000000
vn 0.000000 0.000000 1.000000
vn 0.000000 0.000000 1.000000
vn 0.000000 0.000000 1.000000
vn 0.000000 0.000000 1.000000
vn 0.000000 0.000000 1.000000
vn 0.000000 0.000000 1.000000
vn 0.000000 0.000000 1.000000
vn 0.000000 0.000000 1.000000
vn 0.000000 0.000000 1.000000
vn 0.000000 0.000000 1.000000
vn 0.000000 0.000000 1.000000
vn 0.000000 0.000000 1.000000
vn 0.000000 0.000000 1.000000
vn 0.000000 0.000000 1.000000
vn 0.000000 0.000000 1.000000
vn 0.000000 0.000000 1.000000
vn 0.000000 0.000000 1.000000
vn 0.965926 0.258819 -0.000000
vn 0.933013 0.250000 0.258819
vn 1.000000 0.000000 -0.000000
vn 0.965926 0.000000 0.258819
vn 0.965926 -0.258819 -0.000000
vn 0.933013 -0.250000 0.258819
vn 0.866025 -0.500000 -0.000000
vn 0.836516 -0.482963 0.258819
vn 0.707107 -0.707107 -0.000000
vn 0.683013 -0.683013 0.258819
vn 0.500000 -0.866025 -0.000000
vn 0.482963 -0.836516 0.258819
vn 0.258819 -0.965926 -0.000000
vn 0.250000 -0.933013 0.258819
vn 0.000000 -1.000000 -0.000000
vn 0.000000 -0.965926 0.258819
vn -0.258819 -0.965926 0.000000
vn -0.250000 -0.933013 0.258819
vn -0.500000 -0.866025 0.000000
vn -0.482963 -0.836516 0.258819
vn -0.707107 -0.707107 0.000000
vn -0.683013 -0.683013 0.258819
vn -0.866025 -0.500000 0.000000
vn -0.836516 -0.482963 0.258819
vn -0.965926 -0.258819 0.000000
vn -0.933013 -0.250000 0.258819
vn -1.000000 -0.000000 0.000000
vn -0.965926 -0.000000 0.258819
vn -0.965926 0.258819 -0.000000
vn -0.933013 0.250000 0.258819
vn -0.866025 0.500000 -0.000000
vn -0.836516 0.482963 0.258819
vn -0.707107 0.707107 -0.000000
vn -0.683013 0.683013 0.258819
vn -0.500000 0.866025 -0.000000
vn -0.482963 0.836516 0.258819
vn -0.258819 0.965926 -0.000000
vn -0.250000 0.933013 0.258819
vn 0.000000 1.000000 -0.000000
vn 0.000000 0.965926 0.258819
vn 0.258819 0.965926 -0.000000
vn 0.250000 0.933013 0.258819
vn 0.500000 0.866025 -0.000000
vn 0.482963 0.836516 0.258819
vn 0.707107 0.707107 -0.000000
vn 0.683013 0.683013 0.258819
vn 0.866025 0.500000 -0.000000
vn 0.836516 0.482963 0.258819
vn -0.000000 0.000000 1.000000
vn 0.250000 -0.066987 0.965926
vn -0.000000 0.000000 1.000000
vn 0.258819 -0.000000 0.965926
vn -0.000000 -0.000000 1.000000
vn 0.250000 0.066987 0.965926
vn 0.000000 0.000000 1.000000
vn 0.224144 0.129410 0.965926
vn 0.000000 0.000000 1.000000
vn 0.183013 0.183013 0.965926
vn -0.000000 -0.000000 1.000000
vn 0.129410 0.224144 0.965926
vn -0.000000 -0.000000 1.000000
vn 0.066987 0.250000 0.965926
vn -0.000000 -0.000000 1.000000
vn 0.000000 0.258819 0.965926
vn -0.000000 0.000000 1.000000
vn -0.066987 0.250000 0.965926
vn -0.000000 0.000000 1.000000
vn -0.129410 0.224144 0.965926
vn 0.000000 -0.000000 1.000000
vn -0.183013 0.183013 0.965926
vn -0.000000 0.000000 1.000000
vn -0.224144 0.129410 0.965926
vn 0.000000 -0.000000 1.000000
vn -0.250000 0.066987 0.965926
vn 0.000000 -0.000000 1.000000
vn -0.258819 0.000000 0.965926
vn 0.000000 0.000000 1.000000
vn -0.250000 -0.066987 0.965926
vn -0.000000 -0.000000 1.000000
vn -0.224144 -0.129410 0.965926
vn -0.000000 -0.000000 1.000000
vn -0.183013 -0.183013 0.965926
vn 0.000000 0.000000 1.000000
vn -0.129410 -0.224144 0.965926
vn -0.000000 -0.000000 1.000000
vn -0.066987 -0.250000 0.965926
vn 0.000000 -0.000000 1.000000
vn 0.000000 -0.258819 0.965926
vn 0.000000 -0.000000 1.000000
vn 0.066987 -0.250000 0.965926
vn 0.000000 -0.000000 1.000000
vn 0.129410 -0.224144 0.965926
vn 0.000000 -0.000000 1.000000
vn 0.183013 -0.183013 0.965926
vn 0.000000 -0.000000 1.000000
vn 0.224144 -0.129410 0.965926
vn -0.866025 0.000000 0.500000
vn -0.836516 0.224144 0.500000
vn -0.750000 0.433013 0.500000
vn -0.612372 0.612372 0.500000
vn -0.433013 0.750000 0.500000
vn -0.224144 0.836516 0.500000
vn 0.000000 0.866025 0.500000
vn 0.224144 0.836516 0.500000
vn 0.433013 0.750000 0.500000
vn 0.612372 0.612372 0.500000
vn 0.750000 0.433013 0.500000
vn 0.836516 0.224144 0.500000
vn 0.866025 0.000000 0.500000
vn 0.836516 -0.224144 0.500000
vn 0.750000 -0.433013 0.500000
vn 0.612372 -0.612372 0.500000
vn 0.433013 -0.750000 0.500000
vn 0.224144 -0.836516 0.500000
vn 0.000000 -0.866025 0.500000
vn -0.224144 -0.836516 0.500000
vn -0.433013 -0.750000 0.500000
vn -0.612372 -0.612372 0.500000
vn -0.750000 -0.433013 0.500000
vn -0.836516 -0.224144 0.500000
vn -0.707107 0.000000 0.707107
vn -0.683013 0.183013 0.707107
vn -0.612372 0.353553 0.707107
vn -0.500000 0.500000 0.707107
vn -0.353553 0.612372 0.707107
vn -0.183013 0.683013 0.707107
vn 0.000000 0.707107 0.707107
vn 0.183013 0.683013 0.707107
vn 0.353553 0.612372 0.707107
vn 0.500000 0.500000 0.707107
vn 0.612372 0.353553 0.707107
vn 0.683013 0.183013 0.707107
vn 0.707107 -0.000000 0.707107
vn 0.683013 -0.183013 0.707107
vn 0.612372 -0.353553 0.707107
vn 0.500000 -0.500000 0.707107
vn 0.353553 -0.612372 0.707107
vn 0.183013 -0.683013 0.707107
vn 0.000000 -0.707107 0.707107
vn -0.183013 -0.683013 0.707107
vn -0.353553 -0.612372 0.707107
vn -0.500000 -0.500000 0.707107
vn -0.612372 -0.353553 0.707107
vn -0.683013 -0.183013 0.707107
vn -0.500000 0.000000 0.866025
vn -0.482963 0.129410 0.866025
vn -0.433013 0.250000 0.866025
vn -0.353553 0.353553 0.866025
vn -0.250000 0.433013 0.866025
vn -0.129410 0.482963 0.866025
vn 0.000000 0.500000 0.866025
vn 0.129410 0.482963 0.866025
vn 0.250000 0.433013 0.866025
vn 0.353553 0.353553 0.866025
vn 0.433013 0.250000 0.866025
vn 0.482963 0.129410 0.866025
vn 0.500000 -0.000000 0.866025
vn 0.482963 -0.129410 0.866025
vn 0.433013 -0.250000 0.866025
vn 0.353553 -0.353553 0.866025
vn 0.250000 -0.433013 0.866025
vn 0.129410 -0.482963 0.866025
vn 0.000000 -0.500000 0.866025
vn -0.129410 -0.482963 0.866025
vn -0.250000 -0.433013 0.866025
vn -0.353553 -0.353553 0.866025
vn -0.433013 -0.250000 0.866025
vn -0.482963 -0.129410 0.866025
vn 0.965926 0.258819 -0.000000
vn 1.000000 0.000000 -0.000000
vn 0.965926 -0.258819 -0.000000
vn 0.866025 -0.500000 -0.000000
vn 0.707107 -0.707107 -0.000000
vn 0.500000 -0.866025 -0.000000
vn 0.258819 -0.965926 -0.000000
vn -0.000000 -1.000000 0.000000
vn -0.258819 -0.965926 0.000000
vn -0.500000 -0.866025 0.000000
vn -0.707107 -0.707107 0.000000
vn -0.866025 -0.500000 0.000000
vn -0.965926 -0.258819 0.000000
vn -1.000000 -0.000000 0.000000
vn -0.965926 0.258819 -0.000000
vn -0.866025 0.500000 -0.000000
vn -0.707107 0.707107 -0.000000
vn -0.500000 0.866025 -0.000000
vn -0.258819 0.965926 -0.000000
vn -0.000000 1.000000 -0.000000
vn 0.258819 0.965926 -0.000000
vn 0.500000 0.866025 -0.000000
vn 0.707107 0.707107 -0.000000
vn 0.866025 0.500000 -0.000000
vn 0.965926 0.258819 -0.000000
vn 0.933013 0.250000 0.258819
vn 1.000000 0.000000 -0.000000
vn 0.965926 0.000000 0.258819
vn 0.965926 -0.258819 -0.000000
vn 0.933013 -0.250000 0.258819
vn 0.866025 -0.500000 -0.000000
vn 0.836516 -0.482963 0.258819
vn 0.707107 -0.707107 -0.000000
vn 0.683013 -0.683013 0.258819
vn 0.500000 -0.866025 -0.000000
vn 0.482963 -0.836516 0.258819
vn 0.258819 -0.965926 -0.000000
vn 0.250000 -0.933013 0.258819
vn 0.000000 -1.000000 -0.000000
vn 0.000000 -0.965926 0.258819
vn -0.258819 -0.965926 0.000000
vn -0.250000 -0.933013 0.258819
vn -0.500000 -0.866025 0.000000
vn -0.482963 -0.836516 0.258819
vn -0.707107 -0.707107 0.000000
vn -0.683013 -0.683013 0.258819
vn -0.866025 -0.500000 0.000000
vn -0.836516 -0.482963 0.258819
vn -0.965926 -0.258819 0.000000
vn -0.933013 -0.250000 0.258819
vn -1.000000 -0.000000 0.000000
vn -0.965926 -0.000000 0.258819
vn -0.965926 0.258819 -0.000000
vn -0.933013 0.250000 0.258819
vn -0.866025 0.500000 -0.000000
vn -0.836516 0.482963 0.258819
vn -0.707107 0.707107 -0.000000
vn -0.683013 0.683013 0.258819
vn -0.500000 0.866025 -0.000000
vn -0.482963 0.836516 0.258819
vn -0.258819 0.965926 -0.000000
vn -0.250000 0.933013 0.258819
vn 0.000000 1.000000 -0.000000
vn 0.000000 0.965926 0.258819
vn 0.258819 0.965926 -0.000000
vn 0.250000 0.933013 0.258819
vn 0.500000 0.866025 -0.000000
vn 0.482963 0.836516 0.258819
vn 0.707107 0.707107 -0.000000
vn 0.683013 0.683013 0.258819
vn 0.866025 0.500000 -0.000000
vn 0.836516 0.482963 0.258819
vn 0.000000 -0.000000 1.000000
vn 0.250000 -0.066987 0.965926
vn -0.000000 0.000000 1.000000
vn 0.258819 -0.000000 0.965926
vn -0.000000 -0.000000 1.000000
vn 0.250000 0.066987 0.965926
vn 0.000000 0.000000 1.000000
vn 0.224144 0.129410 0.965926
vn 0.000000 0.000000 1.000000
vn 0.183013 0.183013 0.965926
vn -0.000000 -0.000000 1.000000
vn 0.129410 0.224144 0.965926
vn -0.000000 -0.000000 1.000000
vn 0.066987 0.250000 0.965926
vn -0.000000 -0.000000 1.000000
vn 0.000000 0.258819 0.965926
vn -0.000000 0.000000 1.000000
vn -0.066987 0.250000 0.965926
vn -0.000000 0.000000 1.000000
vn -0.129410 0.224144 0.965926
vn 0.000000 -0.000000 1.000000
vn -0.183013 0.183013 0.965926
vn -0.000000 0.000000 1.000000
vn -0.224144 0.129410 0.965926
vn 0.000000 -0.000000 1.000000
vn -0.250000 0.066987 0.965926
vn 0.000000 -0.000000 1.000000
vn -0.258819 0.000000 0.965926
vn -0.000000 -0.000000 1.000000
vn -0.250000 -0.066987 0.965926
vn -0.000000 -0.000000 1.000000
vn -0.224144 -0.129410 0.965926
vn -0.000000 -0.000000 1.000000
vn -0.183013 -0.183013 0.965926
vn -0.000000 -0.000000 1.000000
vn -0.129410 -0.224144 0.965926
vn -0.000000 -0.000000 1.000000
vn -0.066987 -0.250000 0.965926
vn 0.000000 -0.000000 1.000000
vn 0.000000 -0.258819 0.965926
vn 0.000000 -0.000000 1.000000
vn 0.066987 -0.250000 0.965926
vn 0.000000 -0.000000 1.000000
vn 0.129410 -0.224144 0.965926
vn 0.000000 -0.000000 1.000000
vn 0.183013 -0.183013 0.965926
vn 0.000000 -0.000000 1.000000
vn 0.224144 -0.129410 0.965926
vn -0.866025 0.000000 0.500000
vn -0.836516 0.224144 0.500000
vn -0.750000 0.433013 0.500000
vn -0.612372 0.612372 0.500000
vn -0.433013 0.750000 0.500000
vn -0.224144 0.836516 0.500000
vn 0.000000 0.866025 0.500000
vn 0.224144 0.836516 0.500000
vn 0.433013 0.750000 0.500000
vn 0.612372 0.612372 0.500000
vn 0.750000 0.433013 0.500000
vn 0.836516 0.224144 0.500000
vn 0.866025 0.000000 0.500000
vn 0.836516 -0.224144 0.500000
vn 0.750000 -0.433013 0.500000
vn 0.612372 -0.612372 0.500000
vn 0.433013 -0.750000 0.500000
vn 0.224144 -0.836516 0.500000
vn 0.000000 -0.866025 0.500000
vn -0.224144 -0.836516 0.500000
vn -0.433013 -0.750000 0.500000
vn -0.612372 -0.612372 0.500000
vn -0.750000 -0.433013 0.500000
vn -0.836516 -0.224144 0.500000
vn -0.707107 0.000000 0.707107
vn -0.683013 0.183013 0.707107
vn -0.612372 0.353553 0.707107
vn -0.500000 0.500000 0.707107
vn -0.353553 0.612372 0.707107
vn -0.183013 0.683013 0.707107
vn 0.000000 0.707107 0.707107
vn 0.183013 0.683013 0.707107
vn 0.353553 0.612372 0.707107
vn 0.500000 0.500000 0.707107
vn 0.612372 0.353553 0.707107
vn 0.683013 0.183013 0.707107
vn 0.707107 -0.000000 0.707107
vn 0.683013 -0.183013 0.707107
vn 0.612372 -0.353553 0.707107
vn 0.500000 -0.500000 0.707107
vn 0.353553 -0.612372 0.707107
vn 0.183013 -0.683013 0.707107
vn 0.000000 -0.707107 0.707107
vn -0.183013 -0.683013 0.707107
vn -0.353553 -0.612372 0.707107
vn -0.500000 -0.500000 0.707107
vn -0.612372 -0.353553 0.707107
vn -0.683013 -0.183013 0.707107
vn -0.500000 0.000000 0.866025
vn -0.482963 0.129410 0.866025
vn -0.433013 0.250000 0.866025
vn -0.353553 0.353553 0.866025
vn -0.250000 0.433013 0.866025
vn -0.129410 0.482963 0.866025
vn 0.000000 0.500000 0.866025
vn 0.129410 0.482963 0.866025
vn 0.250000 0.433013 0.866025
vn 0.353553 0.353553 0.866025
vn 0.433013 0.250000 0.866025
vn 0.482963 0.129410 0.866025
vn 0.500000 -0.000000 0.866025
vn 0.482963 -0.129410 0.866025
vn 0.433013 -0.250000 0.866025
vn 0.353553 -0.353553 0.866025
vn 0.250000 -0.433013 0.866025
vn 0.129410 -0.482963 0.866025
vn 0.000000 -0.500000 0.866025
vn -0.129410 -0.482963 0.866025
vn -0.250000 -0.433013 0.866025
vn -0.353553 -0.353553 0.866025
vn -0.433013 -0.250000 0.866025
vn -0.482963 -0.129410 0.866025
vn 0.965926 0.258819 -0.000000
vn 1.000000 0.000000 -0.000000
vn 0.965926 -0.258819 -0.000000
vn 0.866025 -0.500000 -0.000000
vn 0.707107 -0.707107 -0.000000
vn 0.500000 -0.866025 -0.000000
vn 0.258819 -0.965926 -0.000000
vn -0.000000 -1.000000 0.000000
vn -0.258819 -0.965926 0.000000
vn -0.500000 -0.866025 0.000000
vn -0.707107 -0.707107 0.000000
vn -0.866025 -0.500000 0.000000
vn -0.965926 -0.258819 0.000000
vn -1.000000 -0.000000 0.000000
vn -0.965926 0.258819 -0.000000
vn -0.866025 0.500000 -0.000000
vn -0.707107 0.707107 -0.000000
vn -0.500000 0.866025 -0.000000
vn -0.258819 0.965926 -0.000000
vn -0.000000 1.000000 -0.000000
vn 0.258819 0.965926 -0.000000
vn 0.500000 0.866025 -0.000000
vn 0.707107 0.707107 -0.000000
vn 0.866025 0.500000 -0.000000
vn 0.965926 0.258819 -0.000000
vn 0.933013 0.250000 0.258819
vn 1.000000 0.000000 -0.000000
vn 0.965926 0.000000 0.258819
vn 0.965926 -0.258819 -0.000000
vn 0.933013 -0.250000 0.258819
vn 0.866025 -0.500000 -0.000000
vn 0.836516 -0.482963 0.258819
vn 0.707107 -0.707107 -0.000000
vn 0.683013 -0.683013 0.258819
vn 0.500000 -0.866025 -0.000000
vn 0.482963 -0.836516 0.258819
vn 0.258819 -0.965926 -0.000000
vn 0.250000 -0.933013 0.258819
vn 0.000000 -1.000000 -0.000000
vn 0.000000 -0.965926 0.258819
vn -0.258819 -0.965926 0.000000
vn -0.250000 -0.933013 0.258819
vn -0.500000 -0.866025 0.000000
vn -0.482963 -0.836516 0.258819
vn -0.707107 -0.707107 0.000000
vn -0.683013 -0.683013 0.258819
vn -0.866025 -0.500000 0.000000
vn -0.836516 -0.482963 0.258819
vn -0.965926 -0.258819 0.000000
vn -0.933013 -0.250000 0.258819
vn -1.000000 -0.000000 0.000000
vn -0.965926 -0.000000 0.258819
vn -0.965926 0.258819 -0.000000
vn -0.933013 0.250000 0.258819
vn -0.866025 0.500000 -0.000000
vn -0.836516 0.482963 0.258819
vn -0.707107 0.707107 -0.000000
vn -0.683013 0.683013 0.258819
vn -0.500000 0.866025 -0.000000
vn -0.482963 0.836516 0.258819
vn -0.258819 0.965926 -0.000000
vn -0.250000 0.933013 0.258819
vn 0.000000 1.000000 -0.000000
vn 0.000000 0.965926 0.258819
vn 0.258819 0.965926 -0.000000
vn 0.250000 0.933013 0.258819
vn 0.500000 0.866025 -0.000000
vn 0.482963 0.836516 0.258819
vn 0.707107 0.707107 -0.000000
vn 0.683013 0.683013 0.258819
vn 0.866025 0.500000 -0.000000
vn 0.836516 0.482963 0.258819
vn 0.000000 -0.000000 1.000000
vn 0.250000 -0.066987 0.965926
vn -0.000000 0.000000 1.000000
vn 0.258819 -0.000000 0.965926
vn 0.000000 0.000000 1.000000
vn 0.250000 0.066987 0.965926
vn 0.000000 0.000000 1.000000
vn 0.224144 0.129410 0.965926
vn 0.000000 0.000000 1.000000
vn 0.183013 0.183013 0.965926
vn 0.000000 0.000000 1.000000
vn 0.129410 0.224144 0.965926
vn 0.000000 0.000000 1.000000
vn 0.066987 0.250000 0.965926
vn -0.000000 -0.000000 1.000000
vn 0.000000 0.258819 0.965926
vn -0.000000 0.000000 1.000000
vn -0.066987 0.250000 0.965926
vn 0.000000 -0.000000 1.000000
vn -0.129410 0.224144 0.965926
vn 0.000000 -0.000000 1.000000
vn -0.183013 0.183013 0.965926
vn -0.000000 0.000000 1.000000
vn -0.224144 0.129410 0.965926
vn 0.000000 -0.000000 1.000000
vn -0.250000 0.066987 0.965926
vn 0.000000 -0.000000 1.000000
vn -0.258819 0.000000 0.965926
vn -0.000000 -0.000000 1.000000
vn -0.250000 -0.066987 0.965926
vn 0.000000 0.000000 1.000000
vn -0.224144 -0.129410 0.965926
vn -0.000000 -0.000000 1.000000
vn -0.183013 -0.183013 0.965926
vn -0.000000 -0.000000 1.000000
vn -0.129410 -0.224144 0.965926
vn -0.000000 -0.000000 1.000000
vn -0.066987 -0.250000 0.965926
vn 0.000000 -0.000000 1.000000
vn 0.000000 -0.258819 0.965926
vn 0.000000 -0.000000 1.000000
vn 0.066987 -0.250000 0.965926
vn -0.000000 0.000000 1.000000
vn 0.129410 -0.224144 0.965926
vn 0.000000 -0.000000 1.000000
vn 0.183013 -0.183013 0.965926
vn 0.000000 -0.000000 1.000000
vn 0.224144 -0.129410 0.965926
vn -0.866025 0.000000 0.500000
vn -0.836516 0.224144 0.500000
vn -0.750000 0.433013 0.500000
vn -0.612372 0.612372 0.500000
vn -0.433013 0.750000 0.500000
vn -0.224144 0.836516 0.500000
vn 0.000000 0.866025 0.500000
vn 0.224144 0.836516 0.500000
vn 0.433013 0.750000 0.500000
vn 0.612372 0.612372 0.500000
vn 0.750000 0.433013 0.500000
vn 0.836516 0.224144 0.500000
vn 0.866025 0.000000 0.500000
vn 0.836516 -0.224144 0.500000
vn 0.750000 -0.433013 0.500000
vn 0.612372 -0.612372 0.500000
vn 0.433013 -0.750000 0.500000
vn 0.224144 -0.836516 0.500000
vn 0.000000 -0.866025 0.500000
vn -0.224144 -0.836516 0.500000
vn -0.433013 -0.750000 0.500000
vn -0.612372 -0.612372 0.500000
vn -0.750000 -0.433013 0.500000
vn -0.836516 -0.224144 0.500000
vn -0.707107 0.000000 0.707107
vn -0.683013 0.183013 0.707107
vn -0.612372 0.353553 0.707107
vn -0.500000 0.500000 0.707107
vn -0.353553 0.612372 0.707107
vn -0.183013 0.683013 0.707107
vn 0.000000 0.707107 0.707107
vn 0.183013 0.683013 0.707107
vn 0.353553 0.612372 0.707107
vn 0.500000 0.500000 0.707107
vn 0.612372 0.353553 0.707107
vn 0.683013 0.183013 0.707107
vn 0.707107 -0.000000 0.707107
vn 0.683013 -0.183013 0.707107
vn 0.612372 -0.353553 0.707107
vn 0.500000 -0.500000 0.707107
vn 0.353553 -0.612372 0.707107
vn 0.183013 -0.683013 0.707107
vn 0.000000 -0.707107 0.707107
vn -0.183013 -0.683013 0.707107
vn -0.353553 -0.612372 0.707107
vn -0.500000 -0.500000 0.707107
vn -0.612372 -0.353553 0.707107
vn -0.683013 -0.183013 0.707107
vn -0.500000 0.000000 0.866025
vn -0.482963 0.129410 0.866025
vn -0.433013 0.250000 0.866025
vn -0.353553 0.353553 0.866025
vn -0.250000 0.433013 0.866025
vn -0.129410 0.482963 0.866025
vn 0.000000 0.500000 0.866025
vn 0.129410 0.482963 0.866025
vn 0.250000 0.433013 0.866025
vn 0.353553 0.353553 0.866025
vn 0.433013 0.250000 0.866025
vn 0.482963 0.129410 0.866025
vn 0.500000 -0.000000 0.866025
vn 0.482963 -0.129410 0.866025
vn 0.433013 -0.250000 0.866025
vn 0.353553 -0.353553 0.866025
vn 0.250000 -0.433013 0.866025
vn 0.129410 -0.482963 0.866025
vn 0.000000 -0.500000 0.866025
vn -0.129410 -0.482963 0.866025
vn -0.250000 -0.433013 0.866025
vn -0.353553 -0.353553 0.866025
vn -0.433013 -0.250000 0.866025
vn -0.482963 -0.129410 0.866025
vn 0.965926 0.258819 -0.000000
vn 1.000000 0.000000 -0.000000
vn 0.965926 -0.258819 -0.000000
vn 0.866025 -0.500000 -0.000000
vn 0.707107 -0.707107 -0.000000
vn 0.500000 -0.866025 -0.000000
vn 0.258819 -0.965926 -0.000000
vn -0.000000 -1.000000 0.000000
vn -0.258819 -0.965926 0.000000
vn -0.500000 -0.866025 0.000000
vn -0.707107 -0.707107 0.000000
vn -0.866025 -0.500000 0.000000
vn -0.965926 -0.258819 0.000000
vn -1.000000 -0.000000 0.000000
vn -0.965926 0.258819 -0.000000
vn -0.866025 0.500000 -0.000000
vn -0.707107 0.707107 -0.000000
vn -0.500000 0.866025 -0.000000
vn -0.258819 0.965926 -0.000000
vn -0.000000 1.000000 -0.000000
vn 0.258819 0.965926 -0.000000
vn 0.500000 0.866025 -0.000000
vn 0.707107 0.707107 -0.000000
vn 0.866025 0.500000 -0.000000
vn 0.965926 0.258819 -0.000000
vn 0.933013 0.250000 0.258819
vn 1.000000 0.000000 -0.000000
vn 0.965926 0.000000 0.258819
vn 0.965926 -0.258819 -0.000000
vn 0.933013 -0.250000 0.258819
vn 0.866025 -0.500000 -0.000000
vn 0.836516 -0.482963 0.258819
vn 0.707107 -0.707107 -0.000000
vn 0.683013 -0.683013 0.258819
vn 0.500000 -0.866025 -0.000000
vn 0.482963 -0.836516 0.258819
vn 0.258819 -0.965926 -0.000000
vn 0.250000 -0.933013 0.258819
vn 0.000000 -1.000000 -0.000000
vn 0.000000 -0.965926 0.258819
vn -0.258819 -0.965926 0.000000
vn -0.250000 -0.933013 0.258819
vn -0.500000 -0.866025 0.000000
vn -0.482963 -0.836516 0.258819
vn -0.707107 -0.707107 0.000000
vn -0.683013 -0.683013 0.258819
vn -0.866025 -0.500000 0.000000
vn -0.836516 -0.482963 0.258819
vn -0.965926 -0.258819 0.000000
vn -0.933013 -0.250000 0.258819
vn -1.000000 -0.000000 0.000000
vn -0.965926 -0.000000 0.258819
vn -0.965926 0.258819 -0.000000
vn -0.933013 0.250000 0.258819
vn -0.866025 0.500000 -0.000000
vn -0.836516 0.482963 0.258819
vn -0.707107 0.707107 -0.000000
vn -0.683013 0.683013 0.258819
vn -0.500000 0.866025 -0.000000
vn -0.482963 0.836516 0.258819
vn -0.258819 0.965926 -0.000000
vn -0.250000 0.933013 0.258819
vn 0.000000 1.000000 -0.000000
vn 0.000000 0.965926 0.258819
vn 0.258819 0.965926 -0.000000
vn 0.250000 0.933013 0.258819
vn 0.500000 0.866025 -0.000000
vn 0.482963 0.836516 0.258819
vn 0.707107 0.707107 -0.000000
vn 0.683013 0.683013 0.258819
vn 0.866025 0.500000 -0.000000
vn 0.836516 0.482963 0.258819
vn 0.000000 -0.000000 1.000000
vn 0.250000 -0.066987 0.965926
vn 0.000000 -0.000000 1.000000
vn 0.258819 -0.000000 0.965926
vn 0.000000 0.000000 1.000000
vn 0.250000 0.066987 0.965926
vn -0.000000 -0.000000 1.000000
vn 0.224144 0.129410 0.965926
vn 0.000000 0.000000 1.000000
vn 0.183013 0.183013 0.965926
vn -0.000000 -0.000000 1.000000
vn 0.129410 0.224144 0.965926
vn -0.000000 -0.000000 1.000000
vn 0.066987 0.250000 0.965926
vn -0.000000 -0.000000 1.000000
vn 0.000000 0.258819 0.965926
vn -0.000000 0.000000 1.000000
vn -0.066987 0.250000 0.965926
vn 0.000000 -0.000000 1.000000
vn -0.129410 0.224144 0.965926
vn 0.000000 -0.000000 1.000000
vn -0.183013 0.183013 0.965926
vn -0.000000 0.000000 1.000000
vn -0.224144 0.129410 0.965926
vn 0.000000 -0.000000 1.000000
vn -0.250000 0.066987 0.965926
vn -0.000000 0.000000 1.000000
vn -0.258819 0.000000 0.965926
vn -0.000000 -0.000000 1.000000
vn -0.250000 -0.066987 0.965926
vn -0.000000 -0.000000 1.000000
vn -0.224144 -0.129410 0.965926
vn -0.000000 -0.000000 1.000000
vn -0.183013 -0.183013 0.965926
vn -0.000000 -0.000000 1.000000
vn -0.129410 -0.224144 0.965926
vn -0.000000 -0.000000 1.000000
vn -0.066987 -0.250000 0.965926
vn 0.000000 -0.000000 1.000000
vn 0.000000 -0.258819 0.965926
vn 0.000000 -0.000000 1.000000
vn 0.066987 -0.250000 0.965926
vn 0.000000 -0.000000 1.000000
vn 0.129410 -0.224144 0.965926
vn 0.000000 -0.000000 1.000000
vn 0.183013 -0.183013 0.965926
vn 0.000000 -0.000000 1.000000
vn 0.224144 -0.129410 0.965926
vn -0.866025 0.000000 0.500000
vn -0.836516 0.224144 0.500000
vn -0.750000 0.433013 0.500000
vn -0.612372 0.612372 0.500000
vn -0.433013 0.750000 0.500000
vn -0.224144 0.836516 0.500000
vn 0.000000 0.866025 0.500000
vn 0.224144 0.836516 0.500000
vn 0.433013 0.750000 0.500000
vn 0.612372 0.612372 0.500000
vn 0.750000 0.433013 0.500000
vn 0.836516 0.224144 0.500000
vn 0.866025 0.000000 0.500000
vn 0.836516 -0.224144 0.500000
vn 0.750000 -0.433013 0.500000
vn 0.612372 -0.612372 0.500000
vn 0.433013 -0.750000 0.500000
vn 0.224144 -0.836516 0.500000
vn 0.000000 -0.866025 0.500000
vn -0.224144 -0.836516 0.500000
vn -0.433013 -0.750000 0.500000
vn -0.612372 -0.612372 0.500000
vn -0.750000 -0.433013 0.500000
vn -0.836516 -0.224144 0.500000
vn -0.707107 0.000000 0.707107
vn -0.683013 0.183013 0.707107
vn -0.612372 0.353553 0.707107
vn -0.500000 0.500000 0.707107
vn -0.353553 0.612372 0.707107
vn -0.183013 0.683013 0.707107
vn 0.000000 0.707107 0.707107
vn 0.183013 0.683013 0.707107
vn 0.353553 0.612372 0.707107
vn 0.500000 0.500000 0.707107
vn 0.612372 0.353553 0.707107
vn 0.683013 0.183013 0.707107
vn 0.707107 -0.000000 0.707107
vn 0.683013 -0.183013 0.707107
vn 0.612372 -0.353553 0.707107
vn 0.500000 -0.500000 0.707107
vn 0.353553 -0.612372 0.707107
vn 0.183013 -0.683013 0.707107
vn 0.000000 -0.707107 0.707107
vn -0.183013 -0.683013 0.707107
vn -0.353553 -0.612372 0.707107
vn -0.500000 -0.500000 0.707107
vn -0.612372 -0.353553 0.707107
vn -0.683013 -0.183013 0.707107
vn -0.500000 0.000000 0.866025
vn -0.482963 0.129410 0.866025
vn -0.433013 0.250000 0.866025
vn -0.353553 0.353553 0.866025
vn -0.250000 0.433013 0.866025
vn -0.129410 0.482963 0.866025
vn 0.000000 0.500000 0.866025
vn 0.129410 0.482963 0.866025
vn 0.250000 0.433013 0.866025
vn 0.353553 0.353553 0.866025
vn 0.433013 0.250000 0.866025
vn 0.482963 0.129410 0.866025
vn 0.500000 -0.000000 0.866025
vn 0.482963 -0.129410 0.866025
vn 0.433013 -0.250000 0.866025
vn 0.353553 -0.353553 0.866025
vn 0.250000 -0.433013 0.866025
vn 0.129410 -0.482963 0.866025
vn 0.000000 -0.500000 0.866025
vn -0.129410 -0.482963 0.866025
vn -0.250000 -0.433013 0.866025
vn -0.353553 -0.353553 0.866025
vn -0.433013 -0.250000 0.866025
vn -0.482963 -0.129410 0.866025
vn 0.965926 0.258819 -0.000000
vn 1.000000 0.000000 -0.000000
vn 0.965926 -0.258819 -0.000000
vn 0.866025 -0.500000 -0.000000
vn 0.707107 -0.707107 -0.000000
vn 0.500000 -0.866025 -0.000000
vn 0.258819 -0.965926 -0.000000
vn -0.000000 -1.000000 0.000000
vn -0.258819 -0.965926 0.000000
vn -0.500000 -0.866025 0.000000
vn -0.707107 -0.707107 0.000000
vn -0.866025 -0.500000 0.000000
vn -0.965926 -0.258819 0.000000
vn -1.000000 -0.000000 0.000000
vn -0.965926 0.258819 -0.000000
vn -0.866025 0.500000 -0.000000
vn -0.707107 0.707107 -0.000000
vn -0.500000 0.866025 -0.000000
vn -0.258819 0.965926 -0.000000
vn -0.000000 1.000000 -0.000000
vn 0.258819 0.965926 -0.000000
vn 0.500000 0.866025 -0.000000
vn 0.707107 0.707107 -0.000000
vn 0.866025 0.500000 -0.000000
vn 0.965926 0.258819 -0.000000
vn 0.933013 0.250000 0.258819
vn 1.000000 -0.000000 -0.000000
vn 0.965926 -0.000000 0.258819
vn 0.965926 -0.258819 -0.000000
vn 0.933013 -0.250000 0.258819
vn 0.866025 -0.500000 -0.000000
vn 0.836516 -0.482963 0.258819
vn 0.707107 -0.707107 -0.000000
vn 0.683013 -0.683013 0.258819
vn 0.500000 -0.866025 -0.000000
vn 0.482963 -0.836516 0.258819
vn 0.258819 -0.965926 -0.000000
vn 0.250000 -0.933013 0.258819
vn 0.000000 -1.000000 -0.000000
vn 0.000000 -0.965926 0.258819
vn -0.258819 -0.965926 0.000000
vn -0.250000 -0.933013 0.258819
vn -0.500000 -0.866025 0.000000
vn -0.482963 -0.836516 0.258819
vn -0.707107 -0.707107 0.000000
vn -0.683013 -0.683013 0.258819
vn -0.866025 -0.500000 0.000000
vn -0.836516 -0.482963 0.258819
vn -0.965926 -0.258819 0.000000
vn -0.933013 -0.250000 0.258819
vn -1.000000 -0.000000 0.000000
vn -0.965926 -0.000000 0.258819
vn -0.965926 0.258819 -0.000000
vn -0.933013 0.250000 0.258819
vn -0.866025 0.500000 -0.000000
vn -0.836516 0.482963 0.258819
vn -0.707107 0.707107 -0.000000
vn -0.683013 0.683013 0.258819
vn -0.500000 0.866025 -0.000000
vn -0.482963 0.836516 0.258819
vn -0.258819 0.965926 -0.000000
vn -0.250000 0.933013 0.258819
vn 0.000000 1.000000 -0.000000
vn 0.000000 0.965926 0.258819
vn 0.258819 0.965926 -0.000000
vn 0.250000 0.933013 0.258819
vn 0.500000 0.866025 -0.000000
vn 0.482963 0.836516 0.258819
vn 0.707107 0.707107 -0.000000
vn 0.683013 0.683013 0.258819
vn 0.866025 0.500000 -0.000000
vn 0.836516 0.482963 0.258819
vn -0.000000 0.000000 1.000000
vn 0.250000 -0.066987 0.965926
vn -0.000000 -0.000000 1.000000
vn 0.258819 -0.000000 0.965926
vn -0.000000 -0.000000 1.000000
vn 0.250000 0.066987 0.965926
vn 0.000000 0.000000 1.000000
vn 0.224144 0.129410 0.965926
vn 0.000000 0.000000 1.000000
vn 0.183013 0.183013 0.965926
vn -0.000000 -0.000000 1.000000
vn 0.129410 0.224144 0.965926
vn -0.000000 -0.000000 1.000000
vn 0.066987 0.250000 0.965926
vn -0.000000 -0.000000 1.000000
vn 0.000000 0.258819 0.965926
vn -0.000000 0.000000 1.000000
vn -0.066987 0.250000 0.965926
vn -0.000000 0.000000 1.000000
vn -0.129410 0.224144 0.965926
vn -0.000000 0.000000 1.000000
vn -0.183013 0.183013 0.965926
vn -0.000000 0.000000 1.000000
vn -0.224144 0.129410 0.965926
vn 0.000000 -0.000000 1.000000
vn -0.250000 0.066987 0.965926
vn 0.000000 -0.000000 1.000000
vn -0.258819 0.000000 0.965926
vn 0.000000 0.000000 1.000000
vn -0.250000 -0.066987 0.965926
vn -0.000000 -0.000000 1.000000
vn -0.224144 -0.129410 0.965926
vn -0.000000 -0.000000 1.000000
vn -0.183013 -0.183013 0.965926
vn 0.000000 0.000000 1.000000
vn -0.129410 -0.224144 0.965926
vn -0.000000 -0.000000 1.000000
vn -0.066987 -0.250000 0.965926
vn -0.000000 0.000000 1.000000
vn 0.000000 -0.258819 0.965926
vn 0.000000 -0.000000 1.000000
vn 0.066987 -0.250000 0.965926
vn 0.000000 -0.000000 1.000000
vn 0.129410 -0.224144 0.965926
vn 0.000000 -0.000000 1.000000
vn 0.183013 -0.183013 0.965926
vn 0.000000 -0.000000 1.000000
vn 0.224144 -0.129410 0.965926
vn -0.866025 0.000000 0.500000
vn -0.836516 0.224144 0.500000
vn -0.750000 0.433013 0.500000
vn -0.612372 0.612372 0.500000
vn -0.433013 0.750000 0.500000
vn -0.224144 0.836516 0.500000
vn 0.000000 0.866025 0.500000
vn 0.224144 0.836516 0.500000
vn 0.433013 0.750000 0.500000
vn 0.612372 0.612372 0.500000
vn 0.750000 0.433013 0.500000
vn 0.836516 0.224144 0.500000
vn 0.866025 -0.000000 0.500000
vn 0.836516 -0.224144 0.500000
vn 0.750000 -0.433013 0.500000
vn 0.612372 -0.612372 0.500000
vn 0.433013 -0.750000 0.500000
vn 0.224144 -0.836516 0.500000
vn 0.000000 -0.866025 0.500000
vn -0.224144 -0.836516 0.500000
vn -0.433013 -0.750000 0.500000
vn -0.612372 -0.612372 0.500000
vn -0.750000 -0.433013 0.500000
vn -0.836516 -0.224144 0.500000
vn -0.707107 0.000000 0.707107
vn -0.683013 0.183013 0.707107
vn -0.612372 0.353553 0.707107
vn -0.500000 0.500000 0.707107
vn -0.353553 0.612372 0.707107
vn -0.183013 0.683013 0.707107
vn 0.000000 0.707107 0.707107
vn 0.183013 0.683013 0.707107
vn 0.353553 0.612372 0.707107
vn 0.500000 0.500000 0.707107
vn 0.612372 0.353553 0.707107
vn 0.683013 0.183013 0.707107
vn 0.707107 -0.000000 0.707107
vn 0.683013 -0.183013 0.707107
vn 0.612372 -0.353553 0.707107
vn 0.500000 -0.500000 0.707107
vn 0.353553 -0.612372 0.707107
vn 0.183013 -0.683013 0.707107
vn 0.000000 -0.707107 0.707107
vn -0.183013 -0.683013 0.707107
vn -0.353553 -0.612372 0.707107
vn -0.500000 -0.500000 0.707107
vn -0.612372 -0.353553 0.707107
vn -0.683013 -0.183013 0.707107
vn -0.500000 0.000000 0.866025
vn -0.482963 0.129410 0.866025
vn -0.433013 0.250000 0.866025
vn -0.353553 0.353553 0.866025
vn -0.250000 0.433013 0.866025
vn -0.129410 0.482963 0.866025
vn 0.000000 0.500000 0.866025
vn 0.129410 0.482963 0.866025
vn 0.250000 0.433013 0.866025
vn 0.353553 0.353553 0.866025
vn 0.433013 0.250000 0.866025
vn 0.482963 0.129410 0.866025
vn 0.500000 -0.000000 0.866025
vn 0.482963 -0.129410 0.866025
vn 0.433013 -0.250000 0.866025
vn 0.353553 -0.353553 0.866025
vn 0.250000 -0.433013 0.866025
vn 0.129410 -0.482963 0.866025
vn 0.000000 -0.500000 0.866025
vn -0.129410 -0.482963 0.866025
vn -0.250000 -0.433013 0.866025
vn -0.353553 -0.353553 0.866025
vn -0.433013 -0.250000 0.866025
vn -0.482963 -0.129410 0.866025
vn 0.965926 0.258819 -0.000000
vn 1.000000 0.000000 -0.000000
vn 0.965926 -0.258819 -0.000000
vn 0.866025 -0.500000 -0.000000
vn 0.707107 -0.707107 -0.000000
vn 0.500000 -0.866025 -0.000000
vn 0.258819 -0.965926 -0.000000
vn -0.000000 -1.000000 0.000000
vn -0.258819 -0.965926 0.000000
vn -0.500000 -0.866025 0.000000
vn -0.707107 -0.707107 0.000000
vn -0.866025 -0.500000 0.000000
vn -0.965926 -0.258819 0.000000
vn -1.000000 -0.000000 0.000000
vn -0.965926 0.258819 -0.000000
vn -0.866025 0.500000 -0.000000
vn -0.707107 0.707107 -0.000000
vn -0.500000 0.866025 -0.000000
vn -0.258819 0.965926 -0.000000
vn -0.000000 1.000000 -0.000000
vn 0.258819 0.965926 -0.000000
vn 0.500000 0.866025 -0.000000
vn 0.707107 0.707107 -0.000000
vn 0.866025 0.500000 -0.000000
vn 0.965926 0.258819 -0.000000
vn 0.933013 0.250000 0.258819
vn 1.000000 -0.000000 -0.000000
vn 0.965926 -0.000000 0.258819
vn 0.965926 -0.258819 -0.000000
vn 0.933013 -0.250000 0.258819
vn 0.866025 -0.500000 -0.000000
vn 0.836516 -0.482963 0.258819
vn 0.707107 -0.707107 -0.000000
vn 0.683013 -0.683013 0.258819
vn 0.500000 -0.866025 -0.000000
vn 0.482963 -0.836516 0.258819
vn 0.258819 -0.965926 -0.000000
vn 0.250000 -0.933013 0.258819
vn 0.000000 -1.000000 -0.000000
vn 0.000000 -0.965926 0.258819
vn -0.258819 -0.965926 0.000000
vn -0.250000 -0.933013 0.258819
vn -0.500000 -0.866025 0.000000
vn -0.482963 -0.836516 0.258819
vn -0.707107 -0.707107 0.000000
vn -0.683013 -0.683013 0.258819
vn -0.866025 -0.500000 0.000000
vn -0.836516 -0.482963 0.258819
vn -0.965926 -0.258819 0.000000
vn -0.933013 -0.250000 0.258819
vn -1.000000 -0.000000 0.000000
vn -0.965926 -0.000000 0.258819
vn -0.965926 0.258819 -0.000000
vn -0.933013 0.250000 0.258819
vn -0.866025 0.500000 -0.000000
vn -0.836516 0.482963 0.258819
vn -0.707107 0.707107 -0.000000
vn -0.683013 0.683013 0.258819
vn -0.500000 0.866025 -0.000000
vn -0.482963 0.836516 0.258819
vn -0.258819 0.965926 -0.000000
vn -0.250000 0.933013 0.258819
vn 0.000000 1.000000 -0.000000
vn 0.000000 0.965926 0.258819
vn 0.258819 0.965926 -0.000000
vn 0.250000 0.933013 0.258819
vn 0.500000 0.866025 -0.000000
vn 0.482963 0.836516 0.258819
vn 0.707107 0.707107 -0.000000
vn 0.683013 0.683013 0.258819
vn 0.866025 0.500000 -0.000000
vn 0.836516 0.482963 0.258819
vn 0.000000 -0.000000 1.000000
vn 0.250000 -0.066987 0.965926
vn -0.000000 -0.000000 1.000000
vn 0.258819 -0.000000 0.965926
vn -0.000000 -0.000000 1.000000
vn 0.250000 0.066987 0.965926
vn 0.000000 0.000000 1.000000
vn 0.224144 0.129410 0.965926
vn 0.000000 0.000000 1.000000
vn 0.183013 0.183013 0.965926
vn -0.000000 -0.000000 1.000000
vn 0.129410 0.224144 0.965926
vn -0.000000 -0.000000 1.000000
vn 0.066987 0.250000 0.965926
vn -0.000000 -0.000000 1.000000
vn 0.000000 0.258819 0.965926
vn -0.000000 0.000000 1.000000
vn -0.066987 0.250000 0.965926
vn -0.000000 0.000000 1.000000
vn -0.129410 0.224144 0.965926
vn -0.000000 0.000000 1.000000
vn -0.183013 0.183013 0.965926
vn -0.000000 0.000000 1.000000
vn -0.224144 0.129410 0.965926
vn -0.000000 0.000000 1.000000
vn -0.250000 0.066987 0.965926
vn 0.000000 -0.000000 1.000000
vn -0.258819 0.000000 0.965926
vn -0.000000 -0.000000 1.000000
vn -0.250000 -0.066987 0.965926
vn -0.000000 -0.000000 1.000000
vn -0.224144 -0.129410 0.965926
vn -0.000000 -0.000000 1.000000
vn -0.183013 -0.183013 0.965926
vn -0.000000 -0.000000 1.000000
vn -0.129410 -0.224144 0.965926
vn -0.000000 -0.000000 1.000000
vn -0.066987 -0.250000 0.965926
vn -0.000000 0.000000 1.000000
vn 0.000000 -0.258819 0.965926
vn 0.000000 -0.000000 1.000000
vn 0.066987 -0.250000 0.965926
vn 0.000000 -0.000000 1.000000
vn 0.129410 -0.224144 0.965926
vn 0.000000 -0.000000 1.000000
vn 0.183013 -0.183013 0.965926
vn 0.000000 -0.000000 1.000000
vn 0.224144 -0.129410 0.965926
vn -0.866025 0.000000 0.500000
vn -0.836516 0.224144 0.500000
vn -0.750000 0.433013 0.500000
vn -0.612372 0.612372 0.500000
vn -0.433013 0.750000 0.500000
vn -0.224144 0.836516 0.500000
vn 0.000000 0.866025 0.500000
vn 0.224144 0.836516 0.500000
vn 0.433013 0.750000 0.500000
vn 0.612372 0.612372 0.500000
vn 0.750000 0.433013 0.500000
vn 0.836516 0.224144 0.500000
vn 0.866025 -0.000000 0.500000
vn 0.836516 -0.224144 0.500000
vn 0.750000 -0.433013 0.500000
vn 0.612372 -0.612372 0.500000
vn 0.433013 -0.750000 0.500000
vn 0.224144 -0.836516 0.500000
vn 0.000000 -0.866025 0.500000
vn -0.224144 -0.836516 0.500000
vn -0.433013 -0.750000 0.500000
vn -0.612372 -0.612372 0.500000
vn -0.750000 -0.433013 0.500000
vn -0.836516 -0.224144 0.500000
vn -0.707107 0.000000 0.707107
vn -0.683013 0.183013 0.707107
vn -0.612372 0.353553 0.707107
vn -0.500000 0.500000 0.707107
vn -0.353553 0.612372 0.707107
vn -0.183013 0.683013 0.707107
vn 0.000000 0.707107 0.707107
vn 0.183013 0.683013 0.707107
vn 0.353553 0.612372 0.707107
vn 0.500000 0.500000 0.707107
vn 0.612372 0.353553 0.707107
vn 0.683013 0.183013 0.707107
vn 0.707107 -0.000000 0.707107
vn 0.683013 -0.183013 0.707107
vn 0.612372 -0.353553 0.707107
vn 0.500000 -0.500000 0.707107
vn 0.353553 -0.612372 0.707107
vn 0.183013 -0.683013 0.707107
vn 0.000000 -0.707107 0.707107
vn -0.183013 -0.683013 0.707107
vn -0.353553 -0.612372 0.707107
vn -0.500000 -0.500000 0.707107
vn -0.612372 -0.353553 0.707107
vn -0.683013 -0.183013 0.707107
vn -0.500000 0.000000 0.866025
vn -0.482963 0.129410 0.866025
vn -0.433013 0.250000 0.866025
vn -0.353553 0.353553 0.866025
vn -0.250000 0.433013 0.866025
vn -0.129410 0.482963 0.866025
vn 0.000000 0.500000 0.866025
vn 0.129410 0.482963 0.866025
vn 0.250000 0.433013 0.866025
vn 0.353553 0.353553 0.866025
vn 0.433013 0.250000 0.866025
vn 0.482963 0.129410 0.866025
vn 0.500000 -0.000000 0.866025
vn 0.482963 -0.129410 0.866025
vn 0.433013 -0.250000 0.866025
vn 0.353553 -0.353553 0.866025
vn 0.250000 -0.433013 0.866025
vn 0.129410 -0.482963 0.866025
vn 0.000000 -0.500000 0.866025
vn -0.129410 -0.482963 0.866025
vn -0.250000 -0.433013 0.866025
vn -0.353553 -0.353553 0.866025
vn -0.433013 -0.250000 0.866025
vn -0.482963 -0.129410 0.866025
vn 0.965926 0.258819 -0.000000
vn 1.000000 0.000000 -0.000000
vn 0.965926 -0.258819 -0.000000
vn 0.866025 -0.500000 -0.000000
vn 0.707107 -0.707107 -0.000000
vn 0.500000 -0.866025 -0.000000
vn 0.258819 -0.965926 -0.000000
vn -0.000000 -1.000000 0.000000
vn -0.258819 -0.965926 0.000000
vn -0.500000 -0.866025 0.000000
vn -0.707107 -0.707107 0.000000
vn -0.866025 -0.500000 0.000000
vn -0.965926 -0.258819 0.000000
vn -1.000000 -0.000000 0.000000
vn -0.965926 0.258819 -0.000000
vn -0.866025 0.500000 -0.000000
vn -0.707107 0.707107 -0.000000
vn -0.500000 0.866025 -0.000000
vn -0.258819 0.965926 -0.000000
vn -0.000000 1.000000 -0.000000
vn 0.258819 0.965926 -0.000000
vn 0.500000 0.866025 -0.000000
vn 0.707107 0.707107 -0.000000
vn 0.866025 0.500000 -0.000000
vn 0.965926 0.258819 -0.000000
vn 0.933013 0.250000 0.258819
vn 1.000000 -0.000000 -0.000000
vn 0.965926 -0.000000 0.258819
vn 0.965926 -0.258819 -0.000000
vn 0.933013 -0.250000 0.258819
vn 0.866025 -0.500000 -0.000000
vn 0.836516 -0.482963 0.258819
vn 0.707107 -0.707107 -0.000000
vn 0.683013 -0.683013 0.258819
vn 0.500000 -0.866025 -0.000000
vn 0.482963 -0.836516 0.258819
vn 0.258819 -0.965926 -0.000000
vn 0.250000 -0.933013 0.258819
vn 0.000000 -1.000000 -0.000000
vn 0.000000 -0.965926 0.258819
vn -0.258819 -0.965926 0.000000
vn -0.250000 -0.933013 0.258819
vn -0.500000 -0.866025 0.000000
vn -0.482963 -0.836516 0.258819
vn -0.707107 -0.707107 0.000000
vn -0.683013 -0.683013 0.258819
vn -0.866025 -0.500000 0.000000
vn -0.836516 -0.482963 0.258819
vn -0.965926 -0.258819 0.000000
vn -0.933013 -0.250000 0.258819
vn -1.000000 -0.000000 0.000000
vn -0.965926 -0.000000 0.258819
vn -0.965926 0.258819 -0.000000
vn -0.933013 0.250000 0.258819
vn -0.866025 0.500000 -0.000000
vn -0.836516 0.482963 0.258819
vn -0.707107 0.707107 -0.000000
vn -0.683013 0.683013 0.258819
vn -0.500000 0.866025 -0.000000
vn -0.482963 0.836516 0.258819
vn -0.258819 0.965926 -0.000000
vn -0.250000 0.933013 0.258819
vn 0.000000 1.000000 -0.000000
vn 0.000000 0.965926 0.258819
vn 0.258819 0.965926 -0.000000
vn 0.250000 0.933013 0.258819
vn 0.500000 0.866025 -0.000000
vn 0.482963 0.836516 0.258819
vn 0.707107 0.707107 -0.000000
vn 0.683013 0.683013 0.258819
vn 0.866025 0.500000 -0.000000
vn 0.836516 0.482963 0.258819
vn 0.000000 -0.000000 1.000000
vn 0.250000 -0.066987 0.965926
vn -0.000000 -0.000000 1.000000
vn 0.258819 -0.000000 0.965926
vn 0.000000 0.000000 1.000000
vn 0.250000 0.066987 0.965926
vn 0.000000 0.000000 1.000000
vn 0.224144 0.129410 0.965926
vn 0.000000 0.000000 1.000000
vn 0.183013 0.183013 0.965926
vn 0.000000 0.000000 1.000000
vn 0.129410 0.224144 0.965926
vn 0.000000 0.000000 1.000000
vn 0.066987 0.250000 0.965926
vn -0.000000 -0.000000 1.000000
vn 0.000000 0.258819 0.965926
vn -0.000000 0.000000 1.000000
vn -0.066987 0.250000 0.965926
vn -0.000000 0.000000 1.000000
vn -0.129410 0.224144 0.965926
vn -0.000000 0.000000 1.000000
vn -0.183013 0.183013 0.965926
vn -0.000000 0.000000 1.000000
vn -0.224144 0.129410 0.965926
vn -0.000000 0.000000 1.000000
vn -0.250000 0.066987 0.965926
vn 0.000000 -0.000000 1.000000
vn -0.258819 0.000000 0.965926
vn -0.000000 -0.000000 1.000000
vn -0.250000 -0.066987 0.965926
vn 0.000000 0.000000 1.000000
vn -0.224144 -0.129410 0.965926
vn -0.000000 -0.000000 1.000000
vn -0.183013 -0.183013 0.965926
vn -0.000000 -0.000000 1.000000
vn -0.129410 -0.224144 0.965926
vn -0.000000 -0.000000 1.000000
vn -0.066987 -0.250000 0.965926
vn -0.000000 0.000000 1.000000
vn 0.000000 -0.258819 0.965926
vn 0.000000 -0.000000 1.000000
vn 0.066987 -0.250000 0.965926
vn 0.000000 -0.000000 1.000000
vn 0.129410 -0.224144 0.965926
vn 0.000000 -0.000000 1.000000
vn 0.183013 -0.183013 0.965926
vn 0.000000 -0.000000 1.000000
vn 0.224144 -0.129410 0.965926
vn -0.866025 0.000000 0.500000
vn -0.836516 0.224144 0.500000
vn -0.750000 0.433013 0.500000
vn -0.612372 0.612372 0.500000
vn -0.433013 0.750000 0.500000
vn -0.224144 0.836516 0.500000
vn 0.000000 0.866025 0.500000
vn 0.224144 0.836516 0.500000
vn 0.433013 0.750000 0.500000
vn 0.612372 0.612372 0.500000
vn 0.750000 0.433013 0.500000
vn 0.836516 0.224144 0.500000
vn 0.866025 -0.000000 0.500000
vn 0.836516 -0.224144 0.500000
vn 0.750000 -0.433013 0.500000
vn 0.612372 -0.612372 0.500000
vn 0.433013 -0.750000 0.500000
vn 0.224144 -0.836516 0.500000
vn 0.000000 -0.866025 0.500000
vn -0.224144 -0.836516 0.500000
vn -0.433013 -0.750000 0.500000
vn -0.612372 -0.612372 0.500000
vn -0.750000 -0.433013 0.500000
vn -0.836516 -0.224144 0.500000
vn -0.707107 0.000000 0.707107
vn -0.683013 0.183013 0.707107
vn -0.612372 0.353553 0.707107
vn -0.500000 0.500000 0.707107
vn -0.353553 0.612372 0.707107
vn -0.183013 0.683013 0.707107
vn 0.000000 0.707107 0.707107
vn 0.183013 0.683013 0.707107
vn 0.353553 0.612372 0.707107
vn 0.500000 0.500000 0.707107
vn 0.612372 0.353553 0.707107
vn 0.683013 0.183013 0.707107
vn 0.707107 -0.000000 0.707107
vn 0.683013 -0.183013 0.707107
vn 0.612372 -0.353553 0.707107
vn 0.500000 -0.500000 0.707107
vn 0.353553 -0.612372 0.707107
vn 0.183013 -0.683013 0.707107
vn 0.000000 -0.707107 0.707107
vn -0.183013 -0.683013 0.707107
vn -0.353553 -0.612372 0.707107
vn -0.500000 -0.500000 0.707107
vn -0.612372 -0.353553 0.707107
vn -0.683013 -0.183013 0.707107
vn -0.500000 0.000000 0.866025
vn -0.482963 0.129410 0.866025
vn -0.433013 0.250000 0.866025
vn -0.353553 0.353553 0.866025
vn -0.250000 0.433013 0.866025
vn -0.129410 0.482963 0.866025
vn 0.000000 0.500000 0.866025
vn 0.129410 0.482963 0.866025
vn 0.250000 0.433013 0.866025
vn 0.353553 0.353553 0.866025
vn 0.433013 0.250000 0.866025
vn 0.482963 0.129410 0.866025
vn 0.500000 -0.000000 0.866025
vn 0.482963 -0.129410 0.866025
vn 0.433013 -0.250000 0.866025
vn 0.353553 -0.353553 0.866025
vn 0.250000 -0.433013 0.866025
vn 0.129410 -0.482963 0.866025
vn 0.000000 -0.500000 0.866025
vn -0.129410 -0.482963 0.866025
vn -0.250000 -0.433013 0.866025
vn -0.353553 -0.353553 0.866025
vn -0.433013 -0.250000 0.866025
vn -0.482963 -0.129410 0.866025
vn 0.965926 0.258819 -0.000000
vn 1.000000 0.000000 -0.000000
vn 0.965926 -0.258819 -0.000000
vn 0.866025 -0.500000 -0.000000
vn 0.707107 -0.707107 -0.000000
vn 0.500000 -0.866025 -0.000000
vn 0.258819 -0.965926 -0.000000
vn -0.000000 -1.000000 0.000000
vn -0.258819 -0.965926 0.000000
vn -0.500000 -0.866025 0.000000
vn -0.707107 -0.707107 0.000000
vn -0.866025 -0.500000 0.000000
vn -0.965926 -0.258819 0.000000
vn -1.000000 -0.000000 0.000000
vn -0.965926 0.258819 -0.000000
vn -0.866025 0.500000 -0.000000
vn -0.707107 0.707107 -0.000000
vn -0.500000 0.866025 -0.000000
vn -0.258819 0.965926 -0.000000
vn -0.000000 1.000000 -0.000000
vn 0.258819 0.965926 -0.000000
vn 0.500000 0.866025 -0.000000
vn 0.707107 0.707107 -0.000000
vn 0.866025 0.500000 -0.000000
vn 0.965926 0.258819 -0.000000
vn 0.933013 0.250000 0.258819
vn 1.000000 -0.000000 -0.000000
vn 0.965926 -0.000000 0.258819
vn 0.965926 -0.258819 -0.000000
vn 0.933013 -0.250000 0.258819
vn 0.866025 -0.500000 -0.000000
vn 0.836516 -0.482963 0.258819
vn 0.707107 -0.707107 -0.000000
vn 0.683013 -0.683013 0.258819
vn 0.500000 -0.866025 -0.000000
vn 0.482963 -0.836516 0.258819
vn 0.258819 -0.965926 -0.000000
vn 0.250000 -0.933013 0.258819
vn 0.000000 -1.000000 -0.000000
vn 0.000000 -0.965926 0.258819
vn -0.258819 -0.965926 0.000000
vn -0.250000 -0.933013 0.258819
vn -0.500000 -0.866025 0.000000
vn -0.482963 -0.836516 0.258819
vn -0.707107 -0.707107 0.000000
vn -0.683013 -0.683013 0.258819
vn -0.866025 -0.500000 0.000000
vn -0.836516 -0.482963 0.258819
vn -0.965926 -0.258819 0.000000
vn -0.933013 -0.250000 0.258819
vn -1.000000 -0.000000 0.000000
vn -0.965926 -0.000000 0.258819
vn -0.965926 0.258819 -0.000000
vn -0.933013 0.250000 0.258819
vn -0.866025 0.500000 -0.000000
vn -0.836516 0.482963 0.258819
vn -0.707107 0.707107 -0.000000
vn -0.683013 0.683013 0.258819
vn -0.500000 0.866025 -0.000000
vn -0.482963 0.836516 0.258819
vn -0.258819 0.965926 -0.000000
vn -0.250000 0.933013 0.258819
vn 0.000000 1.000000 -0.000000
vn 0.000000 0.965926 0.258819
vn 0.258819 0.965926 -0.000000
vn 0.250000 0.933013 0.258819
vn 0.500000 0.866025 -0.000000
vn 0.482963 0.836516 0.258819
vn 0.707107 0.707107 -0.000000
vn 0.683013 0.683013 0.258819
vn 0.866025 0.500000 -0.000000
vn 0.836516 0.482963 0.258819
vn 0.000000 -0.000000 1.000000
vn 0.250000 -0.066987 0.965926
vn 0.000000 -0.000000 1.000000
vn 0.258819 -0.000000 0.965926
vn 0.000000 0.000000 1.000000
vn 0.250000 0.066987 0.965926
vn 0.000000 0.000000 1.000000
vn 0.224144 0.129410 0.965926
vn 0.000000 0.000000 1.000000
vn 0.183013 0.183013 0.965926
vn -0.000000 -0.000000 1.000000
vn 0.129410 0.224144 0.965926
vn -0.000000 -0.000000 1.000000
vn 0.066987 0.250000 0.965926
vn -0.000000 -0.000000 1.000000
vn 0.000000 0.258819 0.965926
vn -0.000000 0.000000 1.000000
vn -0.066987 0.250000 0.965926
vn -0.000000 0.000000 1.000000
vn -0.129410 0.224144 0.965926
vn -0.000000 0.000000 1.000000
vn -0.183013 0.183013 0.965926
vn -0.000000 0.000000 1.000000
vn -0.224144 0.129410 0.965926
vn -0.000000 0.000000 1.000000
vn -0.250000 0.066987 0.965926
vn -0.000000 0.000000 1.000000
vn -0.258819 0.000000 0.965926
vn -0.000000 -0.000000 1.000000
vn -0.250000 -0.066987 0.965926
vn 0.000000 0.000000 1.000000
vn -0.224144 -0.129410 0.965926
vn -0.000000 -0.000000 1.000000
vn -0.183013 -0.183013 0.965926
vn -0.000000 -0.000000 1.000000
vn -0.129410 -0.224144 0.965926
vn -0.000000 -0.000000 1.000000
vn -0.066987 -0.250000 0.965926
vn -0.000000 0.000000 1.000000
vn 0.000000 -0.258819 0.965926
vn 0.000000 -0.000000 1.000000
vn 0.066987 -0.250000 0.965926
vn 0.000000 -0.000000 1.000000
vn 0.129410 -0.224144 0.965926
vn 0.000000 -0.000000 1.000000
vn 0.183013 -0.183013 0.965926
vn 0.000000 -0.000000 1.000000
vn 0.224144 -0.129410 0.965926
vn -0.866025 0.000000 0.500000
vn -0.836516 0.224144 0.500000
vn -0.750000 0.433013 0.500000
vn -0.612372 0.612372 0.500000
vn -0.433013 0.750000 0.500000
vn -0.224144 0.836516 0.500000
vn 0.000000 0.866025 0.500000
vn 0.224144 0.836516 0.500000
vn 0.433013 0.750000 0.500000
vn 0.612372 0.612372 0.500000
vn 0.750000 0.433013 0.500000
vn 0.836516 0.224144 0.500000
vn 0.866025 -0.000000 0.500000
vn 0.836516 -0.224144 0.500000
vn 0.750000 -0.433013 0.500000
vn 0.612372 -0.612372 0.500000
vn 0.433013 -0.750000 0.500000
vn 0.224144 -0.836516 0.500000
vn 0.000000 -0.866025 0.500000
vn -0.224144 -0.836516 0.500000
vn -0.433013 -0.750000 0.500000
vn -0.612372 -0.612372 0.500000
vn -0.750000 -0.433013 0.500000
vn -0.836516 -0.224144 0.500000
vn -0.707107 0.000000 0.707107
vn -0.683013 0.183013 0.707107
vn -0.612372 0.353553 0.707107
vn -0.500000 0.500000 0.707107
vn -0.353553 0.612372 0.707107
vn -0.183013 0.683013 0.707107
vn 0.000000 0.707107 0.707107
vn 0.183013 0.683013 0.707107
vn 0.353553 0.612372 0.707107
vn 0.500000 0.500000 0.707107
vn 0.612372 0.353553 0.707107
vn 0.683013 0.183013 0.707107
vn 0.707107 -0.000000 0.707107
vn 0.683013 -0.183013 0.707107
vn 0.612372 -0.353553 0.707107
vn 0.500000 -0.500000 0.707107
vn 0.353553 -0.612372 0.707107
vn 0.183013 -0.683013 0.707107
vn 0.000000 -0.707107 0.707107
vn -0.183013 -0.683013 0.707107
vn -0.353553 -0.612372 0.707107
vn -0.500000 -0.500000 0.707107
vn -0.612372 -0.353553 0.707107
vn -0.683013 -0.183013 0.707107
vn -0.500000 0.000000 0.866025
vn -0.482963 0.129410 0.866025
vn -0.433013 0.250000 0.866025
vn -0.353553 0.353553 0.866025
vn -0.250000 0.433013 0.866025
vn -0.129410 0.482963 0.866025
vn 0.000000 0.500000 0.866025
vn 0.129410 0.482963 0.866025
vn 0.250000 0.433013 0.866025
vn 0.353553 0.353553 0.866025
vn 0.433013 0.250000 0.866025
vn 0.482963 0.129410 0.866025
vn 0.500000 -0.000000 0.866025
vn 0.482963 -0.129410 0.866025
vn 0.433013 -0.250000 0.866025
vn 0.353553 -0.353553 0.866025
vn 0.250000 -0.433013 0.866025
vn 0.129410 -0.482963 0.866025
vn 0.000000 -0.500000 0.866025
vn -0.129410 -0.482963 0.866025
vn -0.250000 -0.433013 0.866025
vn -0.353553 -0.353553 0.866025
vn -0.433013 -0.250000 0.866025
vn -0.482963 -0.129410 0.866025
vn 0.965926 0.258819 -0.000000
vn 1.000000 0.000000 -0.000000
vn 0.965926 -0.258819 -0.000000
vn 0.866025 -0.500000 -0.000000
vn 0.707107 -0.707107 -0.000000
vn 0.500000 -0.866025 -0.000000
vn 0.258819 -0.965926 -0.000000
vn -0.000000 -1.000000 0.000000
vn -0.258819 -0.965926 0.000000
vn -0.500000 -0.866025 0.000000
vn -0.707107 -0.707107 0.000000
vn -0.866025 -0.500000 0.000000
vn -0.965926 -0.258819 0.000000
vn -1.000000 -0.000000 0.000000
vn -0.965926 0.258819 -0.000000
vn -0.866025 0.500000 -0.000000
vn -0.707107 0.707107 -0.000000
vn -0.500000 0.866025 -0.000000
vn -0.258819 0.965926 -0.000000
vn -0.000000 1.000000 -0.000000
vn 0.258819 0.965926 -0.000000
vn 0.500000 0.866025 -0.000000
vn 0.707107 0.707107 -0.000000
vn 0.866025 0.500000 -0.000000
vn -0.965926 0.258819 -0.000000
vn -0.933013 0.250000 -0.258819
vn -1.000000 0.000000 -0.000000
vn -0.965926 0.000000 -0.258819
vn -0.965926 -0.258819 -0.000000
vn -0.933013 -0.250000 -0.258819
vn -0.866025 -0.500000 -0.000000
vn -0.836516 -0.482963 -0.258819
vn -0.707107 -0.707107 -0.000000
vn -0.683013 -0.683013 -0.258819
vn -0.500000 -0.866025 -0.000000
vn -0.482963 -0.836516 -0.258819
vn -0.258819 -0.965926 -0.000000
vn -0.250000 -0.933013 -0.258819
vn -0.000000 -1.000000 -0.000000
vn -0.000000 -0.965926 -0.258819
vn 0.258819 -0.965926 -0.000000
vn 0.250000 -0.933013 -0.258819
vn 0.500000 -0.866025 -0.000000
vn 0.482963 -0.836516 -0.258819
vn 0.707107 -0.707107 -0.000000
vn 0.683013 -0.683013 -0.258819
vn 0.866025 -0.500000 -0.000000
vn 0.836516 -0.482963 -0.258819
vn 0.965926 -0.258819 -0.000000
vn 0.933013 -0.250000 -0.258819
vn 1.000000 -0.000000 -0.000000
vn 0.965926 -0.000000 -0.258819
vn 0.965926 0.258819 0.000000
vn 0.933013 0.250000 -0.258819
vn 0.866025 0.500000 0.000000
vn 0.836516 0.482963 -0.258819
vn 0.707107 0.707107 0.000000
vn 0.683013 0.683013 -0.258819
vn 0.500000 0.866025 0.000000
vn 0.482963 0.836516 -0.258819
vn 0.258819 0.965926 0.000000
vn 0.250000 0.933013 -0.258819
vn -0.000000 1.000000 -0.000000
vn -0.000000 0.965926 -0.258819
vn -0.258819 0.965926 -0.000000
vn -0.250000 0.933013 -0.258819
vn -0.500000 0.866025 -0.000000
vn -0.482963 0.836516 -0.258819
vn -0.707107 0.707107 -0.000000
vn -0.683013 0.683013 -0.258819
vn -0.866025 0.500000 -0.000000
vn -0.836516 0.482963 -0.258819
vn -0.000000 -0.000000 -1.000000
vn -0.250000 -0.066987 -0.965926
vn -0.000000 0.000000 -1.000000
vn -0.258819 0.000000 -0.965926
vn -0.000000 0.000000 -1.000000
vn -0.250000 0.066987 -0.965926
vn -0.000000 0.000000 -1.000000
vn -0.224144 0.129410 -0.965926
vn -0.000000 0.000000 -1.000000
vn -0.183013 0.183013 -0.965926
vn 0.000000 -0.000000 -1.000000
vn -0.129410 0.224144 -0.965926
vn 0.000000 -0.000000 -1.000000
vn -0.066987 0.250000 -0.965926
vn -0.000000 0.000000 -1.000000
vn -0.000000 0.258819 -0.965926
vn 0.000000 0.000000 -1.000000
vn 0.066987 0.250000 -0.965926
vn -0.000000 -0.000000 -1.000000
vn 0.129410 0.224144 -0.965926
vn 0.000000 0.000000 -1.000000
vn 0.183013 0.183013 -0.965926
vn -0.000000 -0.000000 -1.000000
vn 0.224144 0.129410 -0.965926
vn 0.000000 0.000000 -1.000000
vn 0.250000 0.066987 -0.965926
vn 0.000000 0.000000 -1.000000
vn 0.258819 0.000000 -0.965926
vn -0.000000 0.000000 -1.000000
vn 0.250000 -0.066987 -0.965926
vn 0.000000 -0.000000 -1.000000
vn 0.224144 -0.129410 -0.965926
vn 0.000000 -0.000000 -1.000000
vn 0.183013 -0.183013 -0.965926
vn 0.000000 -0.000000 -1.000000
vn 0.129410 -0.224144 -0.965926
vn -0.000000 0.000000 -1.000000
vn 0.066987 -0.250000 -0.965926
vn -0.000000 -0.000000 -1.000000
vn -0.000000 -0.258819 -0.965926
vn 0.000000 0.000000 -1.000000
vn -0.066987 -0.250000 -0.965926
vn 0.000000 0.000000 -1.000000
vn -0.129410 -0.224144 -0.965926
vn -0.000000 -0.000000 -1.000000
vn -0.183013 -0.183013 -0.965926
vn 0.000000 0.000000 -1.000000
vn -0.224144 -0.129410 -0.965926
vn 0.866025 0.000000 -0.500000
vn 0.836516 0.224144 -0.500000
vn 0.750000 0.433013 -0.500000
vn 0.612372 0.612372 -0.500000
vn 0.433013 0.750000 -0.500000
vn 0.224144 0.836516 -0.500000
vn -0.000000 0.866025 -0.500000
vn -0.224144 0.836516 -0.500000
vn -0.433013 0.750000 -0.500000
vn -0.612372 0.612372 -0.500000
vn -0.750000 0.433013 -0.500000
vn -0.836516 0.224144 -0.500000
vn -0.866025 0.000000 -0.500000
vn -0.836516 -0.224144 -0.500000
vn -0.750000 -0.433013 -0.500000
vn -0.612372 -0.612372 -0.500000
vn -0.433013 -0.750000 -0.500000
vn -0.224144 -0.836516 -0.500000
vn -0.000000 -0.866025 -0.500000
vn 0.224144 -0.836516 -0.500000
vn 0.433013 -0.750000 -0.500000
vn 0.612372 -0.612372 -0.500000
vn 0.750000 -0.433013 -0.500000
vn 0.836516 -0.224144 -0.500000
vn 0.707107 0.000000 -0.707107
vn 0.683013 0.183013 -0.707107
vn 0.612372 0.353553 -0.707107
vn 0.500000 0.500000 -0.707107
vn 0.353553 0.612372 -0.707107
vn 0.183013 0.683013 -0.707107
vn -0.000000 0.707107 -0.707107
vn -0.183013 0.683013 -0.707107
vn -0.353553 0.612372 -0.707107
vn -0.500000 0.500000 -0.707107
vn -0.612372 0.353553 -0.707107
vn -0.683013 0.183013 -0.707107
vn -0.707107 0.000000 -0.707107
vn -0.683013 -0.183013 -0.707107
vn -0.612372 -0.353553 -0.707107
vn -0.500000 -0.500000 -0.707107
vn -0.353553 -0.612372 -0.707107
vn -0.183013 -0.683013 -0.707107
vn -0.000000 -0.707107 -0.707107
vn 0.183013 -0.683013 -0.707107
vn 0.353553 -0.612372 -0.707107
vn 0.500000 -0.500000 -0.707107
vn 0.612372 -0.353553 -0.707107
vn 0.683013 -0.183013 -0.707107
vn 0.500000 0.000000 -0.866025
vn 0.482963 0.129410 -0.866025
vn 0.433013 0.250000 -0.866025
vn 0.353553 0.353553 -0.866025
vn 0.250000 0.433013 -0.866025
vn 0.129410 0.482963 -0.866025
vn -0.000000 0.500000 -0.866025
vn -0.129410 0.482963 -0.866025
vn -0.250000 0.433013 -0.866025
vn -0.353553 0.353553 -0.866025
vn -0.433013 0.250000 -0.866025
vn -0.482963 0.129410 -0.866025
vn -0.500000 0.000000 -0.866025
vn -0.482963 -0.129410 -0.866025
vn -0.433013 -0.250000 -0.866025
vn -0.353553 -0.353553 -0.866025
vn -0.250000 -0.433013 -0.866025
vn -0.129410 -0.482963 -0.866025
vn -0.000000 -0.500000 -0.866025
vn 0.129410 -0.482963 -0.866025
vn 0.250000 -0.433013 -0.866025
vn 0.353553 -0.353553 -0.866025
vn 0.433013 -0.250000 -0.866025
vn 0.482963 -0.129410 -0.866025
vn -0.965926 0.258819 -0.000000
vn -1.000000 0.000000 -0.000000
vn -0.965926 -0.258819 -0.000000
vn -0.866025 -0.500000 -0.000000
vn -0.707107 -0.707107 -0.000000
vn -0.500000 -0.866025 -0.000000
vn -0.258819 -0.965926 -0.000000
vn 0.000000 -1.000000 -0.000000
vn 0.258819 -0.965926 -0.000000
vn 0.500000 -0.866025 -0.000000
vn 0.707107 -0.707107 -0.000000
vn 0.866025 -0.500000 -0.000000
vn 0.965926 -0.258819 -0.000000
vn 1.000000 0.000000 0.000000
vn 0.965926 0.258819 0.000000
vn 0.866025 0.500000 0.000000
vn 0.707107 0.707107 0.000000
vn 0.500000 0.866025 0.000000
vn 0.258819 0.965926 0.000000
vn 0.000000 1.000000 0.000000
vn -0.258819 0.965926 -0.000000
vn -0.500000 0.866025 -0.000000
vn -0.707107 0.707107 -0.000000
vn -0.866025 0.500000 -0.000000
vn 0.000000 0.000000 -1.000000
vn 0.000000 0.000000 -1.000000
vn 0.000000 0.000000 -1.000000
vn 0.000000 0.000000 -1.000000
vn 0.000000 0.000000 -1.000000
vn 0.000000 0.000000 -1.000000
vn 0.000000 0.000000 -1.000000
vn 0.000000 0.000000 -1.000000
vn 0.000000 0.000000 -1.000000
vn 0.000000 0.000000 -1.000000
vn 0.000000 0.000000 -1.000000
vn 0.000000 0.000000 -1.000000
vn 0.000000 0.000000 -1.000000
vn 0.000000 0.000000 -1.000000
vn 0.000000 0.000000 -1.000000
vn 0.000000 0.000000 -1.000000
vn 0.000000 0.000000 -1.000000
vn 0.000000 0.000000 -1.000000
vn 0.000000 0.000000 -1.000000
vn 0.000000 0.000000 -1.000000
vn 0.000000 0.000000 -1.000000
vn 0.000000 0.000000 -1.000000
vn 0.000000 0.000000 -1.000000
vn 0.000000 0.000000 -1.000000
vn -0.965926 0.258819 -0.000000
vn -0.933013 0.250000 -0.258819
vn -1.000000 0.000000 -0.000000
vn -0.965926 0.000000 -0.258819
vn -0.965926 -0.258819 -0.000000
vn -0.933013 -0.250000 -0.258819
vn -0.866025 -0.500000 -0.000000
vn -0.836516 -0.482963 -0.258819
vn -0.707107 -0.707107 -0.000000
vn -0.683013 -0.683013 -0.258819
vn -0.500000 -0.866025 -0.000000
vn -0.482963 -0.836516 -0.258819
vn -0.258819 -0.965926 -0.000000
vn -0.250000 -0.933013 -0.258819
vn -0.000000 -1.000000 -0.000000
vn -0.000000 -0.965926 -0.258819
vn 0.258819 -0.965926 -0.000000
vn 0.250000 -0.933013 -0.258819
vn 0.500000 -0.866025 -0.000000
vn 0.482963 -0.836516 -0.258819
vn 0.707107 -0.707107 -0.000000
vn 0.683013 -0.683013 -0.258819
vn 0.866025 -0.500000 -0.000000
vn 0.836516 -0.482963 -0.258819
vn 0.965926 -0.258819 -0.000000
vn 0.933013 -0.250000 -0.258819
vn 1.000000 -0.000000 -0.000000
vn 0.965926 -0.000000 -0.258819
vn 0.965926 0.258819 0.000000
vn 0.933013 0.250000 -0.258819
vn 0.866025 0.500000 0.000000
vn 0.836516 0.482963 -0.258819
vn 0.707107 0.707107 0.000000
vn 0.683013 0.683013 -0.258819
vn 0.500000 0.866025 0.000000
vn 0.482963 0.836516 -0.258819
vn 0.258819 0.965926 0.000000
vn 0.250000 0.933013 -0.258819
vn -0.000000 1.000000 -0.000000
vn -0.000000 0.965926 -0.258819
vn -0.258819 0.965926 -0.000000
vn -0.250000 0.933013 -0.258819
vn -0.500000 0.866025 -0.000000
vn -0.482963 0.836516 -0.258819
vn -0.707107 0.707107 -0.000000
vn -0.683013 0.683013 -0.258819
vn -0.866025 0.500000 -0.000000
vn -0.836516 0.482963 -0.258819
vn -0.000000 -0.000000 -1.000000
vn -0.250000 -0.066987 -0.965926
vn -0.000000 0.000000 -1.000000
vn -0.258819 0.000000 -0.965926
vn -0.000000 0.000000 -1.000000
vn -0.250000 0.066987 -0.965926
vn -0.000000 0.000000 -1.000000
vn -0.224144 0.129410 -0.965926
vn -0.000000 0.000000 -1.000000
vn -0.183013 0.183013 -0.965926
vn 0.000000 -0.000000 -1.000000
vn -0.129410 0.224144 -0.965926
vn 0.000000 -0.000000 -1.000000
vn -0.066987 0.250000 -0.965926
vn -0.000000 0.000000 -1.000000
vn -0.000000 0.258819 -0.965926
vn 0.000000 0.000000 -1.000000
vn 0.066987 0.250000 -0.965926
vn -0.000000 -0.000000 -1.000000
vn 0.129410 0.224144 -0.965926
vn 0.000000 0.000000 -1.000000
vn 0.183013 0.183013 -0.965926
vn -0.000000 -0.000000 -1.000000
vn 0.224144 0.129410 -0.965926
vn 0.000000 0.000000 -1.000000
vn 0.250000 0.066987 -0.965926
vn 0.000000 0.000000 -1.000000
vn 0.258819 0.000000 -0.965926
vn 0.000000 -0.000000 -1.000000
vn 0.250000 -0.066987 -0.965926
vn 0.000000 -0.000000 -1.000000
vn 0.224144 -0.129410 -0.965926
vn 0.000000 -0.000000 -1.000000
vn 0.183013 -0.183013 -0.965926
vn 0.000000 -0.000000 -1.000000
vn 0.129410 -0.224144 -0.965926
vn -0.000000 0.000000 -1.000000
vn 0.066987 -0.250000 -0.965926
vn -0.000000 -0.000000 -1.000000
vn -0.000000 -0.258819 -0.965926
vn -0.000000 -0.000000 -1.000000
vn -0.066987 -0.250000 -0.965926
vn 0.000000 0.000000 -1.000000
vn -0.129410 -0.224144 -0.965926
vn -0.000000 -0.000000 -1.000000
vn -0.183013 -0.183013 -0.965926
vn 0.000000 0.000000 -1.000000
vn -0.224144 -0.129410 -0.965926
vn 0.866025 0.000000 -0.500000
vn 0.836516 0.224144 -0.500000
vn 0.750000 0.433013 -0.500000
vn 0.612372 0.612372 -0.500000
vn 0.433013 0.750000 -0.500000
vn 0.224144 0.836516 -0.500000
vn -0.000000 0.866025 -0.500000
vn -0.224144 0.836516 -0.500000
vn -0.433013 0.750000 -0.500000
vn -0.612372 0.612372 -0.500000
vn -0.750000 0.433013 -0.500000
vn -0.836516 0.224144 -0.500000
vn -0.866025 0.000000 -0.500000
vn -0.836516 -0.224144 -0.500000
vn -0.750000 -0.433013 -0.500000
vn -0.612372 -0.612372 -0.500000
vn -0.433013 -0.750000 -0.500000
vn -0.224144 -0.836516 -0.500000
vn -0.000000 -0.866025 -0.500000
vn 0.224144 -0.836516 -0.500000
vn 0.433013 -0.750000 -0.500000
vn 0.612372 -0.612372 -0.500000
vn 0.750000 -0.433013 -0.500000
vn 0.836516 -0.224144 -0.500000
vn 0.707107 0.000000 -0.707107
vn 0.683013 0.183013 -0.707107
vn 0.612372 0.353553 -0.707107
vn 0.500000 0.500000 -0.707107
vn 0.353553 0.612372 -0.707107
vn 0.183013 0.683013 -0.707107
vn -0.000000 0.707107 -0.707107
vn -0.183013 0.683013 -0.707107
vn -0.353553 0.612372 -0.707107
vn -0.500000 0.500000 -0.707107
vn -0.612372 0.353553 -0.707107
vn -0.683013 0.183013 -0.707107
vn -0.707107 0.000000 -0.707107
vn -0.683013 -0.183013 -0.707107
vn -0.612372 -0.353553 -0.707107
vn -0.500000 -0.500000 -0.707107
vn -0.353553 -0.612372 -0.707107
vn -0.183013 -0.683013 -0.707107
vn -0.000000 -0.707107 -0.707107
vn 0.183013 -0.683013 -0.707107
vn 0.353553 -0.612372 -0.707107
vn 0.500000 -0.500000 -0.707107
vn 0.612372 -0.353553 -0.707107
vn 0.683013 -0.183013 -0.707107
vn 0.500000 0.000000 -0.866025
vn 0.482963 0.129410 -0.866025
vn 0.433013 0.250000 -0.866025
vn 0.353553 0.353553 -0.866025
vn 0.250000 0.433013 -0.866025
vn 0.129410 0.482963 -0.866025
vn -0.000000 0.500000 -0.866025
vn -0.129410 0.482963 -0.866025
vn -0.250000 0.433013 -0.866025
vn -0.353553 0.353553 -0.866025
vn -0.433013 0.250000 -0.866025
vn -0.482963 0.129410 -0.866025
vn -0.500000 0.000000 -0.866025
vn -0.482963 -0.129410 -0.866025
vn -0.433013 -0.250000 -0.866025
vn -0.353553 -0.353553 -0.866025
vn -0.250000 -0.433013 -0.866025
vn -0.129410 -0.482963 -0.866025
vn -0.000000 -0.500000 -0.866025
vn 0.129410 -0.482963 -0.866025
vn 0.250000 -0.433013 -0.866025
vn 0.353553 -0.353553 -0.866025
vn 0.433013 -0.250000 -0.866025
vn 0.482963 -0.129410 -0.866025
vn -0.965926 0.258819 -0.000000
vn -1.000000 0.000000 -0.000000
vn -0.965926 -0.258819 -0.000000
vn -0.866025 -0.500000 -0.000000
vn -0.707107 -0.707107 -0.000000
vn -0.500000 -0.866025 -0.000000
vn -0.258819 -0.965926 -0.000000
vn 0.000000 -1.000000 -0.000000
vn 0.258819 -0.965926 -0.000000
vn 0.500000 -0.866025 -0.000000
vn 0.707107 -0.707107 -0.000000
vn 0.866025 -0.500000 -0.000000
vn 0.965926 -0.258819 -0.000000
vn 1.000000 0.000000 0.000000
vn 0.965926 0.258819 0.000000
vn 0.866025 0.500000 0.000000
vn 0.707107 0.707107 0.000000
vn 0.500000 0.866025 0.000000
vn 0.258819 0.965926 0.000000
vn 0.000000 1.000000 0.000000
vn -0.258819 0.965926 -0.000000
vn -0.500000 0.866025 -0.000000
vn -0.707107 0.707107 -0.000000
vn -0.866025 0.500000 -0.000000
vn 0.000000 0.000000 -1.000000
vn 0.000000 0.000000 -1.000000
vn 0.000000 0.000000 -1.000000
vn 0.000000 0.000000 -1.000000
vn 0.000000 0.000000 -1.000000
vn 0.000000 0.000000 -1.000000
vn 0.000000 0.000000 -1.000000
vn 0.000000 0.000000 -1.000000
vn 0.000000 0.000000 -1.000000
vn 0.000000 0.000000 -1.000000
vn 0.000000 0.000000 -1.000000
vn 0.000000 0.000000 -1.000000
vn 0.000000 0.000000 -1.000000
vn 0.000000 0.000000 -1.000000
vn 0.000000 0.000000 -1.000000
vn 0.000000 0.000000 -1.000000
vn 0.000000 0.000000 -1.000000
vn 0.000000 0.000000 -1.000000
vn 0.000000 0.000000 -1.000000
vn 0.000000 0.000000 -1.000000
vn 0.000000 0.000000 -1.000000
vn 0.000000 0.000000 -1.000000
vn 0.000000 0.000000 -1.000000
vn 0.000000 0.000000 -1.000000
vn -0.965926 0.258819 -0.000000
vn -0.933013 0.250000 -0.258819
vn -1.000000 0.000000 -0.000000
vn -0.965926 0.000000 -0.258819
vn -0.965926 -0.258819 -0.000000
vn -0.933013 -0.250000 -0.258819
vn -0.866025 -0.500000 -0.000000
vn -0.836516 -0.482963 -0.258819
vn -0.707107 -0.707107 -0.000000
vn -0.683013 -0.683013 -0.258819
vn -0.500000 -0.866025 -0.000000
vn -0.482963 -0.836516 -0.258819
vn -0.258819 -0.965926 -0.000000
vn -0.250000 -0.933013 -0.258819
vn -0.000000 -1.000000 -0.000000
vn -0.000000 -0.965926 -0.258819
vn 0.258819 -0.965926 -0.000000
vn 0.250000 -0.933013 -0.258819
vn 0.500000 -0.866025 -0.000000
vn 0.482963 -0.836516 -0.258819
vn 0.707107 -0.707107 -0.000000
vn 0.683013 -0.683013 -0.258819
vn 0.866025 -0.500000 -0.000000
vn 0.836516 -0.482963 -0.258819
vn 0.965926 -0.258819 -0.000000
vn 0.933013 -0.250000 -0.258819
vn 1.000000 -0.000000 -0.000000
vn 0.965926 -0.000000 -0.258819
vn 0.965926 0.258819 0.000000
vn 0.933013 0.250000 -0.258819
vn 0.866025 0.500000 0.000000
vn 0.836516 0.482963 -0.258819
vn 0.707107 0.707107 0.000000
vn 0.683013 0.683013 -0.258819
vn 0.500000 0.866025 0.000000
vn 0.482963 0.836516 -0.258819
vn 0.258819 0.965926 0.000000
vn 0.250000 0.933013 -0.258819
vn -0.000000 1.000000 -0.000000
vn -0.000000 0.965926 -0.258819
vn -0.258819 0.965926 -0.000000
vn -0.250000 0.933013 -0.258819
vn -0.500000 0.866025 -0.000000
vn -0.482963 0.836516 -0.258819
vn -0.707107 0.707107 -0.000000
vn -0.683013 0.683013 -0.258819
vn -0.866025 0.500000 -0.000000
vn -0.836516 0.482963 -0.258819
vn 0.000000 0.000000 -1.000000
vn -0.250000 -0.066987 -0.965926
vn -0.000000 0.000000 -1.000000
vn -0.258819 0.000000 -0.965926
vn 0.000000 -0.000000 -1.000000
vn -0.250000 0.066987 -0.965926
vn -0.000000 0.000000 -1.000000
vn -0.224144 0.129410 -0.965926
vn -0.000000 0.000000 -1.000000
vn -0.183013 0.183013 -0.965926
vn -0.000000 0.000000 -1.000000
vn -0.129410 0.224144 -0.965926
vn -0.000000 0.000000 -1.000000
vn -0.066987 0.250000 -0.965926
vn -0.000000 0.000000 -1.000000
vn -0.000000 0.258819 -0.965926
vn 0.000000 0.000000 -1.000000
vn 0.066987 0.250000 -0.965926
vn -0.000000 -0.000000 -1.000000
vn 0.129410 0.224144 -0.965926
vn 0.000000 0.000000 -1.000000
vn 0.183013 0.183013 -0.965926
vn 0.000000 0.000000 -1.000000
vn 0.224144 0.129410 -0.965926
vn -0.000000 -0.000000 -1.000000
vn 0.250000 0.066987 -0.965926
vn 0.000000 0.000000 -1.000000
vn 0.258819 0.000000 -0.965926
vn -0.000000 0.000000 -1.000000
vn 0.250000 -0.066987 -0.965926
vn 0.000000 -0.000000 -1.000000
vn 0.224144 -0.129410 -0.965926
vn 0.000000 -0.000000 -1.000000
vn 0.183013 -0.183013 -0.965926
vn 0.000000 -0.000000 -1.000000
vn 0.129410 -0.224144 -0.965926
vn 0.000000 -0.000000 -1.000000
vn 0.066987 -0.250000 -0.965926
vn -0.000000 -0.000000 -1.000000
vn -0.000000 -0.258819 -0.965926
vn -0.000000 -0.000000 -1.000000
vn -0.066987 -0.250000 -0.965926
vn 0.000000 0.000000 -1.000000
vn -0.129410 -0.224144 -0.965926
vn -0.000000 -0.000000 -1.000000
vn -0.183013 -0.183013 -0.965926
vn -0.000000 -0.000000 -1.000000
vn -0.224144 -0.129410 -0.965926
vn 0.866025 0.000000 -0.500000
vn 0.836516 0.224144 -0.500000
vn 0.750000 0.433013 -0.500000
vn 0.612372 0.612372 -0.500000
vn 0.433013 0.750000 -0.500000
vn 0.224144 0.836516 -0.500000
vn -0.000000 0.866025 -0.500000
vn -0.224144 0.836516 -0.500000
vn -0.433013 0.750000 -0.500000
vn -0.612372 0.612372 -0.500000
vn -0.750000 0.433013 -0.500000
vn -0.836516 0.224144 -0.500000
vn -0.866025 0.000000 -0.500000
vn -0.836516 -0.224144 -0.500000
vn -0.750000 -0.433013 -0.500000
vn -0.612372 -0.612372 -0.500000
vn -0.433013 -0.750000 -0.500000
vn -0.224144 -0.836516 -0.500000
vn -0.000000 -0.866025 -0.500000
vn 0.224144 -0.836516 -0.500000
vn 0.433013 -0.750000 -0.500000
vn 0.612372 -0.612372 -0.500000
vn 0.750000 -0.433013 -0.500000
vn 0.836516 -0.224144 -0.500000
vn 0.707107 0.000000 -0.707107
vn 0.683013 0.183013 -0.707107
vn 0.612372 0.353553 -0.707107
vn 0.500000 0.500000 -0.707107
vn 0.353553 0.612372 -0.707107
vn 0.183013 0.683013 -0.707107
vn -0.000000 0.707107 -0.707107
vn -0.183013 0.683013 -0.707107
vn -0.353553 0.612372 -0.707107
vn -0.500000 0.500000 -0.707107
vn -0.612372 0.353553 -0.707107
vn -0.683013 0.183013 -0.707107
vn -0.707107 0.000000 -0.707107
vn -0.683013 -0.183013 -0.707107
vn -0.612372 -0.353553 -0.707107
vn -0.500000 -0.500000 -0.707107
vn -0.353553 -0.612372 -0.707107
vn -0.183013 -0.683013 -0.707107
vn -0.000000 -0.707107 -0.707107
vn 0.183013 -0.683013 -0.707107
vn 0.353553 -0.612372 -0.707107
vn 0.500000 -0.500000 -0.707107
vn 0.612372 -0.353553 -0.707107
vn 0.683013 -0.183013 -0.707107
vn 0.500000 0.000000 -0.866025
vn 0.482963 0.129410 -0.866025
vn 0.433013 0.250000 -0.866025
vn 0.353553 0.353553 -0.866025
vn 0.250000 0.433013 -0.866025
vn 0.129410 0.482963 -0.866025
vn -0.000000 0.500000 -0.866025
vn -0.129410 0.482963 -0.866025
vn -0.250000 0.433013 -0.866025
vn -0.353553 0.353553 -0.866025
vn -0.433013 0.250000 -0.866025
vn -0.482963 0.129410 -0.866025
vn -0.500000 0.000000 -0.866025
vn -0.482963 -0.129410 -0.866025
vn -0.433013 -0.250000 -0.866025
vn -0.353553 -0.353553 -0.866025
vn -0.250000 -0.433013 -0.866025
vn -0.129410 -0.482963 -0.866025
vn -0.000000 -0.500000 -0.866025
vn 0.129410 -0.482963 -0.866025
vn 0.250000 -0.433013 -0.866025
vn 0.353553 -0.353553 -0.866025
vn 0.433013 -0.250000 -0.866025
vn 0.482963 -0.129410 -0.866025
vn -0.965926 0.258819 -0.000000
vn -1.000000 0.000000 -0.000000
vn -0.965926 -0.258819 -0.000000
vn -0.866025 -0.500000 -0.000000
vn -0.707107 -0.707107 -0.000000
vn -0.500000 -0.866025 -0.000000
vn -0.258819 -0.965926 -0.000000
vn 0.000000 -1.000000 -0.000000
vn 0.258819 -0.965926 -0.000000
vn 0.500000 -0.866025 -0.000000
vn 0.707107 -0.707107 -0.000000
vn 0.866025 -0.500000 -0.000000
vn 0.965926 -0.258819 -0.000000
vn 1.000000 0.000000 0.000000
vn 0.965926 0.258819 0.000000
vn 0.866025 0.500000 0.000000
vn 0.707107 0.707107 0.000000
vn 0.500000 0.866025 0.000000
vn 0.258819 0.965926 0.000000
vn 0.000000 1.000000 0.000000
vn -0.258819 0.965926 -0.000000
vn -0.500000 0.866025 -0.000000
vn -0.707107 0.707107 -0.000000
vn -0.866025 0.500000 -0.000000
vn 0.000000 0.000000 -1.000000
vn 0.000000 0.000000 -1.000000
vn 0.000000 0.000000 -1.000000
vn 0.000000 0.000000 -1.000000
vn 0.000000 0.000000 -1.000000
vn 0.000000 0.000000 -1.000000
vn 0.000000 0.000000 -1.000000
vn 0.000000 0.000000 -1.000000
vn 0.000000 0.000000 -1.000000
vn 0.000000 0.000000 -1.000000
vn 0.000000 0.000000 -1.000000
vn 0.000000 0.000000 -1.000000
vn 0.000000 0.000000 -1.000000
vn 0.000000 0.000000 -1.000000
vn 0.000000 0.000000 -1.000000
vn 0.000000 0.000000 -1.000000
vn 0.000000 0.000000 -1.000000
vn 0.000000 0.000000 -1.000000
vn 0.000000 0.000000 -1.000000
vn 0.000000 0.000000 -1.000000
vn 0.000000 0.000000 -1.000000
vn 0.000000 0.000000 -1.000000
vn 0.000000 0.000000 -1.000000
vn 0.000000 0.000000 -1.000000
vn 0.965926 -0.258819 0.000000
vn 0.965926 -0.258819 0.000000
vn 1.000000 -0.000000 0.000000
vn 1.000000 -0.000000 0.000000
vn 0.965926 0.258819 0.000000
vn 0.965926 0.258819 0.000000
vn 0.866025 0.500000 0.000000
vn 0.866025 0.500000 0.000000
vn 0.707107 0.707107 0.000000
vn 0.707107 0.707107 0.000000
vn 0.500000 0.866025 0.000000
vn 0.500000 0.866025 0.000000
vn 0.258819 0.965926 0.000000
vn 0.258819 0.965926 0.000000
vn -0.000000 1.000000 0.000000
vn -0.000000 1.000000 0.000000
vn -0.258819 0.965926 0.000000
vn -0.258819 0.965926 0.000000
vn -0.500000 0.866025 0.000000
vn -0.500000 0.866025 0.000000
vn -0.707107 0.707107 0.000000
vn -0.707107 0.707107 0.000000
vn -0.866025 0.500000 0.000000
vn -0.866025 0.500000 0.000000
vn -0.965926 0.258819 0.000000
vn -0.965926 0.258819 0.000000
vn -1.000000 -0.000000 -0.000000
vn -1.000000 -0.000000 -0.000000
vn -0.965926 -0.258819 -0.000000
vn -0.965926 -0.258819 -0.000000
vn -0.866025 -0.500000 -0.000000
vn -0.866025 -0.500000 -0.000000
vn -0.707107 -0.707107 -0.000000
vn -0.707107 -0.707107 -0.000000
vn -0.500000 -0.866025 -0.000000
vn -0.500000 -0.866025 -0.000000
vn -0.258819 -0.965926 -0.000000
vn -0.258819 -0.965926 -0.000000
vn -0.000000 -1.000000 -0.000000
vn -0.000000 -1.000000 -0.000000
vn 0.258819 -0.965926 0.000000
vn 0.258819 -0.965926 0.000000
vn 0.500000 -0.866025 0.000000
vn 0.500000 -0.866025 0.000000
vn 0.707107 -0.707107 0.000000
vn 0.707107 -0.707107 0.000000
vn 0.866025 -0.500000 0.000000
vn 0.866025 -0.500000 0.000000
vn 0.965926 -0.258819 0.000000
vn 0.965926 -0.258819 0.000000
vn 1.000000 -0.000000 0.000000
vn 1.000000 -0.000000 0.000000
vn 0.965926 0.258819 0.000000
vn 0.965926 0.258819 0.000000
vn 0.866025 0.500000 0.000000
vn 0.866025 0.500000 0.000000
vn 0.707107 0.707107 0.000000
vn 0.707107 0.707107 0.000000
vn 0.500000 0.866025 0.000000
vn 0.500000 0.866025 0.000000
vn 0.258819 0.965926 0.000000
vn 0.258819 0.965926 0.000000
vn -0.000000 1.000000 0.000000
vn -0.000000 1.000000 0.000000
vn -0.258819 0.965926 0.000000
vn -0.258819 0.965926 0.000000
vn -0.500000 0.866025 0.000000
vn -0.500000 0.866025 0.000000
vn -0.707107 0.707107 0.000000
vn -0.707107 0.707107 0.000000
vn -0.866025 0.500000 0.000000
vn -0.866025 0.500000 0.000000
vn -0.965926 0.258819 0.000000
vn -0.965926 0.258819 0.000000
vn -1.000000 -0.000000 -0.000000
vn -1.000000 -0.000000 -0.000000
vn -0.965926 -0.258819 -0.000000
vn -0.965926 -0.258819 -0.000000
vn -0.866025 -0.500000 -0.000000
vn -0.866025 -0.500000 -0.000000
vn -0.707107 -0.707107 -0.000000
vn -0.707107 -0.707107 -0.000000
vn -0.500000 -0.866025 -0.000000
vn -0.500000 -0.866025 -0.000000
vn -0.258819 -0.965926 -0.000000
vn -0.258819 -0.965926 -0.000000
vn -0.000000 -1.000000 -0.000000
vn -0.000000 -1.000000 -0.000000
vn 0.258819 -0.965926 0.000000
vn 0.258819 -0.965926 0.000000
vn 0.500000 -0.866025 0.000000
vn 0.500000 -0.866025 0.000000
vn 0.707107 -0.707107 0.000000
vn 0.707107 -0.707107 0.000000
vn 0.866025 -0.500000 0.000000
vn 0.866025 -0.500000 0.000000
vn -0.000000 -0.000000 -1.000000
vn -0.000000 -0.000000 -1.000000
vn -0.000000 -0.000000 -1.000000
vn -0.000000 -0.000000 -1.000000
vn -0.000000 -0.000000 -1.000000
vn -0.000000 -0.000000 -1.000000
vn -0.000000 -0.000000 -1.000000
vn -0.000000 -0.000000 -1.000000
vn -0.000000 -0.000000 -1.000000
vn -0.000000 -0.000000 -1.000000
vn -0.000000 -0.000000 -1.000000
vn -0.000000 -0.000000 -1.000000
vn -0.000000 -0.000000 -1.000000
vn -0.000000 -0.000000 -1.000000
vn -0.000000 -0.000000 -1.000000
vn -0.000000 -0.000000 -1.000000
vn -0.000000 -0.000000 -1.000000
vn -0.000000 -0.000000 -1.000000
vn -0.000000 -0.000000 -1.000000
vn -0.000000 -0.000000 -1.000000
vn -0.000000 -0.000000 -1.000000
vn -0.000000 -0.000000 -1.000000
vn -0.000000 -0.000000 -1.000000
vn -0.000000 -0.000000 -1.000000
vn -0.000000 -0.000000 -1.000000
vn -0.000000 -0.000000 -1.000000
vn -0.000000 -0.000000 -1.000000
vn -0.000000 -0.000000 -1.000000
vn -0.000000 -0.000000 -1.000000
vn -0.000000 -0.000000 -1.000000
vn -0.000000 -0.000000 -1.000000
vn -0.000000 -0.000000 -1.000000
vn -0.000000 -0.000000 -1.000000
vn -0.000000 -0.000000 -1.000000
vn -0.000000 -0.000000 -1.000000
vn -0.000000 -0.000000 -1.000000
vn -0.000000 -0.000000 -1.000000
vn -0.000000 -0.000000 -1.000000
vn -0.000000 -0.000000 -1.000000
vn -0.000000 -0.000000 -1.000000
vn -0.000000 -0.000000 -1.000000
vn -0.000000 -0.000000 -1.000000
vn -0.000000 -0.000000 -1.000000
vn -0.000000 -0.000000 -1.000000
vn -0.000000 -0.000000 -1.000000
vn -0.000000 -0.000000 -1.000000
vn -0.000000 -0.000000 -1.000000
vn -0.000000 -0.000000 -1.000000
vn 0.965926 -0.258819 0.000000
vn 0.965926 -0.258819 0.000000
vn 1.000000 -0.000000 0.000000
vn 1.000000 -0.000000 0.000000
vn 0.965926 0.258819 0.000000
vn 0.965926 0.258819 0.000000
vn 0.866025 0.500000 0.000000
vn 0.866025 0.500000 0.000000
vn 0.707107 0.707107 0.000000
vn 0.707107 0.707107 0.000000
vn 0.500000 0.866025 0.000000
vn 0.500000 0.866025 0.000000
vn 0.258819 0.965926 0.000000
vn 0.258819 0.965926 0.000000
vn -0.000000 1.000000 0.000000
vn -0.000000 1.000000 0.000000
vn -0.258819 0.965926 0.000000
vn -0.258819 0.965926 0.000000
vn -0.500000 0.866025 0.000000
vn -0.500000 0.866025 0.000000
vn -0.707107 0.707107 0.000000
vn -0.707107 0.707107 0.000000
vn -0.866025 0.500000 0.000000
vn -0.866025 0.500000 0.000000
vn -0.965926 0.258819 0.000000
vn -0.965926 0.258819 0.000000
vn -1.000000 -0.000000 -0.000000
vn -1.000000 -0.000000 -0.000000
vn -0.965926 -0.258819 -0.000000
vn -0.965926 -0.258819 -0.000000
vn -0.866025 -0.500000 -0.000000
vn -0.866025 -0.500000 -0.000000
vn -0.707107 -0.707107 -0.000000
vn -0.707107 -0.707107 -0.000000
vn -0.500000 -0.866025 -0.000000
vn -0.500000 -0.866025 -0.000000
vn -0.258819 -0.965926 -0.000000
vn -0.258819 -0.965926 -0.000000
vn -0.000000 -1.000000 -0.000000
vn -0.000000 -1.000000 -0.000000
vn 0.258819 -0.965926 0.000000
vn 0.258819 -0.965926 0.000000
vn 0.500000 -0.866025 0.000000
vn 0.500000 -0.866025 0.000000
vn 0.707107 -0.707107 0.000000
vn 0.707107 -0.707107 0.000000
vn 0.866025 -0.500000 0.000000
vn 0.866025 -0.500000 0.000000
vn -0.000000 -0.000000 -1.000000
vn -0.000000 -0.000000 -1.000000
vn -0.000000 -0.000000 -1.000000
vn -0.000000 -0.000000 -1.000000
vn -0.000000 -0.000000 -1.000000
vn -0.000000 -0.000000 -1.000000
vn -0.000000 -0.000000 -1.000000
vn -0.000000 -0.000000 -1.000000
vn -0.000000 -0.000000 -1.000000
vn -0.000000 -0.000000 -1.000000
vn -0.000000 -0.000000 -1.000000
vn -0.000000 -0.000000 -1.000000
vn -0.000000 -0.000000 -1.000000
vn -0.000000 -0.000000 -1.000000
vn -0.000000 -0.000000 -1.000000
vn -0.000000 -0.000000 -1.000000
vn -0.000000 -0.000000 -1.000000
vn -0.000000 -0.000000 -1.000000
vn -0.000000 -0.000000 -1.000000
vn -0.000000 -0.000000 -1.000000
vn -0.000000 -0.000000 -1.000000
vn -0.000000 -0.000000 -1.000000
vn -0.000000 -0.000000 -1.000000
vn -0.000000 -0.000000 -1.000000
vn -0.965926 -0.258819 0.000000
vn -0.965926 -0.258819 0.000000
vn -1.000000 -0.000000 0.000000
vn -1.000000 -0.000000 0.000000
vn -0.965926 0.258819 0.000000
vn -0.965926 0.258819 0.000000
vn -0.866025 0.500000 0.000000
vn -0.866025 0.500000 0.000000
vn -0.707107 0.707107 0.000000
vn -0.707107 0.707107 0.000000
vn -0.500000 0.866025 0.000000
vn -0.500000 0.866025 0.000000
vn -0.258819 0.965926 0.000000
vn -0.258819 0.965926 0.000000
vn 0.000000 1.000000 -0.000000
vn 0.000000 1.000000 -0.000000
vn 0.258819 0.965926 -0.000000
vn 0.258819 0.965926 -0.000000
vn 0.500000 0.866025 -0.000000
vn 0.500000 0.866025 -0.000000
vn 0.707107 0.707107 -0.000000
vn 0.707107 0.707107 -0.000000
vn 0.866025 0.500000 -0.000000
vn 0.866025 0.500000 -0.000000
vn 0.965926 0.258819 -0.000000
vn 0.965926 0.258819 -0.000000
vn 1.000000 0.000000 -0.000000
vn 1.000000 0.000000 -0.000000
vn 0.965926 -0.258819 0.000000
vn 0.965926 -0.258819 0.000000
vn 0.866025 -0.500000 0.000000
vn 0.866025 -0.500000 0.000000
vn 0.707107 -0.707107 0.000000
vn 0.707107 -0.707107 0.000000
vn 0.500000 -0.866025 0.000000
vn 0.500000 -0.866025 0.000000
vn 0.258819 -0.965926 0.000000
vn 0.258819 -0.965926 0.000000
vn 0.000000 -1.000000 0.000000
vn 0.000000 -1.000000 0.000000
vn -0.258819 -0.965926 0.000000
vn -0.258819 -0.965926 0.000000
vn -0.500000 -0.866025 0.000000
vn -0.500000 -0.866025 0.000000
vn -0.707107 -0.707107 0.000000
vn -0.707107 -0.707107 0.000000
vn -0.866025 -0.500000 0.000000
vn -0.866025 -0.500000 0.000000
vn -0.000000 -0.000000 -1.000000
vn -0.000000 -0.000000 -1.000000
vn -0.000000 -0.000000 -1.000000
vn -0.000000 -0.000000 -1.000000
vn -0.000000 -0.000000 -1.000000
vn -0.000000 -0.000000 -1.000000
vn -0.000000 -0.000000 -1.000000
vn -0.000000 -0.000000 -1.000000
vn -0.000000 -0.000000 -1.000000
vn -0.000000 -0.000000 -1.000000
vn -0.000000 -0.000000 -1.000000
vn -0.000000 -0.000000 -1.000000
vn -0.000000 -0.000000 -1.000000
vn -0.000000 -0.000000 -1.000000
vn -0.000000 -0.000000 -1.000000
vn -0.000000 -0.000000 -1.000000
vn -0.000000 -0.000000 -1.000000
vn -0.000000 -0.000000 -1.000000
vn -0.000000 -0.000000 -1.000000
vn -0.000000 -0.000000 -1.000000
vn -0.000000 -0.000000 -1.000000
vn -0.000000 -0.000000 -1.000000
vn -0.000000 -0.000000 -1.000000
vn -0.000000 -0.000000 -1.000000
vn -0.965926 -0.258819 0.000000
vn -0.965926 -0.258819 0.000000
vn -1.000000 -0.000000 0.000000
vn -1.000000 -0.000000 0.000000
vn -0.965926 0.258819 0.000000
vn -0.965926 0.258819 0.000000
vn -0.866025 0.500000 0.000000
vn -0.866025 0.500000 0.000000
vn -0.707107 0.707107 0.000000
vn -0.707107 0.707107 0.000000
vn -0.500000 0.866025 0.000000
vn -0.500000 0.866025 0.000000
vn -0.258819 0.965926 0.000000
vn -0.258819 0.965926 0.000000
vn 0.000000 1.000000 -0.000000
vn 0.000000 1.000000 -0.000000
vn 0.258819 0.965926 -0.000000
vn 0.258819 0.965926 -0.000000
vn 0.500000 0.866025 -0.000000
vn 0.500000 0.866025 -0.000000
vn 0.707107 0.707107 -0.000000
vn 0.707107 0.707107 -0.000000
vn 0.866025 0.500000 -0.000000
vn 0.866025 0.500000 -0.000000
vn 0.965926 0.258819 -0.000000
vn 0.965926 0.258819 -0.000000
vn 1.000000 0.000000 -0.000000
vn 1.000000 0.000000 -0.000000
vn 0.965926 -0.258819 0.000000
vn 0.965926 -0.258819 0.000000
vn 0.866025 -0.500000 0.000000
vn 0.866025 -0.500000 0.000000
vn 0.707107 -0.707107 0.000000
vn 0.707107 -0.707107 0.000000
vn 0.500000 -0.866025 0.000000
vn 0.500000 -0.866025 0.000000
vn 0.258819 -0.965926 0.000000
vn 0.258819 -0.965926 0.000000
vn 0.000000 -1.000000 0.000000
vn 0.000000 -1.000000 0.000000
vn -0.258819 -0.965926 0.000000
vn -0.258819 -0.965926 0.000000
vn -0.500000 -0.866025 0.000000
vn -0.500000 -0.866025 0.000000
vn -0.707107 -0.707107 0.000000
vn -0.707107 -0.707107 0.000000
vn -0.866025 -0.500000 0.000000
vn -0.866025 -0.500000 0.000000
vn -0.000000 -0.000000 -1.000000
vn -0.000000 -0.000000 -1.000000
vn -0.000000 -0.000000 -1.000000
vn -0.000000 -0.000000 -1.000000
vn -0.000000 -0.000000 -1.000000
vn -0.000000 -0.000000 -1.000000
vn -0.000000 -0.000000 -1.000000
vn -0.000000 -0.000000 -1.000000
vn -0.000000 -0.000000 -1.000000
vn -0.000000 -0.000000 -1.000000
vn -0.000000 -0.000000 -1.000000
vn -0.000000 -0.000000 -1.000000
vn -0.000000 -0.000000 -1.000000
vn -0.000000 -0.000000 -1.000000
vn -0.000000 -0.000000 -1.000000
vn -0.000000 -0.000000 -1.000000
vn -0.000000 -0.000000 -1.000000
vn -0.000000 -0.000000 -1.000000
vn -0.000000 -0.000000 -1.000000
vn -0.000000 -0.000000 -1.000000
vn -0.000000 -0.000000 -1.000000
vn -0.000000 -0.000000 -1.000000
vn -0.000000 -0.000000 -1.000000
vn -0.000000 -0.000000 -1.000000
vn -0.965926 -0.258819 0.000000
vn -0.965926 -0.258819 0.000000
vn -1.000000 -0.000000 0.000000
vn -1.000000 -0.000000 0.000000
vn -0.965926 0.258819 0.000000
vn -0.965926 0.258819 0.000000
vn -0.866025 0.500000 0.000000
vn -0.866025 0.500000 0.000000
vn -0.707107 0.707107 0.000000
vn -0.707107 0.707107 0.000000
vn -0.500000 0.866025 0.000000
vn -0.500000 0.866025 0.000000
vn -0.258819 0.965926 0.000000
vn -0.258819 0.965926 0.000000
vn 0.000000 1.000000 -0.000000
vn 0.000000 1.000000 -0.000000
vn 0.258819 0.965926 -0.000000
vn 0.258819 0.965926 -0.000000
vn 0.500000 0.866025 -0.000000
vn 0.500000 0.866025 -0.000000
vn 0.707107 0.707107 -0.000000
vn 0.707107 0.707107 -0.000000
vn 0.866025 0.500000 -0.000000
vn 0.866025 0.500000 -0.000000
vn 0.965926 0.258819 -0.000000
vn 0.965926 0.258819 -0.000000
vn 1.000000 0.000000 -0.000000
vn 1.000000 0.000000 -0.000000
vn 0.965926 -0.258819 0.000000
vn 0.965926 -0.258819 0.000000
vn 0.866025 -0.500000 0.000000
vn 0.866025 -0.500000 0.000000
vn 0.707107 -0.707107 0.000000
vn 0.707107 -0.707107 0.000000
vn 0.500000 -0.866025 0.000000
vn 0.500000 -0.866025 0.000000
vn 0.258819 -0.965926 0.000000
vn 0.258819 -0.965926 0.000000
vn 0.000000 -1.000000 0.000000
vn 0.000000 -1.000000 0.000000
vn -0.258819 -0.965926 0.000000
vn -0.258819 -0.965926 0.000000
vn -0.500000 -0.866025 0.000000
vn -0.500000 -0.866025 0.000000
vn -0.707107 -0.707107 0.000000
vn -0.707107 -0.707107 0.000000
vn -0.866025 -0.500000 0.000000
vn -0.866025 -0.500000 0.000000
vn -0.000000 -0.000000 -1.000000
vn -0.000000 -0.000000 -1.000000
vn -0.000000 -0.000000 -1.000000
vn -0.000000 -0.000000 -1.000000
vn -0.000000 -0.000000 -1.000000
vn -0.000000 -0.000000 -1.000000
vn -0.000000 -0.000000 -1.000000
vn -0.000000 -0.000000 -1.000000
vn -0.000000 -0.000000 -1.000000
vn -0.000000 -0.000000 -1.000000
vn -0.000000 -0.000000 -1.000000
vn -0.000000 -0.000000 -1.000000
vn -0.000000 -0.000000 -1.000000
vn -0.000000 -0.000000 -1.000000
vn -0.000000 -0.000000 -1.000000
vn -0.000000 -0.000000 -1.000000
vn -0.000000 -0.000000 -1.000000
vn -0.000000 -0.000000 -1.000000
vn -0.000000 -0.000000 -1.000000
vn -0.000000 -0.000000 -1.000000
vn -0.000000 -0.000000 -1.000000
vn -0.000000 -0.000000 -1.000000
vn -0.000000 -0.000000 -1.000000
vn -0.000000 -0.000000 -1.000000
vn -0.965926 -0.258819 0.000000
vn -0.965926 -0.258819 0.000000
vn -1.000000 -0.000000 0.000000
vn -1.000000 -0.000000 0.000000
vn -0.965926 0.258819 0.000000
vn -0.965926 0.258819 0.000000
vn -0.866025 0.500000 0.000000
vn -0.866025 0.500000 0.000000
vn -0.707107 0.707107 0.000000
vn -0.707107 0.707107 0.000000
vn -0.500000 0.866025 0.000000
vn -0.500000 0.866025 0.000000
vn -0.258819 0.965926 0.000000
vn -0.258819 0.965926 0.000000
vn 0.000000 1.000000 -0.000000
vn 0.000000 1.000000 -0.000000
vn 0.258819 0.965926 -0.000000
vn 0.258819 0.965926 -0.000000
vn 0.500000 0.866025 -0.000000
vn 0.500000 0.866025 -0.000000
vn 0.707107 0.707107 -0.000000
vn 0.707107 0.707107 -0.000000
vn 0.866025 0.500000 -0.000000
vn 0.866025 0.500000 -0.000000
vn 0.965926 0.258819 -0.000000
vn 0.965926 0.258819 -0.000000
vn 1.000000 0.000000 -0.000000
vn 1.000000 0.000000 -0.000000
vn 0.965926 -0.258819 0.000000
vn 0.965926 -0.258819 0.000000
vn 0.866025 -0.500000 0.000000
vn 0.866025 -0.500000 0.000000
vn 0.707107 -0.707107 0.000000
vn 0.707107 -0.707107 0.000000
vn 0.500000 -0.866025 0.000000
vn 0.500000 -0.866025 0.000000
vn 0.258819 -0.965926 0.000000
vn 0.258819 -0.965926 0.000000
vn 0.000000 -1.000000 0.000000
vn 0.000000 -1.000000 0.000000
vn -0.258819 -0.965926 0.000000
vn -0.258819 -0.965926 0.000000
vn -0.500000 -0.866025 0.000000
vn -0.500000 -0.866025 0.000000
vn -0.707107 -0.707107 0.000000
vn -0.707107 -0.707107 0.000000
vn -0.866025 -0.500000 0.000000
vn -0.866025 -0.500000 0.000000
vn -0.000000 -0.000000 -1.000000
vn -0.000000 -0.000000 -1.000000
vn -0.000000 -0.000000 -1.000000
vn -0.000000 -0.000000 -1.000000
vn -0.000000 -0.000000 -1.000000
vn -0.000000 -0.000000 -1.000000
vn -0.000000 -0.000000 -1.000000
vn -0.000000 -0.000000 -1.000000
vn -0.000000 -0.000000 -1.000000
vn -0.000000 -0.000000 -1.000000
vn -0.000000 -0.000000 -1.000000
vn -0.000000 -0.000000 -1.000000
vn -0.000000 -0.000000 -1.000000
vn -0.000000 -0.000000 -1.000000
vn -0.000000 -0.000000 -1.000000
vn -0.000000 -0.000000 -1.000000
vn -0.000000 -0.000000 -1.000000
vn -0.000000 -0.000000 -1.000000
vn -0.000000 -0.000000 -1.000000
vn -0.000000 -0.000000 -1.000000
vn -0.000000 -0.000000 -1.000000
vn -0.000000 -0.000000 -1.000000
vn -0.000000 -0.000000 -1.000000
vn -0.000000 -0.000000 -1.000000
vn -0.965926 -0.258819 0.000000
vn -0.965926 -0.258819 0.000000
vn -1.000000 -0.000000 0.000000
vn -1.000000 -0.000000 0.000000
vn -0.965926 0.258819 0.000000
vn -0.965926 0.258819 0.000000
vn -0.866025 0.500000 0.000000
vn -0.866025 0.500000 0.000000
vn -0.707107 0.707107 0.000000
vn -0.707107 0.707107 0.000000
vn -0.500000 0.866025 0.000000
vn -0.500000 0.866025 0.000000
vn -0.258819 0.965926 0.000000
vn -0.258819 0.965926 0.000000
vn 0.000000 1.000000 -0.000000
vn 0.000000 1.000000 -0.000000
vn 0.258819 0.965926 -0.000000
vn 0.258819 0.965926 -0.000000
vn 0.500000 0.866025 -0.000000
vn 0.500000 0.866025 -0.000000
vn 0.707107 0.707107 -0.000000
vn 0.707107 0.707107 -0.000000
vn 0.866025 0.500000 -0.000000
vn 0.866025 0.500000 -0.000000
vn 0.965926 0.258819 -0.000000
vn 0.965926 0.258819 -0.000000
vn 1.000000 0.000000 -0.000000
vn 1.000000 0.000000 -0.000000
vn 0.965926 -0.258819 0.000000
vn 0.965926 -0.258819 0.000000
vn 0.866025 -0.500000 0.000000
vn 0.866025 -0.500000 0.000000
vn 0.707107 -0.707107 0.000000
vn 0.707107 -0.707107 0.000000
vn 0.500000 -0.866025 0.000000
vn 0.500000 -0.866025 0.000000
vn 0.258819 -0.965926 0.000000
vn 0.258819 -0.965926 0.000000
vn 0.000000 -1.000000 0.000000
vn 0.000000 -1.000000 0.000000
vn -0.258819 -0.965926 0.000000
vn -0.258819 -0.965926 0.000000
vn -0.500000 -0.866025 0.000000
vn -0.500000 -0.866025 0.000000
vn -0.707107 -0.707107 0.000000
vn -0.707107 -0.707107 0.000000
vn -0.866025 -0.500000 0.000000
vn -0.866025 -0.500000 0.000000
vn -0.000000 -0.000000 -1.000000
vn -0.000000 -0.000000 -1.000000
vn -0.000000 -0.000000 -1.000000
vn -0.000000 -0.000000 -1.000000
vn -0.000000 -0.000000 -1.000000
vn -0.000000 -0.000000 -1.000000
vn -0.000000 -0.000000 -1.000000
vn -0.000000 -0.000000 -1.000000
vn -0.000000 -0.000000 -1.000000
vn -0.000000 -0.000000 -1.000000
vn -0.000000 -0.000000 -1.000000
vn -0.000000 -0.000000 -1.000000
vn -0.000000 -0.000000 -1.000000
vn -0.000000 -0.000000 -1.000000
vn -0.000000 -0.000000 -1.000000
vn -0.000000 -0.000000 -1.000000
vn -0.000000 -0.000000 -1.000000
vn -0.000000 -0.000000 -1.000000
vn -0.000000 -0.000000 -1.000000
vn -0.000000 -0.000000 -1.000000
vn -0.000000 -0.000000 -1.000000
vn -0.000000 -0.000000 -1.000000
vn -0.000000 -0.000000 -1.000000
vn -0.000000 -0.000000 -1.000000
vn -0.965926 -0.258819 0.000000
vn -0.965926 -0.258819 0.000000
vn -1.000000 -0.000000 0.000000
vn -1.000000 -0.000000 0.000000
vn -0.965926 0.258819 0.000000
vn -0.965926 0.258819 0.000000
vn -0.866025 0.500000 0.000000
vn -0.866025 0.500000 0.000000
vn -0.707107 0.707107 0.000000
vn -0.707107 0.707107 0.000000
vn -0.500000 0.866025 0.000000
vn -0.500000 0.866025 0.000000
vn -0.258819 0.965926 0.000000
vn -0.258819 0.965926 0.000000
vn 0.000000 1.000000 -0.000000
vn 0.000000 1.000000 -0.000000
vn 0.258819 0.965926 -0.000000
vn 0.258819 0.965926 -0.000000
vn 0.500000 0.866025 -0.000000
vn 0.500000 0.866025 -0.000000
vn 0.707107 0.707107 -0.000000
vn 0.707107 0.707107 -0.000000
vn 0.866025 0.500000 -0.000000
vn 0.866025 0.500000 -0.000000
vn 0.965926 0.258819 -0.000000
vn 0.965926 0.258819 -0.000000
vn 1.000000 0.000000 -0.000000
vn 1.000000 0.000000 -0.000000
vn 0.965926 -0.258819 0.000000
vn 0.965926 -0.258819 0.000000
vn 0.866025 -0.500000 0.000000
vn 0.866025 -0.500000 0.000000
vn 0.707107 -0.707107 0.000000
vn 0.707107 -0.707107 0.000000
vn 0.500000 -0.866025 0.000000
vn 0.500000 -0.866025 0.000000
vn 0.258819 -0.965926 0.000000
vn 0.258819 -0.965926 0.000000
vn 0.000000 -1.000000 0.000000
vn 0.000000 -1.000000 0.000000
vn -0.258819 -0.965926 0.000000
vn -0.258819 -0.965926 0.000000
vn -0.500000 -0.866025 0.000000
vn -0.500000 -0.866025 0.000000
vn -0.707107 -0.707107 0.000000
vn -0.707107 -0.707107 0.000000
vn -0.866025 -0.500000 0.000000
vn -0.866025 -0.500000 0.000000
vn -0.000000 -0.000000 -1.000000
vn -0.000000 -0.000000 -1.000000
vn -0.000000 -0.000000 -1.000000
vn -0.000000 -0.000000 -1.000000
vn -0.000000 -0.000000 -1.000000
vn -0.000000 -0.000000 -1.000000
vn -0.000000 -0.000000 -1.000000
vn -0.000000 -0.000000 -1.000000
vn -0.000000 -0.000000 -1.000000
vn -0.000000 -0.000000 -1.000000
vn -0.000000 -0.000000 -1.000000
vn -0.000000 -0.000000 -1.000000
vn -0.000000 -0.000000 -1.000000
vn -0.000000 -0.000000 -1.000000
vn -0.000000 -0.000000 -1.000000
vn -0.000000 -0.000000 -1.000000
vn -0.000000 -0.000000 -1.000000
vn -0.000000 -0.000000 -1.000000
vn -0.000000 -0.000000 -1.000000
vn -0.000000 -0.000000 -1.000000
vn -0.000000 -0.000000 -1.000000
vn -0.000000 -0.000000 -1.000000
vn -0.000000 -0.000000 -1.000000
vn -0.000000 -0.000000 -1.000000
vn -0.965926 -0.258819 0.000000
vn -0.965926 -0.258819 0.000000
vn -1.000000 -0.000000 0.000000
vn -1.000000 -0.000000 0.000000
vn -0.965926 0.258819 0.000000
vn -0.965926 0.258819 0.000000
vn -0.866025 0.500000 0.000000
vn -0.866025 0.500000 0.000000
vn -0.707107 0.707107 0.000000
vn -0.707107 0.707107 0.000000
vn -0.500000 0.866025 0.000000
vn -0.500000 0.866025 0.000000
vn -0.258819 0.965926 0.000000
vn -0.258819 0.965926 0.000000
vn 0.000000 1.000000 -0.000000
vn 0.000000 1.000000 -0.000000
vn 0.258819 0.965926 -0.000000
vn 0.258819 0.965926 -0.000000
vn 0.500000 0.866025 -0.000000
vn 0.500000 0.866025 -0.000000
vn 0.707107 0.707107 -0.000000
vn 0.707107 0.707107 -0.000000
vn 0.866025 0.500000 -0.000000
vn 0.866025 0.500000 -0.000000
vn 0.965926 0.258819 -0.000000
vn 0.965926 0.258819 -0.000000
vn 1.000000 0.000000 -0.000000
vn 1.000000 0.000000 -0.000000
vn 0.965926 -0.258819 0.000000
vn 0.965926 -0.258819 0.000000
vn 0.866025 -0.500000 0.000000
vn 0.866025 -0.500000 0.000000
vn 0.707107 -0.707107 0.000000
vn 0.707107 -0.707107 0.000000
vn 0.500000 -0.866025 0.000000
vn 0.500000 -0.866025 0.000000
vn 0.258819 -0.965926 0.000000
vn 0.258819 -0.965926 0.000000
vn 0.000000 -1.000000 0.000000
vn 0.000000 -1.000000 0.000000
vn -0.258819 -0.965926 0.000000
vn -0.258819 -0.965926 0.000000
vn -0.500000 -0.866025 0.000000
vn -0.500000 -0.866025 0.000000
vn -0.707107 -0.707107 0.000000
vn -0.707107 -0.707107 0.000000
vn -0.866025 -0.500000 0.000000
vn -0.866025 -0.500000 0.000000
vn -0.000000 -0.000000 -1.000000
vn -0.000000 -0.000000 -1.000000
vn -0.000000 -0.000000 -1.000000
vn -0.000000 -0.000000 -1.000000
vn -0.000000 -0.000000 -1.000000
vn -0.000000 -0.000000 -1.000000
vn -0.000000 -0.000000 -1.000000
vn -0.000000 -0.000000 -1.000000
vn -0.000000 -0.000000 -1.000000
vn -0.000000 -0.000000 -1.000000
vn -0.000000 -0.000000 -1.000000
vn -0.000000 -0.000000 -1.000000
vn -0.000000 -0.000000 -1.000000
vn -0.000000 -0.000000 -1.000000
vn -0.000000 -0.000000 -1.000000
vn -0.000000 -0.000000 -1.000000
vn -0.000000 -0.000000 -1.000000
vn -0.000000 -0.000000 -1.000000
vn -0.000000 -0.000000 -1.000000
vn -0.000000 -0.000000 -1.000000
vn -0.000000 -0.000000 -1.000000
vn -0.000000 -0.000000 -1.000000
vn -0.000000 -0.000000 -1.000000
vn -0.000000 -0.000000 -1.000000
vn -0.965926 -0.258819 0.000000
vn -0.965926 -0.258819 0.000000
vn -1.000000 -0.000000 0.000000
vn -1.000000 -0.000000 0.000000
vn -0.965926 0.258819 0.000000
vn -0.965926 0.258819 0.000000
vn -0.866025 0.500000 0.000000
vn -0.866025 0.500000 0.000000
vn -0.707107 0.707107 0.000000
vn -0.707107 0.707107 0.000000
vn -0.500000 0.866025 0.000000
vn -0.500000 0.866025 0.000000
vn -0.258819 0.965926 0.000000
vn -0.258819 0.965926 0.000000
vn 0.000000 1.000000 -0.000000
vn 0.000000 1.000000 -0.000000
vn 0.258819 0.965926 -0.000000
vn 0.258819 0.965926 -0.000000
vn 0.500000 0.866025 -0.000000
vn 0.500000 0.866025 -0.000000
vn 0.707107 0.707107 -0.000000
vn 0.707107 0.707107 -0.000000
vn 0.866025 0.500000 -0.000000
vn 0.866025 0.500000 -0.000000
vn 0.965926 0.258819 -0.000000
vn 0.965926 0.258819 -0.000000
vn 1.000000 0.000000 -0.000000
vn 1.000000 0.000000 -0.000000
vn 0.965926 -0.258819 0.000000
vn 0.965926 -0.258819 0.000000
vn 0.866025 -0.500000 0.000000
vn 0.866025 -0.500000 0.000000
vn 0.707107 -0.707107 0.000000
vn 0.707107 -0.707107 0.000000
vn 0.500000 -0.866025 0.000000
vn 0.500000 -0.866025 0.000000
vn 0.258819 -0.965926 0.000000
vn 0.258819 -0.965926 0.000000
vn 0.000000 -1.000000 0.000000
vn 0.000000 -1.000000 0.000000
vn -0.258819 -0.965926 0.000000
vn -0.258819 -0.965926 0.000000
vn -0.500000 -0.866025 0.000000
vn -0.500000 -0.866025 0.000000
vn -0.707107 -0.707107 0.000000
vn -0.707107 -0.707107 0.000000
vn -0.866025 -0.500000 0.000000
vn -0.866025 -0.500000 0.000000
vn -0.000000 -0.000000 -1.000000
vn -0.000000 -0.000000 -1.000000
vn -0.000000 -0.000000 -1.000000
vn -0.000000 -0.000000 -1.000000
vn -0.000000 -0.000000 -1.000000
vn -0.000000 -0.000000 -1.000000
vn -0.000000 -0.000000 -1.000000
vn -0.000000 -0.000000 -1.000000
vn -0.000000 -0.000000 -1.000000
vn -0.000000 -0.000000 -1.000000
vn -0.000000 -0.000000 -1.000000
vn -0.000000 -0.000000 -1.000000
vn -0.000000 -0.000000 -1.000000
vn -0.000000 -0.000000 -1.000000
vn -0.000000 -0.000000 -1.000000
vn -0.000000 -0.000000 -1.000000
vn -0.000000 -0.000000 -1.000000
vn -0.000000 -0.000000 -1.000000
vn -0.000000 -0.000000 -1.000000
vn -0.000000 -0.000000 -1.000000
vn -0.000000 -0.000000 -1.000000
vn -0.000000 -0.000000 -1.000000
vn -0.000000 -0.000000 -1.000000
vn -0.000000 -0.000000 -1.000000
vn -0.000000 -1.000000 0.000000
vn -0.000000 -1.000000 0.000000
vn -0.000000 -1.000000 0.000000
vn -0.000000 -1.000000 0.000000
vn -1.000000 -0.000000 -0.000000
vn -1.000000 -0.000000 -0.000000
vn -1.000000 -0.000000 -0.000000
vn -1.000000 -0.000000 -0.000000
vn -0.000000 1.000000 -0.000000
vn -0.000000 1.000000 -0.000000
vn -0.000000 1.000000 -0.000000
vn -0.000000 1.000000 -0.000000
vn 1.000000 0.000000 -0.000000
vn 1.000000 0.000000 -0.000000
vn 1.000000 0.000000 -0.000000
vn 1.000000 0.000000 -0.000000
vn -0.000000 -0.000000 -1.000000
vn -0.000000 -0.000000 -1.000000
vn -0.000000 -0.000000 -1.000000
vn -0.000000 -0.000000 -1.000000
vn -0.000000 -0.000000 -1.000000
vn -0.000000 -0.000000 -1.000000
vn -0.000000 -0.000000 -1.000000
vn -0.000000 -0.000000 -1.000000
vn -0.000000 -0.000000 -1.000000
vn -0.000000 -0.000000 -1.000000
vn -0.000000 -0.000000 -1.000000
vn -0.000000 -0.000000 -1.000000
vn -0.000000 -0.000000 -1.000000
vn -0.000000 -0.000000 -1.000000
vn -0.000000 -0.000000 -1.000000
vn -0.000000 -0.000000 -1.000000
vn -0.000000 -0.000000 -1.000000
vn -0.000000 -0.000000 -1.000000
vn -0.000000 -0.000000 -1.000000
vn -0.000000 -0.000000 -1.000000
vn -0.000000 -0.000000 -1.000000
vn -0.000000 -0.000000 -1.000000
vn -0.000000 -0.000000 -1.000000
vn -0.000000 -0.000000 -1.000000
vn -0.000000 -0.000000 -1.000000
vn -0.000000 -0.000000 -1.000000
vn -0.000000 -0.000000 -1.000000
vn -0.000000 -0.000000 -1.000000
vn -0.000000 -0.000000 -1.000000
vn -0.000000 -0.000000 -1.000000
vn -0.000000 -0.000000 -1.000000
vn -0.000000 -0.000000 -1.000000
vn -0.000000 -0.000000 -1.000000
vn -0.000000 -0.000000 -1.000000
vn -0.000000 -0.000000 -1.000000
vn -0.000000 -0.000000 -1.000000
vn -0.000000 -0.000000 -1.000000
vn -0.000000 -0.000000 -1.000000
vn -0.000000 -0.000000 -1.000000
vn -0.000000 -0.000000 -1.000000
vn -0.000000 -0.000000 -1.000000
vn -0.000000 -0.000000 -1.000000
vn -0.000000 -0.000000 -1.000000
vn -0.000000 -0.000000 -1.000000
vn -0.000000 -0.000000 -1.000000
vn -0.000000 -0.000000 -1.000000
vn -0.000000 -0.000000 -1.000000
vn -0.000000 -0.000000 -1.000000
vn -0.000000 -0.000000 -1.000000
vn -0.000000 -0.000000 -1.000000
vn -0.000000 -0.000000 -1.000000
vn -0.000000 -0.000000 -1.000000
vn -0.000000 -0.000000 -1.000000
vn -0.000000 -0.000000 -1.000000
vn -0.000000 -0.000000 -1.000000
vn -0.000000 -0.000000 -1.000000
vn -0.000000 -0.000000 -1.000000
vn -0.000000 -0.000000 -1.000000
vn -0.000000 -0.000000 -1.000000
vn -0.000000 -0.000000 -1.000000
vn -0.000000 -0.000000 -1.000000
vn -0.000000 -0.000000 -1.000000
vn -0.000000 -0.000000 -1.000000
vn -0.000000 -0.000000 -1.000000
vn -0.000000 -0.000000 -1.000000
vn -0.000000 -0.000000 -1.000000
vn -0.000000 -0.000000 -1.000000
vn -0.000000 -0.000000 -1.000000
vn -0.000000 -0.000000 -1.000000
vn -0.000000 -0.000000 -1.000000
vn -0.000000 -0.000000 -1.000000
vn -0.000000 -0.000000 -1.000000
vn -0.000000 -0.000000 -1.000000
vn -0.000000 -0.000000 -1.000000
vn -0.000000 -0.000000 -1.000000
vn -0.000000 -0.000000 -1.000000
vn -0.000000 -0.000000 -1.000000
vn -0.000000 -0.000000 -1.000000
vn -0.000000 -0.000000 -1.000000
vn -0.000000 -0.000000 -1.000000
vn -0.000000 -0.000000 -1.000000
vn -0.000000 -0.000000 -1.000000
vn -0.000000 -0.000000 -1.000000
vn -0.000000 -0.000000 -1.000000
vn -0.000000 -0.000000 -1.000000
vn -0.000000 -0.000000 -1.000000
vn -0.000000 -0.000000 -1.000000
vn -0.000000 -0.000000 -1.000000
vn -0.000000 -0.000000 -1.000000
vn -0.000000 -0.000000 -1.000000
vn -0.000000 -0.000000 -1.000000
vn -0.000000 -0.000000 -1.000000
vn -0.000000 -0.000000 -1.000000
vn -0.000000 -0.000000 -1.000000
vn -0.000000 -0.000000 -1.000000
vn -0.000000 -0.000000 -1.000000
vn -0.000000 -0.000000 -1.000000
vn -0.000000 -0.000000 -1.000000
vn -0.000000 -0.000000 -1.000000
vn -0.000000 -0.000000 -1.000000
vn -0.000000 -0.000000 -1.000000
vn -0.000000 -0.000000 -1.000000
vn -0.000000 -0.000000 -1.000000
vn -0.000000 -0.000000 -1.000000
vn -0.000000 -0.000000 -1.000000
vn -0.000000 -0.000000 -1.000000
vn -0.000000 -0.000000 -1.000000
vn -0.000000 -0.000000 -1.000000
vn -0.000000 -0.000000 -1.000000
vn -0.000000 -0.000000 -1.000000
vn -0.000000 -0.000000 -1.000000
vn -0.000000 -0.000000 -1.000000
vn -0.000000 -0.000000 -1.000000
vn -0.000000 -0.000000 -1.000000
vn -0.000000 -0.000000 -1.000000
vn -0.000000 -0.000000 -1.000000
vn -0.000000 -0.000000 -1.000000
vn -0.000000 -0.000000 -1.000000
vn -0.000000 -0.000000 -1.000000
vn -0.000000 -0.000000 -1.000000
vn -0.000000 -0.000000 -1.000000
vn -0.000000 -0.000000 -1.000000
vn -0.000000 -0.000000 -1.000000
vn -0.000000 -0.000000 -1.000000
vn -0.000000 -0.000000 -1.000000
vn -0.000000 -0.000000 -1.000000
vn -0.000000 -0.000000 -1.000000
vn -0.000000 -0.000000 -1.000000
vn -0.000000 -0.000000 -1.000000
vn -0.000000 -0.000000 -1.000000
vn -0.000000 -0.000000 -1.000000
vn -0.000000 -0.000000 -1.000000
vn -0.000000 -0.000000 -1.000000
vn -0.000000 -0.000000 -1.000000
vn -0.000000 -0.000000 -1.000000
vn -0.000000 -0.000000 -1.000000
vn -0.000000 -0.000000 -1.000000
vn -0.000000 -0.000000 -1.000000
vn -0.000000 -0.000000 -1.000000
vn -0.000000 -0.000000 -1.000000
vn -0.000000 -0.000000 -1.000000
vn -0.000000 -0.000000 -1.000000
vn -0.000000 -0.000000 -1.000000
vn -0.000000 -0.000000 -1.000000
vn -0.000000 -0.000000 -1.000000
vn -0.000000 -0.000000 -1.000000
vn -0.000000 -0.000000 -1.000000
vn -0.000000 -0.000000 -1.000000
vn -0.000000 -0.000000 -1.000000
vn -0.000000 -0.000000 -1.000000
vn -0.000000 -0.000000 -1.000000
vn -0.000000 -0.000000 -1.000000
vn -0.000000 -0.000000 -1.000000
vn -0.000000 -0.000000 -1.000000
vn -0.000000 -0.000000 -1.000000
vn -0.000000 -0.000000 -1.000000
vn -0.000000 -0.000000 -1.000000
vn -0.000000 -0.000000 -1.000000
vn -0.000000 -0.000000 -1.000000
vn -0.000000 -0.000000 -1.000000
vn -0.000000 -0.000000 -1.000000
vn -0.000000 -0.000000 -1.000000
vn -0.000000 -0.000000 -1.000000
vn -0.000000 -0.000000 -1.000000
vn -0.000000 -0.000000 -1.000000
vn -0.000000 -0.000000 -1.000000
vn -0.000000 -0.000000 -1.000000
vn -0.000000 -0.000000 -1.000000
vn -0.000000 -0.000000 -1.000000
vn -0.000000 -0.000000 -1.000000
vn -0.000000 -0.000000 -1.000000
vn -0.000000 -0.000000 -1.000000
vn -0.000000 -0.000000 -1.000000
vn -0.000000 -0.000000 -1.000000
vn -0.000000 -0.000000 -1.000000
vn -0.000000 -0.000000 -1.000000
vn -0.000000 -0.000000 -1.000000
vn -0.000000 -0.000000 -1.000000
vn -0.000000 -0.000000 -1.000000
vn -0.000000 -0.000000 -1.000000
vn -0.000000 -0.000000 -1.000000
vn -0.000000 -0.000000 -1.000000
vn -0.000000 -0.000000 -1.000000
vn -0.000000 -0.000000 -1.000000
vn -0.000000 -0.000000 -1.000000
vn -0.000000 -0.000000 -1.000000
vn -0.000000 -0.000000 -1.000000
vn -0.000000 -0.000000 -1.000000
vn -0.000000 -0.000000 -1.000000
vn -0.000000 -0.000000 -1.000000
vn -0.000000 -0.000000 -1.000000
vn -0.000000 -0.000000 -1.000000
vn -0.000000 -0.000000 -1.000000
vn -0.000000 -0.000000 -1.000000
vn -0.000000 -0.000000 -1.000000
vn -0.000000 -0.000000 -1.000000
vn -0.000000 -0.000000 -1.000000
vn -0.000000 -0.000000 -1.000000
vn -0.000000 -0.000000 -1.000000
vn -0.000000 -0.000000 -1.000000
vn -0.000000 -0.000000 -1.000000
vn -0.000000 -0.000000 -1.000000
vn -0.000000 -0.000000 -1.000000
vn -0.000000 -0.000000 -1.000000
vn -0.000000 -0.000000 -1.000000
vn -0.000000 -0.000000 -1.000000
vn -0.000000 -0.000000 -1.000000
vn -0.000000 -0.000000 -1.000000
vn -0.000000 -0.000000 -1.000000
vn -0.000000 -0.000000 -1.000000
vn -0.000000 -0.000000 -1.000000
vn -0.000000 -0.000000 -1.000000
vn -0.000000 -0.000000 -1.000000
vn -0.000000 -0.000000 -1.000000
vn -0.000000 -0.000000 -1.000000
vn -0.000000 -0.000000 -1.000000
vn -0.000000 -0.000000 -1.000000
vn -0.000000 -0.000000 -1.000000
vn -0.000000 -0.000000 -1.000000
vn -0.000000 -0.000000 -1.000000
vn -0.000000 -0.000000 -1.000000
vn -0.000000 -0.000000 -1.000000
vn -0.000000 -0.000000 -1.000000
vn -0.000000 -0.000000 -1.000000
vn -0.000000 -0.000000 -1.000000
vn -0.000000 -0.000000 -1.000000
vn -0.000000 -0.000000 -1.000000
vn -0.000000 -0.000000 -1.000000
vn -0.000000 -0.000000 -1.000000
vn -0.000000 -0.000000 -1.000000
vn -0.000000 -0.000000 -1.000000
vn -0.000000 -0.000000 -1.000000
vn -0.000000 -0.000000 -1.000000
vn -0.000000 -0.000000 -1.000000
vn -0.000000 -0.000000 -1.000000
vn -0.000000 -0.000000 -1.000000
vn -0.000000 -0.000000 -1.000000
vn -0.000000 -0.000000 -1.000000
vn -0.000000 -0.000000 -1.000000
vn -0.000000 -0.000000 -1.000000
vn -0.000000 -0.000000 -1.000000
vn -0.000000 -0.000000 -1.000000
vn -0.000000 -0.000000 -1.000000
vn -0.000000 -0.000000 -1.000000
vn -0.000000 -0.000000 -1.000000
vn -0.000000 -0.000000 -1.000000
vn -0.000000 -0.000000 -1.000000
vn -0.000000 -0.000000 -1.000000
vn -0.000000 -0.000000 -1.000000
vn -0.000000 -0.000000 -1.000000
vn -0.000000 -0.000000 -1.000000
vn -0.000000 -0.000000 -1.000000
vn -0.000000 -0.000000 -1.000000
vn -0.000000 -0.000000 -1.000000
vn -0.000000 -0.000000 -1.000000
vn -0.000000 -0.000000 -1.000000
vn -0.000000 -0.000000 -1.000000
vn -0.000000 -0.000000 -1.000000
vn -0.000000 -0.000000 -1.000000
vn -0.000000 -0.000000 -1.000000
vn -0.000000 -0.000000 -1.000000
vn -0.000000 -0.000000 -1.000000
vn -0.000000 -0.000000 -1.000000
vn -0.000000 -0.000000 -1.000000
vn -0.000000 -0.000000 -1.000000
vn -0.000000 -0.000000 -1.000000
vn -0.000000 -0.000000 -1.000000
vn -0.000000 -0.000000 -1.000000
usemtl ABS_(White)
f 18/1/1 1/2/2 20/3/3
f 20/3/3 1/2/2 2/4/4
f 20/3/3 2/4/4 19/5/5
f 19/5/5 2/4/4 3/6/6
f 19/5/5 3/6/6 23/7/7
f 23/7/7 3/6/6 22/8/8
f 23/7/7 22/8/8 28/9/9
f 28/9/9 22/8/8 27/10/10
f 28/9/9 27/10/10 33/11/11
f 33/11/11 27/10/10 32/12/12
f 33/11/11 32/12/12 37/13/13
f 37/13/13 32/12/12 36/14/14
f 37/13/13 36/14/14 11/15/15
f 11/15/15 36/14/14 10/16/16
f 10/16/16 36/14/14 35/17/17
f 10/16/16 35/17/17 9/18/18
f 9/18/18 35/17/17 31/19/19
f 9/18/18 31/19/19 30/20/20
f 30/20/20 31/19/19 25/21/21
f 30/20/20 25/21/21 7/22/22
f 7/22/22 25/21/21 6/23/23
f 6/23/23 25/21/21 5/24/24
f 5/24/24 25/21/21 26/25/25
f 5/24/24 26/25/25 21/26/26
f 21/26/26 26/25/25 27/10/10
f 21/26/26 27/10/10 22/8/8
f 3/6/6 4/27/27 22/8/8
f 22/8/8 4/27/27 21/26/26
f 4/27/27 5/24/24 21/26/26
f 7/22/22 8/28/28 30/20/20
f 30/20/20 8/28/28 9/18/18
f 37/13/13 11/15/15 39/29/29
f 39/29/29 11/15/15 12/30/30
f 39/29/29 12/30/30 40/31/31
f 40/31/31 12/30/30 13/32/32
f 40/31/31 13/32/32 14/33/33
f 40/31/31 14/33/33 38/34/34
f 38/34/34 14/33/33 15/35/35
f 38/34/34 15/35/35 34/36/36
f 34/36/36 15/35/35 16/37/37
f 34/36/36 16/37/37 29/38/38
f 29/38/38 16/37/37 17/39/39
f 29/38/38 17/39/39 24/40/40
f 24/40/40 17/39/39 18/1/1
f 24/40/40 18/1/1 20/3/3
f 24/40/40 20/3/3 19/5/5
f 29/38/38 24/40/40 23/7/7
f 23/7/7 24/40/40 19/5/5
f 29/38/38 23/7/7 28/9/9
f 32/12/12 27/10/10 26/25/25
f 32/12/12 26/25/25 31/19/19
f 31/19/19 26/25/25 25/21/21
f 34/36/36 29/38/38 28/9/9
f 34/36/36 28/9/9 33/11/11
f 36/14/14 32/12/12 31/19/19
f 35/17/17 36/14/14 31/19/19
f 38/34/34 34/36/36 33/11/11
f 38/34/34 33/11/11 37/13/13
f 40/31/31 38/34/34 37/13/13
f 39/29/29 40/31/31 37/13/13
f 42/41/41 48/42/42 41/43/43
f 41/43/43 48/42/42 49/44/44
f 41/43/43 49/44/44 50/45/45
f 50/45/45 49/44/44 58/46/46
f 50/45/45 58/46/46 59/47/47
f 59/47/47 58/46/46 67/48/48
f 59/47/47 67/48/48 68/49/49
f 68/49/49 67/48/48 76/50/50
f 68/49/49 76/50/50 77/51/51
f 77/51/51 76/50/50 85/52/52
f 77/51/51 85/52/52 86/53/53
f 86/53/53 85/52/52 13/54/32
f 86/53/53 13/54/32 87/55/54
f 87/55/54 13/54/32 12/56/30
f 87/55/54 12/56/30 79/57/55
f 79/57/55 12/56/30 11/58/15
f 79/57/55 11/58/15 71/59/56
f 71/59/56 11/58/15 10/60/16
f 71/59/56 10/60/16 63/61/57
f 63/61/57 10/60/16 9/62/18
f 63/61/57 9/62/18 55/63/58
f 55/63/58 9/62/18 8/64/28
f 55/63/58 8/64/28 7/65/22
f 48/42/42 42/41/41 56/66/59
f 56/66/59 42/41/41 43/67/60
f 56/66/59 43/67/60 64/68/61
f 64/68/61 43/67/60 44/69/62
f 64/68/61 44/69/62 72/70/63
f 72/70/63 44/69/62 45/71/64
f 72/70/63 45/71/64 80/72/65
f 80/72/65 45/71/64 46/73/66
f 80/72/65 46/73/66 47/74/67
f 13/54/32 83/75/68 47/74/67
f 47/74/67 83/75/68 82/76/69
f 47/74/67 82/76/69 81/77/70
f 81/77/70 82/76/69 73/78/71
f 81/77/70 73/78/71 72/70/63
f 72/70/63 73/78/71 64/68/61
f 41/43/43 52/79/72 7/65/22
f 7/65/22 52/79/72 53/80/73
f 7/65/22 53/80/73 54/81/74
f 54/81/74 53/80/73 62/82/75
f 54/81/74 62/82/75 63/61/57
f 63/61/57 62/82/75 71/59/56
f 49/44/44 48/42/42 57/83/76
f 57/83/76 48/42/42 56/66/59
f 57/83/76 56/66/59 65/84/77
f 65/84/77 56/66/59 64/68/61
f 65/84/77 64/68/61 73/78/71
f 52/79/72 41/43/43 51/85/78
f 51/85/78 41/43/43 50/45/45
f 51/85/78 50/45/45 59/47/47
f 52/79/72 51/85/78 60/86/79
f 60/86/79 51/85/78 59/47/47
f 60/86/79 59/47/47 68/49/49
f 55/63/58 7/65/22 54/81/74
f 53/80/73 52/79/72 61/87/80
f 61/87/80 52/79/72 60/86/79
f 61/87/80 60/86/79 69/88/81
f 69/88/81 60/86/79 68/49/49
f 69/88/81 68/49/49 77/51/51
f 63/61/57 55/63/58 54/81/74
f 49/44/44 57/83/76 58/46/46
f 58/46/46 57/83/76 66/89/82
f 58/46/46 66/89/82 67/48/48
f 67/48/48 66/89/82 75/90/83
f 67/48/48 75/90/83 76/50/50
f 76/50/50 75/90/83 84/91/84
f 76/50/50 84/91/84 85/52/52
f 85/52/52 84/91/84 13/54/32
f 66/89/82 57/83/76 65/84/77
f 53/80/73 61/87/80 62/82/75
f 62/82/75 61/87/80 70/92/85
f 62/82/75 70/92/85 71/59/56
f 71/59/56 70/92/85 79/57/55
f 70/92/85 61/87/80 69/88/81
f 66/89/82 65/84/77 74/93/86
f 74/93/86 65/84/77 73/78/71
f 74/93/86 73/78/71 82/76/69
f 70/92/85 69/88/81 78/94/87
f 78/94/87 69/88/81 77/51/51
f 78/94/87 77/51/51 86/53/53
f 81/77/70 72/70/63 80/72/65
f 66/89/82 74/93/86 75/90/83
f 75/90/83 74/93/86 83/75/68
f 75/90/83 83/75/68 84/91/84
f 84/91/84 83/75/68 13/54/32
f 83/75/68 74/93/86 82/76/69
f 87/55/54 79/57/55 78/94/87
f 78/94/87 79/57/55 70/92/85
f 87/55/54 78/94/87 86/53/53
f 47/74/67 81/77/70 80/72/65
f 105/95/88 88/96/89 106/97/90
f 106/97/90 88/96/89 89/98/91
f 106/97/90 89/98/91 108/99/92
f 108/99/92 89/98/91 90/100/93
f 108/99/92 90/100/93 112/101/94
f 112/101/94 90/100/93 91/102/95
f 112/101/94 91/102/95 117/103/96
f 117/103/96 91/102/95 92/104/97
f 117/103/96 92/104/97 122/105/98
f 122/105/98 92/104/97 93/106/99
f 122/105/98 93/106/99 126/107/100
f 126/107/100 93/106/99 94/108/101
f 126/107/100 94/108/101 95/109/102
f 126/107/100 95/109/102 127/110/103
f 127/110/103 95/109/102 96/111/104
f 127/110/103 96/111/104 123/112/105
f 123/112/105 96/111/104 124/113/106
f 123/112/105 124/113/106 118/114/107
f 118/114/107 124/113/106 119/115/108
f 118/114/107 119/115/108 113/116/109
f 113/116/109 119/115/108 114/117/110
f 113/116/109 114/117/110 109/118/111
f 109/118/111 114/117/110 110/119/112
f 109/118/111 110/119/112 104/120/113
f 104/120/113 110/119/112 103/121/114
f 103/121/114 110/119/112 111/122/115
f 103/121/114 111/122/115 102/123/116
f 102/123/116 111/122/115 115/124/117
f 102/123/116 115/124/117 116/125/118
f 116/125/118 115/124/117 121/126/119
f 116/125/118 121/126/119 100/127/120
f 100/127/120 121/126/119 99/128/121
f 99/128/121 121/126/119 98/129/122
f 98/129/122 121/126/119 120/130/123
f 98/129/122 120/130/123 125/131/124
f 125/131/124 120/130/123 119/115/108
f 125/131/124 119/115/108 124/113/106
f 96/111/104 97/132/125 124/113/106
f 124/113/106 97/132/125 125/131/124
f 97/132/125 98/129/122 125/131/124
f 100/127/120 101/133/126 116/125/118
f 116/125/118 101/133/126 102/123/116
f 109/118/111 104/120/113 107/134/127
f 107/134/127 104/120/113 105/95/88
f 107/134/127 105/95/88 106/97/90
f 109/118/111 107/134/127 106/97/90
f 113/116/109 109/118/111 108/99/92
f 108/99/92 109/118/111 106/97/90
f 115/124/117 111/122/115 110/119/112
f 115/124/117 110/119/112 114/117/110
f 118/114/107 113/116/109 112/101/94
f 112/101/94 113/116/109 108/99/92
f 119/115/108 120/130/123 114/117/110
f 114/117/110 120/130/123 115/124/117
f 120/130/123 121/126/119 115/124/117
f 123/112/105 118/114/107 117/103/96
f 117/103/96 118/114/107 112/101/94
f 127/110/103 123/112/105 122/105/98
f 122/105/98 123/112/105 117/103/96
f 126/107/100 127/110/103 122/105/98
f 129/135/128 135/136/129 128/137/130
f 128/137/130 135/136/129 136/138/131
f 128/137/130 136/138/131 137/139/132
f 137/139/132 136/138/131 145/140/133
f 137/139/132 145/140/133 146/141/134
f 146/141/134 145/140/133 154/142/135
f 146/141/134 154/142/135 155/143/136
f 155/143/136 154/142/135 163/144/137
f 155/143/136 163/144/137 164/145/138
f 164/145/138 163/144/137 172/146/139
f 164/145/138 172/146/139 173/147/140
f 173/147/140 172/146/139 100/148/120
f 173/147/140 100/148/120 174/149/141
f 174/149/141 100/148/120 99/150/121
f 174/149/141 99/150/121 166/151/142
f 166/151/142 99/150/121 98/152/122
f 166/151/142 98/152/122 158/153/143
f 158/153/143 98/152/122 97/154/125
f 158/153/143 97/154/125 150/155/144
f 150/155/144 97/154/125 96/156/104
f 150/155/144 96/156/104 142/157/145
f 142/157/145 96/156/104 95/158/102
f 142/157/145 95/158/102 94/159/101
f 135/136/129 129/135/128 143/160/146
f 143/160/146 129/135/128 130/161/147
f 143/160/146 130/161/147 151/162/148
f 151/162/148 130/161/147 131/163/149
f 151/162/148 131/163/149 159/164/150
f 159/164/150 131/163/149 132/165/151
f 159/164/150 132/165/151 167/166/152
f 167/166/152 132/165/151 133/167/153
f 167/166/152 133/167/153 134/168/154
f 100/148/120 170/169/155 134/168/154
f 134/168/154 170/169/155 169/170/156
f 134/168/154 169/170/156 168/171/157
f 168/171/157 169/170/156 160/172/158
f 168/171/157 160/172/158 159/164/150
f 159/164/150 160/172/158 151/162/148
f 128/137/130 139/173/159 94/159/101
f 94/159/101 139/173/159 140/174/160
f 94/159/101 140/174/160 141/175/161
f 141/175/161 140/174/160 149/176/162
f 141/175/161 149/176/162 150/155/144
f 150/155/144 149/176/162 158/153/143
f 136/138/131 135/136/129 144/177/163
f 144/177/163 135/136/129 143/160/146
f 144/177/163 143/160/146 152/178/164
f 152/178/164 143/160/146 151/162/148
f 152/178/164 151/162/148 160/172/158
f 139/173/159 128/137/130 138/179/165
f 138/179/165 128/137/130 137/139/132
f 138/179/165 137/139/132 146/141/134
f 139/173/159 138/179/165 147/180/166
f 147/180/166 138/179/165 146/141/134
f 147/180/166 146/141/134 155/143/136
f 142/157/145 94/159/101 141/175/161
f 140/174/160 139/173/159 148/181/167
f 148/181/167 139/173/159 147/180/166
f 148/181/167 147/180/166 156/182/168
f 156/182/168 147/180/166 155/143/136
f 156/182/168 155/143/136 164/145/138
f 150/155/144 142/157/145 141/175/161
f 136/138/131 144/177/163 145/140/133
f 145/140/133 144/177/163 153/183/169
f 145/140/133 153/183/169 154/142/135
f 154/142/135 153/183/169 162/184/170
f 154/142/135 162/184/170 163/144/137
f 163/144/137 162/184/170 171/185/171
f 163/144/137 171/185/171 172/146/139
f 172/146/139 171/185/171 100/148/120
f 153/183/169 144/177/163 152/178/164
f 140/174/160 148/181/167 149/176/162
f 149/176/162 148/181/167 157/186/172
f 149/176/162 157/186/172 158/153/143
f 158/153/143 157/186/172 166/151/142
f 157/186/172 148/181/167 156/182/168
f 153/183/169 152/178/164 161/187/173
f 161/187/173 152/178/164 160/172/158
f 161/187/173 160/172/158 169/170/156
f 157/186/172 156/182/168 165/188/174
f 165/188/174 156/182/168 164/145/138
f 165/188/174 164/145/138 173/147/140
f 168/171/157 159/164/150 167/166/152
f 153/183/169 161/187/173 162/184/170
f 162/184/170 161/187/173 170/169/155
f 162/184/170 170/169/155 171/185/171
f 171/185/171 170/169/155 100/148/120
f 170/169/155 161/187/173 169/170/156
f 174/149/141 166/151/142 165/188/174
f 165/188/174 166/151/142 157/186/172
f 174/149/141 165/188/174 173/147/140
f 134/168/154 168/171/157 167/166/152
f 192/189/175 175/190/176 193/191/177
f 193/191/177 175/190/176 176/192/178
f 193/191/177 176/192/178 195/193/179
f 195/193/179 176/192/178 177/194/180
f 195/193/179 177/194/180 199/195/181
f 199/195/181 177/194/180 178/196/182
f 199/195/181 178/196/182 204/197/183
f 204/197/183 178/196/182 179/198/184
f 204/197/183 179/198/184 209/199/185
f 209/199/185 179/198/184 180/200/186
f 209/199/185 180/200/186 213/201/187
f 213/201/187 180/200/186 181/202/188
f 213/201/187 181/202/188 182/203/189
f 213/201/187 182/203/189 214/204/190
f 214/204/190 182/203/189 183/205/191
f 214/204/190 183/205/191 210/206/192
f 210/206/192 183/205/191 211/207/193
f 210/206/192 211/207/193 205/208/194
f 205/208/194 211/207/193 206/209/195
f 205/208/194 206/209/195 200/210/196
f 200/210/196 206/209/195 201/211/197
f 200/210/196 201/211/197 196/212/198
f 196/212/198 201/211/197 197/213/199
f 196/212/198 197/213/199 191/214/200
f 191/214/200 197/213/199 190/215/201
f 190/215/201 197/213/199 198/216/202
f 190/215/201 198/216/202 189/217/203
f 189/217/203 198/216/202 202/218/204
f 189/217/203 202/218/204 203/219/205
f 203/219/205 202/218/204 208/220/206
f 203/219/205 208/220/206 187/221/207
f 187/221/207 208/220/206 186/222/208
f 186/222/208 208/220/206 185/223/209
f 185/223/209 208/220/206 207/224/210
f 185/223/209 207/224/210 212/225/211
f 212/225/211 207/224/210 206/209/195
f 212/225/211 206/209/195 211/207/193
f 183/205/191 184/226/212 211/207/193
f 211/207/193 184/226/212 212/225/211
f 184/226/212 185/223/209 212/225/211
f 187/221/207 188/227/213 203/219/205
f 203/219/205 188/227/213 189/217/203
f 196/212/198 191/214/200 194/228/214
f 194/228/214 191/214/200 192/189/175
f 194/228/214 192/189/175 193/191/177
f 196/212/198 194/228/214 193/191/177
f 200/210/196 196/212/198 195/193/179
f 195/193/179 196/212/198 193/191/177
f 202/218/204 198/216/202 197/213/199
f 202/218/204 197/213/199 201/211/197
f 205/208/194 200/210/196 199/195/181
f 199/195/181 200/210/196 195/193/179
f 206/209/195 207/224/210 201/211/197
f 201/211/197 207/224/210 202/218/204
f 207/224/210 208/220/206 202/218/204
f 210/206/192 205/208/194 204/197/183
f 204/197/183 205/208/194 199/195/181
f 214/204/190 210/206/192 209/199/185
f 209/199/185 210/206/192 204/197/183
f 213/201/187 214/204/190 209/199/185
f 216/229/215 222/230/216 215/231/217
f 215/231/217 222/230/216 223/232/218
f 215/231/217 223/232/218 224/233/219
f 224/233/219 223/232/218 232/234/220
f 224/233/219 232/234/220 233/235/221
f 233/235/221 232/234/220 241/236/222
f 233/235/221 241/236/222 242/237/223
f 242/237/223 241/236/222 250/238/224
f 242/237/223 250/238/224 251/239/225
f 251/239/225 250/238/224 259/240/226
f 251/239/225 259/240/226 260/241/227
f 260/241/227 259/240/226 187/242/207
f 260/241/227 187/242/207 261/243/228
f 261/243/228 187/242/207 186/244/208
f 261/243/228 186/244/208 253/245/229
f 253/245/229 186/244/208 185/246/209
f 253/245/229 185/246/209 245/247/230
f 245/247/230 185/246/209 184/248/212
f 245/247/230 184/248/212 237/249/231
f 237/249/231 184/248/212 183/250/191
f 237/249/231 183/250/191 229/251/232
f 229/251/232 183/250/191 182/252/189
f 229/251/232 182/252/189 181/253/188
f 222/230/216 216/229/215 230/254/233
f 230/254/233 216/229/215 217/255/234
f 230/254/233 217/255/234 238/256/235
f 238/256/235 217/255/234 218/257/236
f 238/256/235 218/257/236 246/258/237
f 246/258/237 218/257/236 219/259/238
f 246/258/237 219/259/238 254/260/239
f 254/260/239 219/259/238 220/261/240
f 254/260/239 220/261/240 221/262/241
f 187/242/207 257/263/242 221/262/241
f 221/262/241 257/263/242 256/264/243
f 221/262/241 256/264/243 255/265/244
f 255/265/244 256/264/243 247/266/245
f 255/265/244 247/266/245 246/258/237
f 246/258/237 247/266/245 238/256/235
f 215/231/217 226/267/246 181/253/188
f 181/253/188 226/267/246 227/268/247
f 181/253/188 227/268/247 228/269/248
f 228/269/248 227/268/247 236/270/249
f 228/269/248 236/270/249 237/249/231
f 237/249/231 236/270/249 245/247/230
f 223/232/218 222/230/216 231/271/250
f 231/271/250 222/230/216 230/254/233
f 231/271/250 230/254/233 239/272/251
f 239/272/251 230/254/233 238/256/235
f 239/272/251 238/256/235 247/266/245
f 226/267/246 215/231/217 225/273/252
f 225/273/252 215/231/217 224/233/219
f 225/273/252 224/233/219 233/235/221
f 226/267/246 225/273/252 234/274/253
f 234/274/253 225/273/252 233/235/221
f 234/274/253 233/235/221 242/237/223
f 229/251/232 181/253/188 228/269/248
f 227/268/247 226/267/246 235/275/254
f 235/275/254 226/267/246 234/274/253
f 235/275/254 234/274/253 243/276/255
f 243/276/255 234/274/253 242/237/223
f 243/276/255 242/237/223 251/239/225
f 237/249/231 229/251/232 228/269/248
f 223/232/218 231/271/250 232/234/220
f 232/234/220 231/271/250 240/277/256
f 232/234/220 240/277/256 241/236/222
f 241/236/222 240/277/256 249/278/257
f 241/236/222 249/278/257 250/238/224
f 250/238/224 249/278/257 258/279/258
f 250/238/224 258/279/258 259/240/226
f 259/240/226 258/279/258 187/242/207
f 240/277/256 231/271/250 239/272/251
f 227/268/247 235/275/254 236/270/249
f 236/270/249 235/275/254 244/280/259
f 236/270/249 244/280/259 245/247/230
f 245/247/230 244/280/259 253/245/229
f 244/280/259 235/275/254 243/276/255
f 240/277/256 239/272/251 248/281/260
f 248/281/260 239/272/251 247/266/245
f 248/281/260 247/266/245 256/264/243
f 244/280/259 243/276/255 252/282/261
f 252/282/261 243/276/255 251/239/225
f 252/282/261 251/239/225 260/241/227
f 255/265/244 246/258/237 254/260/239
f 240/277/256 248/281/260 249/278/257
f 249/278/257 248/281/260 257/263/242
f 249/278/257 257/263/242 258/279/258
f 258/279/258 257/263/242 187/242/207
f 257/263/242 248/281/260 256/264/243
f 261/243/228 253/245/229 252/282/261
f 252/282/261 253/245/229 244/280/259
f 261/243/228 252/282/261 260/241/227
f 221/262/241 255/265/244 254/260/239
f 6/283/23 262/284/262 7/285/22
f 7/285/22 262/284/262 263/286/263
f 7/285/22 263/286/263 264/287/264
f 264/287/264 263/286/263 291/288/265
f 264/287/264 291/288/265 292/289/266
f 292/289/266 291/288/265 319/290/267
f 292/289/266 319/290/267 320/291/268
f 320/291/268 319/290/267 347/292/269
f 320/291/268 347/292/269 348/293/270
f 348/293/270 347/292/269 375/294/271
f 348/293/270 375/294/271 376/295/272
f 376/295/272 375/294/271 1/296/2
f 376/295/272 1/296/2 377/297/273
f 377/297/273 1/296/2 378/298/274
f 377/297/273 378/298/274 350/299/275
f 350/299/275 378/298/274 351/300/276
f 350/299/275 351/300/276 323/301/277
f 323/301/277 351/300/276 324/302/278
f 323/301/277 324/302/278 296/303/279
f 296/303/279 324/302/278 297/304/280
f 296/303/279 297/304/280 269/305/281
f 269/305/281 297/304/280 270/306/282
f 269/305/281 270/306/282 7/285/22
f 7/285/22 270/306/282 271/307/283
f 7/285/22 271/307/283 272/308/284
f 272/308/284 271/307/283 299/309/285
f 272/308/284 299/309/285 300/310/286
f 300/310/286 299/309/285 327/311/287
f 300/310/286 327/311/287 328/312/288
f 328/312/288 327/311/287 355/313/289
f 328/312/288 355/313/289 356/314/290
f 356/314/290 355/313/289 383/315/291
f 356/314/290 383/315/291 384/316/292
f 384/316/292 383/315/291 175/317/176
f 384/316/292 175/317/176 385/318/293
f 385/318/293 175/317/176 386/319/294
f 385/318/293 386/319/294 358/320/295
f 358/320/295 386/319/294 359/321/296
f 358/320/295 359/321/296 331/322/297
f 331/322/297 359/321/296 332/323/298
f 331/322/297 332/323/298 304/324/299
f 304/324/299 332/323/298 305/325/300
f 304/324/299 305/325/300 277/326/301
f 277/326/301 305/325/300 278/327/302
f 277/326/301 278/327/302 187/328/207
f 187/328/207 278/327/302 279/329/303
f 187/328/207 279/329/303 280/330/304
f 280/330/304 279/329/303 307/331/305
f 280/330/304 307/331/305 308/332/306
f 308/332/306 307/331/305 335/333/307
f 308/332/306 335/333/307 336/334/308
f 336/334/308 335/333/307 363/335/309
f 336/334/308 363/335/309 364/336/310
f 364/336/310 363/335/309 391/337/311
f 364/336/310 391/337/311 392/338/312
f 392/338/312 391/337/311 175/317/176
f 392/338/312 175/317/176 393/339/313
f 393/339/313 175/317/176 394/340/314
f 393/339/313 394/340/314 366/341/315
f 366/341/315 394/340/314 367/342/316
f 366/341/315 367/342/316 339/343/317
f 339/343/317 367/342/316 340/344/318
f 339/343/317 340/344/318 312/345/319
f 312/345/319 340/344/318 313/346/320
f 312/345/319 313/346/320 285/347/321
f 285/347/321 313/346/320 286/348/322
f 285/347/321 286/348/322 187/328/207
f 187/328/207 286/348/322 287/349/323
f 187/328/207 287/349/323 288/350/324
f 288/350/324 287/349/323 315/351/325
f 288/350/324 315/351/325 189/352/203
f 189/352/203 315/351/325 190/353/201
f 190/353/201 315/351/325 342/354/326
f 190/353/201 342/354/326 191/355/200
f 191/355/200 342/354/326 369/356/327
f 191/355/200 369/356/327 192/357/175
f 192/357/175 369/356/327 396/358/328
f 192/357/175 396/358/328 175/317/176
f 175/317/176 396/358/328 395/359/329
f 175/317/176 395/359/329 394/340/314
f 394/340/314 395/359/329 367/342/316
f 262/284/262 6/283/23 289/360/330
f 289/360/330 6/283/23 5/361/24
f 289/360/330 5/361/24 316/362/331
f 316/362/331 5/361/24 4/363/27
f 316/362/331 4/363/27 343/364/332
f 343/364/332 4/363/27 3/365/6
f 343/364/332 3/365/6 370/366/333
f 370/366/333 3/365/6 2/367/4
f 370/366/333 2/367/4 1/296/2
f 175/317/176 383/315/291 1/296/2
f 1/296/2 383/315/291 382/368/334
f 1/296/2 382/368/334 381/369/335
f 381/369/335 382/368/334 354/370/336
f 381/369/335 354/370/336 353/371/337
f 353/371/337 354/370/336 326/372/338
f 353/371/337 326/372/338 325/373/339
f 325/373/339 326/372/338 298/374/340
f 325/373/339 298/374/340 297/304/280
f 297/304/280 298/374/340 270/306/282
f 189/352/203 188/375/213 288/350/324
f 288/350/324 188/375/213 187/328/207
f 7/285/22 275/376/341 187/328/207
f 187/328/207 275/376/341 276/377/342
f 187/328/207 276/377/342 277/326/301
f 277/326/301 276/377/342 304/324/299
f 263/286/263 262/284/262 290/378/343
f 290/378/343 262/284/262 289/360/330
f 290/378/343 289/360/330 317/379/344
f 317/379/344 289/360/330 316/362/331
f 317/379/344 316/362/331 344/380/345
f 344/380/345 316/362/331 343/364/332
f 344/380/345 343/364/332 371/381/346
f 371/381/346 343/364/332 370/366/333
f 371/381/346 370/366/333 1/296/2
f 264/287/264 265/382/347 7/285/22
f 7/285/22 265/382/347 266/383/348
f 7/285/22 266/383/348 267/384/349
f 267/384/349 266/383/348 294/385/350
f 267/384/349 294/385/350 295/386/351
f 295/386/351 294/385/350 322/387/352
f 295/386/351 322/387/352 323/301/277
f 323/301/277 322/387/352 350/299/275
f 264/287/264 292/289/266 265/382/347
f 265/382/347 292/289/266 293/388/353
f 265/382/347 293/388/353 266/383/348
f 266/383/348 293/388/353 294/385/350
f 269/305/281 7/285/22 268/389/354
f 268/389/354 7/285/22 267/384/349
f 268/389/354 267/384/349 295/386/351
f 296/303/279 269/305/281 268/389/354
f 296/303/279 268/389/354 295/386/351
f 299/309/285 271/307/283 298/374/340
f 298/374/340 271/307/283 270/306/282
f 272/308/284 273/390/355 7/285/22
f 7/285/22 273/390/355 274/391/356
f 7/285/22 274/391/356 275/376/341
f 275/376/341 274/391/356 302/392/357
f 275/376/341 302/392/357 303/393/358
f 303/393/358 302/392/357 330/394/359
f 303/393/358 330/394/359 331/322/297
f 331/322/297 330/394/359 358/320/295
f 272/308/284 300/310/286 273/390/355
f 273/390/355 300/310/286 301/395/360
f 273/390/355 301/395/360 274/391/356
f 274/391/356 301/395/360 302/392/357
f 304/324/299 276/377/342 303/393/358
f 303/393/358 276/377/342 275/376/341
f 279/329/303 278/327/302 306/396/361
f 306/396/361 278/327/302 305/325/300
f 306/396/361 305/325/300 333/397/362
f 333/397/362 305/325/300 332/323/298
f 333/397/362 332/323/298 360/398/363
f 360/398/363 332/323/298 359/321/296
f 360/398/363 359/321/296 387/399/364
f 387/399/364 359/321/296 386/319/294
f 387/399/364 386/319/294 175/317/176
f 280/330/304 281/400/365 187/328/207
f 187/328/207 281/400/365 282/401/366
f 187/328/207 282/401/366 283/402/367
f 283/402/367 282/401/366 310/403/368
f 283/402/367 310/403/368 311/404/369
f 311/404/369 310/403/368 338/405/370
f 311/404/369 338/405/370 339/343/317
f 339/343/317 338/405/370 366/341/315
f 280/330/304 308/332/306 281/400/365
f 281/400/365 308/332/306 309/406/371
f 281/400/365 309/406/371 282/401/366
f 282/401/366 309/406/371 310/403/368
f 285/347/321 187/328/207 284/407/372
f 284/407/372 187/328/207 283/402/367
f 284/407/372 283/402/367 311/404/369
f 312/345/319 285/347/321 284/407/372
f 312/345/319 284/407/372 311/404/369
f 287/349/323 286/348/322 314/408/373
f 314/408/373 286/348/322 313/346/320
f 314/408/373 313/346/320 341/409/374
f 341/409/374 313/346/320 340/344/318
f 341/409/374 340/344/318 368/410/375
f 368/410/375 340/344/318 367/342/316
f 368/410/375 367/342/316 395/359/329
f 263/286/263 290/378/343 291/288/265
f 291/288/265 290/378/343 318/411/376
f 291/288/265 318/411/376 319/290/267
f 319/290/267 318/411/376 346/412/377
f 319/290/267 346/412/377 347/292/269
f 347/292/269 346/412/377 374/413/378
f 347/292/269 374/413/378 375/294/271
f 375/294/271 374/413/378 1/296/2
f 318/411/376 290/378/343 317/379/344
f 292/289/266 320/291/268 293/388/353
f 293/388/353 320/291/268 321/414/379
f 293/388/353 321/414/379 294/385/350
f 294/385/350 321/414/379 322/387/352
f 323/301/277 296/303/279 295/386/351
f 325/373/339 297/304/280 324/302/278
f 327/311/287 299/309/285 326/372/338
f 326/372/338 299/309/285 298/374/340
f 300/310/286 328/312/288 301/395/360
f 301/395/360 328/312/288 329/415/380
f 301/395/360 329/415/380 302/392/357
f 302/392/357 329/415/380 330/394/359
f 331/322/297 304/324/299 303/393/358
f 279/329/303 306/396/361 307/331/305
f 307/331/305 306/396/361 334/416/381
f 307/331/305 334/416/381 335/333/307
f 335/333/307 334/416/381 362/417/382
f 335/333/307 362/417/382 363/335/309
f 363/335/309 362/417/382 390/418/383
f 363/335/309 390/418/383 391/337/311
f 391/337/311 390/418/383 175/317/176
f 334/416/381 306/396/361 333/397/362
f 308/332/306 336/334/308 309/406/371
f 309/406/371 336/334/308 337/419/384
f 309/406/371 337/419/384 310/403/368
f 310/403/368 337/419/384 338/405/370
f 339/343/317 312/345/319 311/404/369
f 342/354/326 315/351/325 314/408/373
f 314/408/373 315/351/325 287/349/323
f 342/354/326 314/408/373 341/409/374
f 318/411/376 317/379/344 345/420/385
f 345/420/385 317/379/344 344/380/345
f 345/420/385 344/380/345 372/421/386
f 372/421/386 344/380/345 371/381/346
f 372/421/386 371/381/346 1/296/2
f 320/291/268 348/293/270 321/414/379
f 321/414/379 348/293/270 349/422/387
f 321/414/379 349/422/387 322/387/352
f 322/387/352 349/422/387 350/299/275
f 325/373/339 324/302/278 352/423/388
f 352/423/388 324/302/278 351/300/276
f 352/423/388 351/300/276 379/424/389
f 379/424/389 351/300/276 378/298/274
f 379/424/389 378/298/274 1/296/2
f 355/313/289 327/311/287 354/370/336
f 354/370/336 327/311/287 326/372/338
f 328/312/288 356/314/290 329/415/380
f 329/415/380 356/314/290 357/425/390
f 329/415/380 357/425/390 330/394/359
f 330/394/359 357/425/390 358/320/295
f 334/416/381 333/397/362 361/426/391
f 361/426/391 333/397/362 360/398/363
f 361/426/391 360/398/363 388/427/392
f 388/427/392 360/398/363 387/399/364
f 388/427/392 387/399/364 175/317/176
f 336/334/308 364/336/310 337/419/384
f 337/419/384 364/336/310 365/428/393
f 337/419/384 365/428/393 338/405/370
f 338/405/370 365/428/393 366/341/315
f 369/356/327 342/354/326 341/409/374
f 369/356/327 341/409/374 368/410/375
f 318/411/376 345/420/385 346/412/377
f 346/412/377 345/420/385 373/429/394
f 346/412/377 373/429/394 374/413/378
f 374/413/378 373/429/394 1/296/2
f 373/429/394 345/420/385 372/421/386
f 377/297/273 350/299/275 349/422/387
f 377/297/273 349/422/387 376/295/272
f 376/295/272 349/422/387 348/293/270
f 325/373/339 352/423/388 353/371/337
f 353/371/337 352/423/388 380/430/395
f 353/371/337 380/430/395 381/369/335
f 381/369/335 380/430/395 1/296/2
f 380/430/395 352/423/388 379/424/389
f 383/315/291 355/313/289 382/368/334
f 382/368/334 355/313/289 354/370/336
f 385/318/293 358/320/295 357/425/390
f 385/318/293 357/425/390 384/316/292
f 384/316/292 357/425/390 356/314/290
f 334/416/381 361/426/391 362/417/382
f 362/417/382 361/426/391 389/431/396
f 362/417/382 389/431/396 390/418/383
f 390/418/383 389/431/396 175/317/176
f 389/431/396 361/426/391 388/427/392
f 393/339/313 366/341/315 365/428/393
f 393/339/313 365/428/393 392/338/312
f 392/338/312 365/428/393 364/336/310
f 396/358/328 369/356/327 368/410/375
f 396/358/328 368/410/375 395/359/329
f 1/296/2 373/429/394 372/421/386
f 1/296/2 380/430/395 379/424/389
f 175/317/176 389/431/396 388/427/392
f 414/432/397 397/433/398 417/434/399
f 417/434/399 397/433/398 398/435/400
f 417/434/399 398/435/400 416/436/401
f 416/436/401 398/435/400 399/437/402
f 416/436/401 399/437/402 420/438/403
f 420/438/403 399/437/402 419/439/404
f 420/438/403 419/439/404 425/440/405
f 425/440/405 419/439/404 424/441/406
f 425/440/405 424/441/406 430/442/407
f 430/442/407 424/441/406 429/443/408
f 430/442/407 429/443/408 434/444/409
f 434/444/409 429/443/408 433/445/410
f 434/444/409 433/445/410 407/446/411
f 407/446/411 433/445/410 406/447/412
f 406/447/412 433/445/410 432/448/413
f 406/447/412 432/448/413 405/449/414
f 405/449/414 432/448/413 428/450/415
f 405/449/414 428/450/415 427/451/416
f 427/451/416 428/450/415 422/452/417
f 427/451/416 422/452/417 403/453/418
f 403/453/418 422/452/417 402/454/419
f 402/454/419 422/452/417 401/455/420
f 401/455/420 422/452/417 423/456/421
f 401/455/420 423/456/421 418/457/422
f 418/457/422 423/456/421 424/441/406
f 418/457/422 424/441/406 419/439/404
f 399/437/402 400/458/423 419/439/404
f 419/439/404 400/458/423 418/457/422
f 400/458/423 401/455/420 418/457/422
f 403/453/418 404/459/424 427/451/416
f 427/451/416 404/459/424 405/449/414
f 434/444/409 407/446/411 436/460/425
f 436/460/425 407/446/411 408/461/426
f 436/460/425 408/461/426 415/462/427
f 415/462/427 408/461/426 409/463/428
f 415/462/427 409/463/428 410/464/429
f 415/462/427 410/464/429 435/465/430
f 435/465/430 410/464/429 411/466/431
f 435/465/430 411/466/431 431/467/432
f 431/467/432 411/466/431 412/468/433
f 431/467/432 412/468/433 426/469/434
f 426/469/434 412/468/433 413/470/435
f 426/469/434 413/470/435 421/471/436
f 421/471/436 413/470/435 414/432/397
f 421/471/436 414/432/397 417/434/399
f 421/471/436 417/434/399 416/436/401
f 426/469/434 421/471/436 420/438/403
f 420/438/403 421/471/436 416/436/401
f 426/469/434 420/438/403 425/440/405
f 429/443/408 424/441/406 423/456/421
f 429/443/408 423/456/421 428/450/415
f 428/450/415 423/456/421 422/452/417
f 431/467/432 426/469/434 425/440/405
f 431/467/432 425/440/405 430/442/407
f 433/445/410 429/443/408 428/450/415
f 432/448/413 433/445/410 428/450/415
f 435/465/430 431/467/432 430/442/407
f 435/465/430 430/442/407 434/444/409
f 415/462/427 435/465/430 434/444/409
f 436/460/425 415/462/427 434/444/409
f 438/472/437 444/473/438 437/474/439
f 437/474/439 444/473/438 445/475/440
f 437/474/439 445/475/440 446/476/441
f 446/476/441 445/475/440 454/477/442
f 446/476/441 454/477/442 455/478/443
f 455/478/443 454/477/442 463/479/444
f 455/478/443 463/479/444 464/480/445
f 464/480/445 463/479/444 472/481/446
f 464/480/445 472/481/446 473/482/447
f 473/482/447 472/481/446 481/483/448
f 473/482/447 481/483/448 482/484/449
f 482/484/449 481/483/448 409/485/428
f 482/484/449 409/485/428 483/486/450
f 483/486/450 409/485/428 408/487/426
f 483/486/450 408/487/426 475/488/451
f 475/488/451 408/487/426 407/489/411
f 475/488/451 407/489/411 467/490/452
f 467/490/452 407/489/411 406/491/412
f 467/490/452 406/491/412 459/492/453
f 459/492/453 406/491/412 405/493/414
f 459/492/453 405/493/414 451/494/454
f 451/494/454 405/493/414 404/495/424
f 451/494/454 404/495/424 403/496/418
f 444/473/438 438/472/437 452/497/455
f 452/497/455 438/472/437 439/498/456
f 452/497/455 439/498/456 460/499/457
f 460/499/457 439/498/456 440/500/458
f 460/499/457 440/500/458 468/501/459
f 468/501/459 440/500/458 441/502/460
f 468/501/459 441/502/460 476/503/461
f 476/503/461 441/502/460 442/504/462
f 476/503/461 442/504/462 443/505/463
f 409/485/428 479/506/464 443/505/463
f 443/505/463 479/506/464 478/507/465
f 443/505/463 478/507/465 477/508/466
f 477/508/466 478/507/465 469/509/467
f 477/508/466 469/509/467 468/501/459
f 468/501/459 469/509/467 460/499/457
f 437/474/439 448/510/468 403/496/418
f 403/496/418 448/510/468 449/511/469
f 403/496/418 449/511/469 450/512/470
f 450/512/470 449/511/469 458/513/471
f 450/512/470 458/513/471 459/492/453
f 459/492/453 458/513/471 467/490/452
f 445/475/440 444/473/438 453/514/472
f 453/514/472 444/473/438 452/497/455
f 453/514/472 452/497/455 461/515/473
f 461/515/473 452/497/455 460/499/457
f 461/515/473 460/499/457 469/509/467
f 448/510/468 437/474/439 447/516/474
f 447/516/474 437/474/439 446/476/441
f 447/516/474 446/476/441 455/478/443
f 448/510/468 447/516/474 456/517/475
f 456/517/475 447/516/474 455/478/443
f 456/517/475 455/478/443 464/480/445
f 451/494/454 403/496/418 450/512/470
f 449/511/469 448/510/468 457/518/476
f 457/518/476 448/510/468 456/517/475
f 457/518/476 456/517/475 465/519/477
f 465/519/477 456/517/475 464/480/445
f 465/519/477 464/480/445 473/482/447
f 459/492/453 451/494/454 450/512/470
f 445/475/440 453/514/472 454/477/442
f 454/477/442 453/514/472 462/520/478
f 454/477/442 462/520/478 463/479/444
f 463/479/444 462/520/478 471/521/479
f 463/479/444 471/521/479 472/481/446
f 472/481/446 471/521/479 480/522/480
f 472/481/446 480/522/480 481/483/448
f 481/483/448 480/522/480 409/485/428
f 462/520/478 453/514/472 461/515/473
f 449/511/469 457/518/476 458/513/471
f 458/513/471 457/518/476 466/523/481
f 458/513/471 466/523/481 467/490/452
f 467/490/452 466/523/481 475/488/451
f 466/523/481 457/518/476 465/519/477
f 462/520/478 461/515/473 470/524/482
f 470/524/482 461/515/473 469/509/467
f 470/524/482 469/509/467 478/507/465
f 466/523/481 465/519/477 474/525/483
f 474/525/483 465/519/477 473/482/447
f 474/525/483 473/482/447 482/484/449
f 477/508/466 468/501/459 476/503/461
f 462/520/478 470/524/482 471/521/479
f 471/521/479 470/524/482 479/506/464
f 471/521/479 479/506/464 480/522/480
f 480/522/480 479/506/464 409/485/428
f 479/506/464 470/524/482 478/507/465
f 483/486/450 475/488/451 474/525/483
f 474/525/483 475/488/451 466/523/481
f 483/486/450 474/525/483 482/484/449
f 443/505/463 477/508/466 476/503/461
f 180/526/186 484/527/484 181/528/188
f 181/528/188 484/527/484 485/529/485
f 181/528/188 485/529/485 486/530/486
f 486/530/486 485/529/485 499/531/487
f 486/530/486 499/531/487 500/532/488
f 500/532/488 499/531/487 513/533/489
f 500/532/488 513/533/489 514/534/490
f 514/534/490 513/533/489 527/535/491
f 514/534/490 527/535/491 528/536/492
f 528/536/492 527/535/491 541/537/493
f 528/536/492 541/537/493 542/538/494
f 542/538/494 541/537/493 175/539/176
f 542/538/494 175/539/176 397/540/398
f 484/527/484 180/526/186 497/541/495
f 497/541/495 180/526/186 179/542/184
f 497/541/495 179/542/184 510/543/496
f 510/543/496 179/542/184 178/544/182
f 510/543/496 178/544/182 523/545/497
f 523/545/497 178/544/182 177/546/180
f 523/545/497 177/546/180 536/547/498
f 536/547/498 177/546/180 176/548/178
f 536/547/498 176/548/178 175/539/176
f 414/549/397 548/550/499 397/540/398
f 397/540/398 548/550/499 547/551/500
f 397/540/398 547/551/500 546/552/501
f 546/552/501 547/551/500 533/553/502
f 546/552/501 533/553/502 532/554/503
f 532/554/503 533/553/502 519/555/504
f 532/554/503 519/555/504 518/556/505
f 518/556/505 519/555/504 505/557/506
f 518/556/505 505/557/506 504/558/507
f 504/558/507 505/557/506 491/559/508
f 504/558/507 491/559/508 490/560/509
f 490/560/509 491/559/508 409/561/428
f 490/560/509 409/561/428 181/528/188
f 548/550/499 414/549/397 535/562/510
f 535/562/510 414/549/397 413/563/435
f 535/562/510 413/563/435 522/564/511
f 522/564/511 413/563/435 412/565/433
f 522/564/511 412/565/433 509/566/512
f 509/566/512 412/565/433 411/567/431
f 509/566/512 411/567/431 496/568/513
f 496/568/513 411/567/431 410/569/429
f 496/568/513 410/569/429 409/561/428
f 485/529/485 484/527/484 498/570/514
f 498/570/514 484/527/484 497/541/495
f 498/570/514 497/541/495 511/571/515
f 511/571/515 497/541/495 510/543/496
f 511/571/515 510/543/496 524/572/516
f 524/572/516 510/543/496 523/545/497
f 524/572/516 523/545/497 537/573/517
f 537/573/517 523/545/497 536/547/498
f 537/573/517 536/547/498 175/539/176
f 486/530/486 487/574/518 181/528/188
f 181/528/188 487/574/518 488/575/519
f 181/528/188 488/575/519 489/576/520
f 489/576/520 488/575/519 502/577/521
f 489/576/520 502/577/521 503/578/522
f 503/578/522 502/577/521 516/579/523
f 503/578/522 516/579/523 517/580/524
f 517/580/524 516/579/523 530/581/525
f 517/580/524 530/581/525 531/582/526
f 531/582/526 530/581/525 544/583/527
f 531/582/526 544/583/527 545/584/528
f 545/584/528 544/583/527 397/540/398
f 545/584/528 397/540/398 546/552/501
f 486/530/486 500/532/488 487/574/518
f 487/574/518 500/532/488 501/585/529
f 487/574/518 501/585/529 488/575/519
f 488/575/519 501/585/529 502/577/521
f 490/560/509 181/528/188 489/576/520
f 504/558/507 490/560/509 503/578/522
f 503/578/522 490/560/509 489/576/520
f 491/559/508 492/586/530 409/561/428
f 409/561/428 492/586/530 493/587/531
f 409/561/428 493/587/531 494/588/532
f 494/588/532 493/587/531 507/589/533
f 494/588/532 507/589/533 508/590/534
f 508/590/534 507/589/533 521/591/535
f 508/590/534 521/591/535 522/564/511
f 522/564/511 521/591/535 535/562/510
f 491/559/508 505/557/506 492/586/530
f 492/586/530 505/557/506 506/592/536
f 492/586/530 506/592/536 493/587/531
f 493/587/531 506/592/536 507/589/533
f 496/568/513 409/561/428 495/593/537
f 495/593/537 409/561/428 494/588/532
f 495/593/537 494/588/532 508/590/534
f 509/566/512 496/568/513 495/593/537
f 509/566/512 495/593/537 508/590/534
f 485/529/485 498/570/514 499/531/487
f 499/531/487 498/570/514 512/594/538
f 499/531/487 512/594/538 513/533/489
f 513/533/489 512/594/538 526/595/539
f 513/533/489 526/595/539 527/535/491
f 527/535/491 526/595/539 540/596/540
f 527/535/491 540/596/540 541/537/493
f 541/537/493 540/596/540 175/539/176
f 512/594/538 498/570/514 511/571/515
f 500/532/488 514/534/490 501/585/529
f 501/585/529 514/534/490 515/597/541
f 501/585/529 515/597/541 502/577/521
f 502/577/521 515/597/541 516/579/523
f 518/556/505 504/558/507 517/580/524
f 517/580/524 504/558/507 503/578/522
f 505/557/506 519/555/504 506/592/536
f 506/592/536 519/555/504 520/598/542
f 506/592/536 520/598/542 507/589/533
f 507/589/533 520/598/542 521/591/535
f 522/564/511 509/566/512 508/590/534
f 512/594/538 511/571/515 525/599/543
f 525/599/543 511/571/515 524/572/516
f 525/599/543 524/572/516 538/600/544
f 538/600/544 524/572/516 537/573/517
f 538/600/544 537/573/517 175/539/176
f 514/534/490 528/536/492 515/597/541
f 515/597/541 528/536/492 529/601/545
f 515/597/541 529/601/545 516/579/523
f 516/579/523 529/601/545 530/581/525
f 532/554/503 518/556/505 531/582/526
f 531/582/526 518/556/505 517/580/524
f 519/555/504 533/553/502 520/598/542
f 520/598/542 533/553/502 534/602/546
f 520/598/542 534/602/546 521/591/535
f 521/591/535 534/602/546 535/562/510
f 512/594/538 525/599/543 526/595/539
f 526/595/539 525/599/543 539/603/547
f 526/595/539 539/603/547 540/596/540
f 540/596/540 539/603/547 175/539/176
f 539/603/547 525/599/543 538/600/544
f 528/536/492 542/538/494 529/601/545
f 529/601/545 542/538/494 543/604/548
f 529/601/545 543/604/548 530/581/525
f 530/581/525 543/604/548 544/583/527
f 546/552/501 532/554/503 545/584/528
f 545/584/528 532/554/503 531/582/526
f 548/550/499 535/562/510 534/602/546
f 548/550/499 534/602/546 547/551/500
f 547/551/500 534/602/546 533/553/502
f 175/539/176 539/603/547 538/600/544
f 397/540/398 544/583/527 543/604/548
f 543/604/548 542/538/494 397/540/398
f 402/605/419 549/606/549 403/607/418
f 403/607/418 549/606/549 550/608/550
f 403/607/418 550/608/550 551/609/551
f 551/609/551 550/608/550 578/610/552
f 551/609/551 578/610/552 579/611/553
f 579/611/553 578/610/552 606/612/554
f 579/611/553 606/612/554 607/613/555
f 607/613/555 606/612/554 634/614/556
f 607/613/555 634/614/556 635/615/557
f 635/615/557 634/614/556 662/616/558
f 635/615/557 662/616/558 663/617/559
f 663/617/559 662/616/558 397/618/398
f 663/617/559 397/618/398 664/619/560
f 664/619/560 397/618/398 665/620/561
f 664/619/560 665/620/561 637/621/562
f 637/621/562 665/620/561 638/622/563
f 637/621/562 638/622/563 610/623/564
f 610/623/564 638/622/563 611/624/565
f 610/623/564 611/624/565 583/625/566
f 583/625/566 611/624/565 584/626/567
f 583/625/566 584/626/567 556/627/568
f 556/627/568 584/626/567 557/628/569
f 556/627/568 557/628/569 403/607/418
f 403/607/418 557/628/569 558/629/570
f 403/607/418 558/629/570 559/630/571
f 559/630/571 558/629/570 586/631/572
f 559/630/571 586/631/572 587/632/573
f 587/632/573 586/631/572 614/633/574
f 587/632/573 614/633/574 615/634/575
f 615/634/575 614/633/574 642/635/576
f 615/634/575 642/635/576 643/636/577
f 643/636/577 642/635/576 670/637/578
f 643/636/577 670/637/578 671/638/579
f 671/638/579 670/637/578 88/639/89
f 671/638/579 88/639/89 672/640/580
f 672/640/580 88/639/89 673/641/581
f 672/640/580 673/641/581 645/642/582
f 645/642/582 673/641/581 646/643/583
f 645/642/582 646/643/583 618/644/584
f 618/644/584 646/643/583 619/645/585
f 618/644/584 619/645/585 591/646/586
f 591/646/586 619/645/585 592/647/587
f 591/646/586 592/647/587 564/648/588
f 564/648/588 592/647/587 565/649/589
f 564/648/588 565/649/589 100/650/120
f 100/650/120 565/649/589 566/651/590
f 100/650/120 566/651/590 567/652/591
f 567/652/591 566/651/590 594/653/592
f 567/652/591 594/653/592 595/654/593
f 595/654/593 594/653/592 622/655/594
f 595/654/593 622/655/594 623/656/595
f 623/656/595 622/655/594 650/657/596
f 623/656/595 650/657/596 651/658/597
f 651/658/597 650/657/596 678/659/598
f 651/658/597 678/659/598 679/660/599
f 679/660/599 678/659/598 88/639/89
f 679/660/599 88/639/89 680/661/600
f 680/661/600 88/639/89 681/662/601
f 680/661/600 681/662/601 653/663/602
f 653/663/602 681/662/601 654/664/603
f 653/663/602 654/664/603 626/665/604
f 626/665/604 654/664/603 627/666/605
f 626/665/604 627/666/605 599/667/606
f 599/667/606 627/666/605 600/668/607
f 599/667/606 600/668/607 572/669/608
f 572/669/608 600/668/607 573/670/609
f 572/669/608 573/670/609 100/650/120
f 100/650/120 573/670/609 574/671/610
f 100/650/120 574/671/610 575/672/611
f 575/672/611 574/671/610 602/673/612
f 575/672/611 602/673/612 102/674/116
f 102/674/116 602/673/612 103/675/114
f 103/675/114 602/673/612 629/676/613
f 103/675/114 629/676/613 104/677/113
f 104/677/113 629/676/613 656/678/614
f 104/677/113 656/678/614 105/679/88
f 105/679/88 656/678/614 683/680/615
f 105/679/88 683/680/615 88/639/89
f 88/639/89 683/680/615 682/681/616
f 88/639/89 682/681/616 681/662/601
f 681/662/601 682/681/616 654/664/603
f 549/606/549 402/605/419 576/682/617
f 576/682/617 402/605/419 401/683/420
f 576/682/617 401/683/420 603/684/618
f 603/684/618 401/683/420 400/685/423
f 603/684/618 400/685/423 630/686/619
f 630/686/619 400/685/423 399/687/402
f 630/686/619 399/687/402 657/688/620
f 657/688/620 399/687/402 398/689/400
f 657/688/620 398/689/400 397/618/398
f 88/639/89 670/637/578 397/618/398
f 397/618/398 670/637/578 669/690/621
f 397/618/398 669/690/621 668/691/622
f 668/691/622 669/690/621 641/692/623
f 668/691/622 641/692/623 640/693/624
f 640/693/624 641/692/623 613/694/625
f 640/693/624 613/694/625 612/695/626
f 612/695/626 613/694/625 585/696/627
f 612/695/626 585/696/627 584/626/567
f 584/626/567 585/696/627 557/628/569
f 102/674/116 101/697/126 575/672/611
f 575/672/611 101/697/126 100/650/120
f 403/607/418 562/698/628 100/650/120
f 100/650/120 562/698/628 563/699/629
f 100/650/120 563/699/629 564/648/588
f 564/648/588 563/699/629 591/646/586
f 550/608/550 549/606/549 577/700/630
f 577/700/630 549/606/549 576/682/617
f 577/700/630 576/682/617 604/701/631
f 604/701/631 576/682/617 603/684/618
f 604/701/631 603/684/618 631/702/632
f 631/702/632 603/684/618 630/686/619
f 631/702/632 630/686/619 658/703/633
f 658/703/633 630/686/619 657/688/620
f 658/703/633 657/688/620 397/618/398
f 551/609/551 552/704/634 403/607/418
f 403/607/418 552/704/634 553/705/635
f 403/607/418 553/705/635 554/706/636
f 554/706/636 553/705/635 581/707/637
f 554/706/636 581/707/637 582/708/638
f 582/708/638 581/707/637 609/709/639
f 582/708/638 609/709/639 610/623/564
f 610/623/564 609/709/639 637/621/562
f 551/609/551 579/611/553 552/704/634
f 552/704/634 579/611/553 580/710/640
f 552/704/634 580/710/640 553/705/635
f 553/705/635 580/710/640 581/707/637
f 556/627/568 403/607/418 555/711/641
f 555/711/641 403/607/418 554/706/636
f 555/711/641 554/706/636 582/708/638
f 583/625/566 556/627/568 555/711/641
f 583/625/566 555/711/641 582/708/638
f 586/631/572 558/629/570 585/696/627
f 585/696/627 558/629/570 557/628/569
f 559/630/571 560/712/642 403/607/418
f 403/607/418 560/712/642 561/713/643
f 403/607/418 561/713/643 562/698/628
f 562/698/628 561/713/643 589/714/644
f 562/698/628 589/714/644 590/715/645
f 590/715/645 589/714/644 617/716/646
f 590/715/645 617/716/646 618/644/584
f 618/644/584 617/716/646 645/642/582
f 559/630/571 587/632/573 560/712/642
f 560/712/642 587/632/573 588/717/647
f 560/712/642 588/717/647 561/713/643
f 561/713/643 588/717/647 589/714/644
f 591/646/586 563/699/629 590/715/645
f 590/715/645 563/699/629 562/698/628
f 566/651/590 565/649/589 593/718/648
f 593/718/648 565/649/589 592/647/587
f 593/718/648 592/647/587 620/719/649
f 620/719/649 592/647/587 619/645/585
f 620/719/649 619/645/585 647/720/650
f 647/720/650 619/645/585 646/643/583
f 647/720/650 646/643/583 674/721/651
f 674/721/651 646/643/583 673/641/581
f 674/721/651 673/641/581 88/639/89
f 567/652/591 568/722/652 100/650/120
f 100/650/120 568/722/652 569/723/653
f 100/650/120 569/723/653 570/724/654
f 570/724/654 569/723/653 597/725/655
f 570/724/654 597/725/655 598/726/656
f 598/726/656 597/725/655 625/727/657
f 598/726/656 625/727/657 626/665/604
f 626/665/604 625/727/657 653/663/602
f 567/652/591 595/654/593 568/722/652
f 568/722/652 595/654/593 596/728/658
f 568/722/652 596/728/658 569/723/653
f 569/723/653 596/728/658 597/725/655
f 572/669/608 100/650/120 571/729/659
f 571/729/659 100/650/120 570/724/654
f 571/729/659 570/724/654 598/726/656
f 599/667/606 572/669/608 571/729/659
f 599/667/606 571/729/659 598/726/656
f 574/671/610 573/670/609 601/730/660
f 601/730/660 573/670/609 600/668/607
f 601/730/660 600/668/607 628/731/661
f 628/731/661 600/668/607 627/666/605
f 628/731/661 627/666/605 655/732/662
f 655/732/662 627/666/605 654/664/603
f 655/732/662 654/664/603 682/681/616
f 550/608/550 577/700/630 578/610/552
f 578/610/552 577/700/630 605/733/663
f 578/610/552 605/733/663 606/612/554
f 606/612/554 605/733/663 633/734/664
f 606/612/554 633/734/664 634/614/556
f 634/614/556 633/734/664 661/735/665
f 634/614/556 661/735/665 662/616/558
f 662/616/558 661/735/665 397/618/398
f 605/733/663 577/700/630 604/701/631
f 579/611/553 607/613/555 580/710/640
f 580/710/640 607/613/555 608/736/666
f 580/710/640 608/736/666 581/707/637
f 581/707/637 608/736/666 609/709/639
f 610/623/564 583/625/566 582/708/638
f 612/695/626 584/626/567 611/624/565
f 614/633/574 586/631/572 613/694/625
f 613/694/625 586/631/572 585/696/627
f 587/632/573 615/634/575 588/717/647
f 588/717/647 615/634/575 616/737/667
f 588/717/647 616/737/667 589/714/644
f 589/714/644 616/737/667 617/716/646
f 618/644/584 591/646/586 590/715/645
f 566/651/590 593/718/648 594/653/592
f 594/653/592 593/718/648 621/738/668
f 594/653/592 621/738/668 622/655/594
f 622/655/594 621/738/668 649/739/669
f 622/655/594 649/739/669 650/657/596
f 650/657/596 649/739/669 677/740/670
f 650/657/596 677/740/670 678/659/598
f 678/659/598 677/740/670 88/639/89
f 621/738/668 593/718/648 620/719/649
f 595/654/593 623/656/595 596/728/658
f 596/728/658 623/656/595 624/741/671
f 596/728/658 624/741/671 597/725/655
f 597/725/655 624/741/671 625/727/657
f 626/665/604 599/667/606 598/726/656
f 629/676/613 602/673/612 601/730/660
f 601/730/660 602/673/612 574/671/610
f 629/676/613 601/730/660 628/731/661
f 605/733/663 604/701/631 632/742/672
f 632/742/672 604/701/631 631/702/632
f 632/742/672 631/702/632 659/743/673
f 659/743/673 631/702/632 658/703/633
f 659/743/673 658/703/633 397/618/398
f 607/613/555 635/615/557 608/736/666
f 608/736/666 635/615/557 636/744/674
f 608/736/666 636/744/674 609/709/639
f 609/709/639 636/744/674 637/621/562
f 612/695/626 611/624/565 639/745/675
f 639/745/675 611/624/565 638/622/563
f 639/745/675 638/622/563 666/746/676
f 666/746/676 638/622/563 665/620/561
f 666/746/676 665/620/561 397/618/398
f 642/635/576 614/633/574 641/692/623
f 641/692/623 614/633/574 613/694/625
f 615/634/575 643/636/577 616/737/667
f 616/737/667 643/636/577 644/747/677
f 616/737/667 644/747/677 617/716/646
f 617/716/646 644/747/677 645/642/582
f 621/738/668 620/719/649 648/748/678
f 648/748/678 620/719/649 647/720/650
f 648/748/678 647/720/650 675/749/679
f 675/749/679 647/720/650 674/721/651
f 675/749/679 674/721/651 88/639/89
f 623/656/595 651/658/597 624/741/671
f 624/741/671 651/658/597 652/750/680
f 624/741/671 652/750/680 625/727/657
f 625/727/657 652/750/680 653/663/602
f 656/678/614 629/676/613 628/731/661
f 656/678/614 628/731/661 655/732/662
f 605/733/663 632/742/672 633/734/664
f 633/734/664 632/742/672 660/751/681
f 633/734/664 660/751/681 661/735/665
f 661/735/665 660/751/681 397/618/398
f 660/751/681 632/742/672 659/743/673
f 664/619/560 637/621/562 636/744/674
f 664/619/560 636/744/674 663/617/559
f 663/617/559 636/744/674 635/615/557
f 612/695/626 639/745/675 640/693/624
f 640/693/624 639/745/675 667/752/682
f 640/693/624 667/752/682 668/691/622
f 668/691/622 667/752/682 397/618/398
f 667/752/682 639/745/675 666/746/676
f 670/637/578 642/635/576 669/690/621
f 669/690/621 642/635/576 641/692/623
f 672/640/580 645/642/582 644/747/677
f 672/640/580 644/747/677 671/638/579
f 671/638/579 644/747/677 643/636/577
f 621/738/668 648/748/678 649/739/669
f 649/739/669 648/748/678 676/753/683
f 649/739/669 676/753/683 677/740/670
f 677/740/670 676/753/683 88/639/89
f 676/753/683 648/748/678 675/749/679
f 680/661/600 653/663/602 652/750/680
f 680/661/600 652/750/680 679/660/599
f 679/660/599 652/750/680 651/658/597
f 683/680/615 656/678/614 655/732/662
f 683/680/615 655/732/662 682/681/616
f 397/618/398 660/751/681 659/743/673
f 397/618/398 667/752/682 666/746/676
f 88/639/89 676/753/683 675/749/679
f 93/754/99 684/755/684 94/756/101
f 94/756/101 684/755/684 685/757/685
f 94/756/101 685/757/685 686/758/686
f 686/758/686 685/757/685 699/759/687
f 686/758/686 699/759/687 700/760/688
f 700/760/688 699/759/687 713/761/689
f 700/760/688 713/761/689 714/762/690
f 714/762/690 713/761/689 727/763/691
f 714/762/690 727/763/691 728/764/692
f 728/764/692 727/763/691 741/765/693
f 728/764/692 741/765/693 742/766/694
f 742/766/694 741/765/693 88/767/89
f 742/766/694 88/767/89 1/768/2
f 684/755/684 93/754/99 697/769/695
f 697/769/695 93/754/99 92/770/97
f 697/769/695 92/770/97 710/771/696
f 710/771/696 92/770/97 91/772/95
f 710/771/696 91/772/95 723/773/697
f 723/773/697 91/772/95 90/774/93
f 723/773/697 90/774/93 736/775/698
f 736/775/698 90/774/93 89/776/91
f 736/775/698 89/776/91 88/767/89
f 18/777/1 748/778/699 1/768/2
f 1/768/2 748/778/699 747/779/700
f 1/768/2 747/779/700 746/780/701
f 746/780/701 747/779/700 733/781/702
f 746/780/701 733/781/702 732/782/703
f 732/782/703 733/781/702 719/783/704
f 732/782/703 719/783/704 718/784/705
f 718/784/705 719/783/704 705/785/706
f 718/784/705 705/785/706 704/786/707
f 704/786/707 705/785/706 691/787/708
f 704/786/707 691/787/708 690/788/709
f 690/788/709 691/787/708 13/789/32
f 690/788/709 13/789/32 94/756/101
f 748/778/699 18/777/1 735/790/710
f 735/790/710 18/777/1 17/791/39
f 735/790/710 17/791/39 722/792/711
f 722/792/711 17/791/39 16/793/37
f 722/792/711 16/793/37 709/794/712
f 709/794/712 16/793/37 15/795/35
f 709/794/712 15/795/35 696/796/713
f 696/796/713 15/795/35 14/797/33
f 696/796/713 14/797/33 13/789/32
f 685/757/685 684/755/684 698/798/714
f 698/798/714 684/755/684 697/769/695
f 698/798/714 697/769/695 711/799/715
f 711/799/715 697/769/695 710/771/696
f 711/799/715 710/771/696 724/800/716
f 724/800/716 710/771/696 723/773/697
f 724/800/716 723/773/697 737/801/717
f 737/801/717 723/773/697 736/775/698
f 737/801/717 736/775/698 88/767/89
f 686/758/686 687/802/718 94/756/101
f 94/756/101 687/802/718 688/803/719
f 94/756/101 688/803/719 689/804/720
f 689/804/720 688/803/719 702/805/721
f 689/804/720 702/805/721 703/806/722
f 703/806/722 702/805/721 716/807/723
f 703/806/722 716/807/723 717/808/724
f 717/808/724 716/807/723 730/809/725
f 717/808/724 730/809/725 731/810/726
f 731/810/726 730/809/725 744/811/727
f 731/810/726 744/811/727 745/812/728
f 745/812/728 744/811/727 1/768/2
f 745/812/728 1/768/2 746/780/701
f 686/758/686 700/760/688 687/802/718
f 687/802/718 700/760/688 701/813/729
f 687/802/718 701/813/729 688/803/719
f 688/803/719 701/813/729 702/805/721
f 690/788/709 94/756/101 689/804/720
f 704/786/707 690/788/709 703/806/722
f 703/806/722 690/788/709 689/804/720
f 691/787/708 692/814/730 13/789/32
f 13/789/32 692/814/730 693/815/731
f 13/789/32 693/815/731 694/816/732
f 694/816/732 693/815/731 707/817/733
f 694/816/732 707/817/733 708/818/734
f 708/818/734 707/817/733 721/819/735
f 708/818/734 721/819/735 722/792/711
f 722/792/711 721/819/735 735/790/710
f 691/787/708 705/785/706 692/814/730
f 692/814/730 705/785/706 706/820/736
f 692/814/730 706/820/736 693/815/731
f 693/815/731 706/820/736 707/817/733
f 696/796/713 13/789/32 695/821/737
f 695/821/737 13/789/32 694/816/732
f 695/821/737 694/816/732 708/818/734
f 709/794/712 696/796/713 695/821/737
f 709/794/712 695/821/737 708/818/734
f 685/757/685 698/798/714 699/759/687
f 699/759/687 698/798/714 712/822/738
f 699/759/687 712/822/738 713/761/689
f 713/761/689 712/822/738 726/823/739
f 713/761/689 726/823/739 727/763/691
f 727/763/691 726/823/739 740/824/740
f 727/763/691 740/824/740 741/765/693
f 741/765/693 740/824/740 88/767/89
f 712/822/738 698/798/714 711/799/715
f 700/760/688 714/762/690 701/813/729
f 701/813/729 714/762/690 715/825/741
f 701/813/729 715/825/741 702/805/721
f 702/805/721 715/825/741 716/807/723
f 718/784/705 704/786/707 717/808/724
f 717/808/724 704/786/707 703/806/722
f 705/785/706 719/783/704 706/820/736
f 706/820/736 719/783/704 720/826/742
f 706/820/736 720/826/742 707/817/733
f 707/817/733 720/826/742 721/819/735
f 722/792/711 709/794/712 708/818/734
f 712/822/738 711/799/715 725/827/743
f 725/827/743 711/799/715 724/800/716
f 725/827/743 724/800/716 738/828/744
f 738/828/744 724/800/716 737/801/717
f 738/828/744 737/801/717 88/767/89
f 714/762/690 728/764/692 715/825/741
f 715/825/741 728/764/692 729/829/745
f 715/825/741 729/829/745 716/807/723
f 716/807/723 729/829/745 730/809/725
f 732/782/703 718/784/705 731/810/726
f 731/810/726 718/784/705 717/808/724
f 719/783/704 733/781/702 720/826/742
f 720/826/742 733/781/702 734/830/746
f 720/826/742 734/830/746 721/819/735
f 721/819/735 734/830/746 735/790/710
f 712/822/738 725/827/743 726/823/739
f 726/823/739 725/827/743 739/831/747
f 726/823/739 739/831/747 740/824/740
f 740/824/740 739/831/747 88/767/89
f 739/831/747 725/827/743 738/828/744
f 728/764/692 742/766/694 729/829/745
f 729/829/745 742/766/694 743/832/748
f 729/829/745 743/832/748 730/809/725
f 730/809/725 743/832/748 744/811/727
f 746/780/701 732/782/703 745/812/728
f 745/812/728 732/782/703 731/810/726
f 748/778/699 735/790/710 734/830/746
f 748/778/699 734/830/746 747/779/700
f 747/779/700 734/830/746 733/781/702
f 88/767/89 739/831/747 738/828/744
f 1/768/2 744/811/727 743/832/748
f 743/832/748 742/766/694 1/768/2
f 7/833/22 187/834/207 41/835/43
f 41/835/43 187/834/207 221/836/241
f 181/837/188 409/838/428 215/839/217
f 215/839/217 409/838/428 443/840/463
f 750/841/749 134/842/750 749/843/751
f 749/843/751 134/842/750 128/844/752
f 749/843/751 128/844/752 47/845/753
f 751/846/754 215/847/755 750/841/749
f 750/841/749 215/847/755 443/848/756
f 750/841/749 443/848/756 437/849/757
f 437/849/757 443/848/756 442/850/758
f 437/849/757 442/850/758 441/851/759
f 215/847/755 751/846/754 221/852/760
f 221/852/760 751/846/754 752/853/761
f 221/852/760 752/853/761 41/854/762
f 41/854/762 752/853/761 47/845/753
f 41/854/762 47/845/753 46/855/763
f 752/853/761 749/843/751 47/845/753
f 46/855/763 45/856/764 41/854/762
f 41/854/762 45/856/764 44/857/765
f 41/854/762 44/857/765 43/858/766
f 43/858/766 42/859/767 41/854/762
f 220/860/768 219/861/769 221/852/760
f 221/852/760 219/861/769 218/862/770
f 221/852/760 218/862/770 217/863/771
f 217/863/771 216/864/772 221/852/760
f 221/852/760 216/864/772 215/847/755
f 441/851/759 440/865/773 437/849/757
f 437/849/757 440/865/773 439/866/774
f 437/849/757 439/866/774 438/867/775
f 437/849/757 134/842/750 750/841/749
f 133/868/776 132/869/777 134/842/750
f 134/842/750 132/869/777 131/870/778
f 134/842/750 131/870/778 130/871/779
f 130/871/779 129/872/780 134/842/750
f 134/842/750 129/872/780 128/844/752
f 776/873/781 753/874/782 1/875/2
f 1/875/2 753/874/782 754/876/783
f 1/875/2 754/876/783 755/877/784
f 755/877/784 756/878/785 1/875/2
f 1/875/2 756/878/785 757/879/786
f 1/875/2 757/879/786 758/880/787
f 758/880/787 759/881/788 1/875/2
f 1/875/2 759/881/788 760/882/789
f 1/875/2 760/882/789 782/883/790
f 782/883/790 760/882/789 781/884/791
f 781/884/791 760/882/789 761/885/792
f 781/884/791 761/885/792 780/886/793
f 780/886/793 761/885/792 762/887/794
f 780/886/793 762/887/794 779/888/795
f 779/888/795 762/887/794 763/889/796
f 779/888/795 763/889/796 778/890/797
f 778/890/797 763/889/796 764/891/798
f 778/890/797 764/891/798 777/892/799
f 777/892/799 764/891/798 765/893/800
f 777/892/799 765/893/800 800/894/801
f 800/894/801 765/893/800 766/895/802
f 800/894/801 766/895/802 799/896/803
f 799/896/803 766/895/802 767/897/804
f 799/896/803 767/897/804 798/898/805
f 798/898/805 767/897/804 768/899/806
f 798/898/805 768/899/806 797/900/807
f 797/900/807 768/899/806 769/901/808
f 797/900/807 769/901/808 877/902/809
f 877/902/809 769/901/808 857/903/810
f 877/902/809 857/903/810 876/904/811
f 876/904/811 857/903/810 858/905/812
f 876/904/811 858/905/812 875/906/813
f 875/906/813 858/905/812 859/907/814
f 875/906/813 859/907/814 874/908/815
f 874/908/815 859/907/814 860/909/816
f 874/908/815 860/909/816 873/910/817
f 873/910/817 860/909/816 861/911/818
f 873/910/817 861/911/818 896/912/819
f 896/912/819 861/911/818 862/913/820
f 896/912/819 862/913/820 895/914/821
f 895/914/821 862/913/820 863/915/822
f 895/914/821 863/915/822 894/916/823
f 894/916/823 863/915/822 864/917/824
f 894/916/823 864/917/824 893/918/825
f 893/918/825 864/917/824 865/919/826
f 893/918/825 865/919/826 892/920/827
f 892/920/827 865/919/826 866/921/828
f 892/920/827 866/921/828 88/922/89
f 88/922/89 866/921/828 867/923/829
f 88/922/89 867/923/829 868/924/830
f 769/901/808 770/925/831 857/903/810
f 857/903/810 770/925/831 856/926/832
f 856/926/832 770/925/831 855/927/833
f 855/927/833 770/925/831 771/928/834
f 855/927/833 771/928/834 772/929/835
f 855/927/833 772/929/835 854/930/836
f 854/930/836 772/929/835 773/931/837
f 854/930/836 773/931/837 853/932/838
f 853/932/838 773/931/837 774/933/839
f 853/932/838 774/933/839 852/934/840
f 852/934/840 774/933/839 775/935/841
f 852/934/840 775/935/841 851/936/842
f 851/936/842 775/935/841 776/873/781
f 851/936/842 776/873/781 850/937/843
f 850/937/843 776/873/781 1/875/2
f 850/937/843 1/875/2 88/922/89
f 782/883/790 783/938/844 1/875/2
f 1/875/2 783/938/844 807/939/845
f 1/875/2 807/939/845 175/940/176
f 175/940/176 807/939/845 808/941/846
f 175/940/176 808/941/846 830/942/847
f 830/942/847 808/941/846 829/943/848
f 829/943/848 808/941/846 809/944/849
f 829/943/848 809/944/849 828/945/850
f 828/945/850 809/944/849 810/946/851
f 828/945/850 810/946/851 827/947/852
f 827/947/852 810/946/851 811/948/853
f 827/947/852 811/948/853 826/949/854
f 826/949/854 811/948/853 812/950/855
f 826/949/854 812/950/855 825/951/856
f 825/951/856 812/950/855 813/952/857
f 825/951/856 813/952/857 848/953/858
f 848/953/858 813/952/857 814/954/859
f 848/953/858 814/954/859 847/955/860
f 847/955/860 814/954/859 815/956/861
f 847/955/860 815/956/861 846/957/862
f 846/957/862 815/956/861 816/958/863
f 846/957/862 816/958/863 845/959/864
f 845/959/864 816/958/863 817/960/865
f 845/959/864 817/960/865 925/961/866
f 925/961/866 817/960/865 905/962/867
f 925/961/866 905/962/867 924/963/868
f 924/963/868 905/962/867 906/964/869
f 924/963/868 906/964/869 923/965/870
f 923/965/870 906/964/869 907/966/871
f 923/965/870 907/966/871 922/967/872
f 922/967/872 907/966/871 908/968/873
f 922/967/872 908/968/873 921/969/874
f 921/969/874 908/968/873 909/970/875
f 921/969/874 909/970/875 944/971/876
f 944/971/876 909/970/875 910/972/877
f 944/971/876 910/972/877 943/973/878
f 943/973/878 910/972/877 911/974/879
f 943/973/878 911/974/879 942/975/880
f 942/975/880 911/974/879 912/976/881
f 942/975/880 912/976/881 941/977/882
f 941/977/882 912/976/881 913/978/883
f 941/977/882 913/978/883 940/979/884
f 940/979/884 913/978/883 914/980/885
f 940/979/884 914/980/885 397/981/398
f 397/981/398 914/980/885 915/982/886
f 397/981/398 915/982/886 891/983/887
f 891/983/887 915/982/886 890/984/888
f 890/984/888 915/982/886 916/985/889
f 890/984/888 916/985/889 889/986/890
f 889/986/890 916/985/889 917/987/891
f 889/986/890 917/987/891 888/988/892
f 888/988/892 917/987/891 918/989/893
f 888/988/892 918/989/893 887/990/894
f 887/990/894 918/989/893 919/991/895
f 887/990/894 919/991/895 886/992/896
f 886/992/896 919/991/895 920/993/897
f 886/992/896 920/993/897 885/994/898
f 885/994/898 920/993/897 897/995/899
f 885/994/898 897/995/899 884/996/900
f 884/996/900 897/995/899 898/997/901
f 884/996/900 898/997/901 883/998/902
f 883/998/902 898/997/901 899/999/903
f 883/998/902 899/999/903 882/1000/904
f 882/1000/904 899/999/903 900/1001/905
f 882/1000/904 900/1001/905 881/1002/906
f 881/1002/906 900/1001/905 901/1003/907
f 881/1002/906 901/1003/907 793/1004/908
f 793/1004/908 901/1003/907 821/1005/909
f 793/1004/908 821/1005/909 792/1006/910
f 792/1006/910 821/1005/909 822/1007/911
f 792/1006/910 822/1007/911 791/1008/912
f 791/1008/912 822/1007/911 823/1009/913
f 791/1008/912 823/1009/913 790/1010/914
f 790/1010/914 823/1009/913 824/1011/915
f 790/1010/914 824/1011/915 789/1012/916
f 789/1012/916 824/1011/915 801/1013/917
f 789/1012/916 801/1013/917 788/1014/918
f 788/1014/918 801/1013/917 802/1015/919
f 788/1014/918 802/1015/919 787/1016/920
f 787/1016/920 802/1015/919 803/1017/921
f 787/1016/920 803/1017/921 786/1018/922
f 786/1018/922 803/1017/921 804/1019/923
f 786/1018/922 804/1019/923 785/1020/924
f 785/1020/924 804/1019/923 805/1021/925
f 785/1020/924 805/1021/925 784/1022/926
f 784/1022/926 805/1021/925 806/1023/927
f 784/1022/926 806/1023/927 783/938/844
f 783/938/844 806/1023/927 807/939/845
f 793/1004/908 794/1024/928 881/1002/906
f 881/1002/906 794/1024/928 880/1025/929
f 880/1025/929 794/1024/928 879/1026/930
f 879/1026/930 794/1024/928 795/1027/931
f 879/1026/930 795/1027/931 796/1028/932
f 879/1026/930 796/1028/932 878/1029/933
f 878/1029/933 796/1028/932 797/900/807
f 878/1029/933 797/900/807 877/902/809
f 817/960/865 818/1030/934 905/962/867
f 905/962/867 818/1030/934 904/1031/935
f 904/1031/935 818/1030/934 903/1032/936
f 903/1032/936 818/1030/934 819/1033/937
f 903/1032/936 819/1033/937 820/1034/938
f 903/1032/936 820/1034/938 902/1035/939
f 902/1035/939 820/1034/938 821/1005/909
f 902/1035/939 821/1005/909 901/1003/907
f 830/942/847 831/1036/940 175/940/176
f 175/940/176 831/1036/940 832/1037/941
f 175/940/176 832/1037/941 833/1038/942
f 833/1038/942 834/1039/943 175/940/176
f 175/940/176 834/1039/943 835/1040/944
f 175/940/176 835/1040/944 836/1041/945
f 836/1041/945 837/1042/946 175/940/176
f 175/940/176 837/1042/946 838/1043/947
f 175/940/176 838/1043/947 932/1044/948
f 932/1044/948 838/1043/947 931/1045/949
f 931/1045/949 838/1043/947 839/1046/950
f 931/1045/949 839/1046/950 930/1047/951
f 930/1047/951 839/1046/950 840/1048/952
f 930/1047/951 840/1048/952 929/1049/953
f 929/1049/953 840/1048/952 841/1050/954
f 929/1049/953 841/1050/954 928/1051/955
f 928/1051/955 841/1050/954 842/1052/956
f 928/1051/955 842/1052/956 927/1053/957
f 927/1053/957 842/1052/956 843/1054/958
f 927/1053/957 843/1054/958 844/1055/959
f 927/1053/957 844/1055/959 926/1056/960
f 926/1056/960 844/1055/959 845/959/864
f 926/1056/960 845/959/864 925/961/866
f 872/1057/961 849/1058/962 88/922/89
f 88/922/89 849/1058/962 850/937/843
f 868/924/830 869/1059/963 88/922/89
f 88/922/89 869/1059/963 870/1060/964
f 88/922/89 870/1060/964 871/1061/965
f 871/1061/965 872/1057/961 88/922/89
f 397/981/398 891/983/887 88/922/89
f 88/922/89 891/983/887 892/920/827
f 175/940/176 932/1044/948 397/981/398
f 397/981/398 932/1044/948 933/1062/966
f 397/981/398 933/1062/966 934/1063/967
f 934/1063/967 935/1064/968 397/981/398
f 397/981/398 935/1064/968 936/1065/969
f 397/981/398 936/1065/969 937/1066/970
f 937/1066/970 938/1067/971 397/981/398
f 397/981/398 938/1067/971 939/1068/972
f 397/981/398 939/1068/972 940/979/884
f 946/1069/973 998/1070/974 945/1071/975
f 945/1071/975 998/1070/974 1007/1072/976
f 945/1071/975 1007/1072/976 968/1073/977
f 968/1073/977 1007/1072/976 1108/1074/978
f 968/1073/977 1108/1074/978 967/1075/979
f 967/1075/979 1108/1074/978 1103/1076/980
f 967/1075/979 1103/1076/980 966/1077/981
f 966/1077/981 1103/1076/980 1098/1078/982
f 966/1077/981 1098/1078/982 965/1079/983
f 965/1079/983 1098/1078/982 1093/1080/984
f 965/1079/983 1093/1080/984 964/1081/985
f 964/1081/985 1093/1080/984 1088/1082/986
f 964/1081/985 1088/1082/986 963/1083/987
f 963/1083/987 1088/1082/986 1083/1084/988
f 963/1083/987 1083/1084/988 962/1085/989
f 962/1085/989 1083/1084/988 1078/1086/990
f 962/1085/989 1078/1086/990 961/1087/991
f 961/1087/991 1078/1086/990 1073/1088/992
f 961/1087/991 1073/1088/992 960/1089/993
f 960/1089/993 1073/1088/992 1068/1090/994
f 960/1089/993 1068/1090/994 959/1091/995
f 959/1091/995 1068/1090/994 1063/1092/996
f 959/1091/995 1063/1092/996 958/1093/997
f 958/1093/997 1063/1092/996 1058/1094/998
f 958/1093/997 1058/1094/998 957/1095/999
f 957/1095/999 1058/1094/998 993/1096/1000
f 957/1097/999 993/1098/1000 956/1099/1001
f 956/1099/1001 993/1098/1000 1053/1100/1002
f 956/1099/1001 1053/1100/1002 955/1101/1003
f 955/1101/1003 1053/1100/1002 1048/1102/1004
f 955/1101/1003 1048/1102/1004 954/1103/1005
f 954/1103/1005 1048/1102/1004 1043/1104/1006
f 954/1103/1005 1043/1104/1006 953/1105/1007
f 953/1105/1007 1043/1104/1006 1038/1106/1008
f 953/1105/1007 1038/1106/1008 952/1107/1009
f 952/1107/1009 1038/1106/1008 1033/1108/1010
f 952/1107/1009 1033/1108/1010 951/1109/1011
f 951/1109/1011 1033/1108/1010 1028/1110/1012
f 951/1109/1011 1028/1110/1012 950/1111/1013
f 950/1111/1013 1028/1110/1012 1023/1112/1014
f 950/1111/1013 1023/1112/1014 949/1113/1015
f 949/1113/1015 1023/1112/1014 1018/1114/1016
f 949/1113/1015 1018/1114/1016 948/1115/1017
f 948/1115/1017 1018/1114/1016 1013/1116/1018
f 948/1115/1017 1013/1116/1018 947/1117/1019
f 947/1117/1019 1013/1116/1018 1008/1118/1020
f 947/1117/1019 1008/1118/1020 946/1069/973
f 946/1069/973 1008/1118/1020 998/1070/974
f 970/1119/1021 1112/1120/1022 969/1121/1023
f 969/1121/1023 1112/1120/1022 1003/1122/1024
f 969/1121/1023 1003/1122/1024 992/1123/1025
f 992/1123/1025 1003/1122/1024 1002/1124/1026
f 992/1123/1025 1002/1124/1026 991/1125/1027
f 991/1125/1027 1002/1124/1026 1012/1126/1028
f 991/1125/1027 1012/1126/1028 990/1127/1029
f 990/1127/1029 1012/1126/1028 1017/1128/1030
f 990/1127/1029 1017/1128/1030 989/1129/1031
f 989/1129/1031 1017/1128/1030 1022/1130/1032
f 989/1129/1031 1022/1130/1032 988/1131/1033
f 988/1131/1033 1022/1130/1032 1027/1132/1034
f 988/1131/1033 1027/1132/1034 987/1133/1035
f 987/1133/1035 1027/1132/1034 1032/1134/1036
f 987/1133/1035 1032/1134/1036 986/1135/1037
f 986/1135/1037 1032/1134/1036 1037/1136/1038
f 986/1135/1037 1037/1136/1038 985/1137/1039
f 985/1137/1039 1037/1136/1038 1042/1138/1040
f 985/1137/1039 1042/1138/1040 984/1139/1041
f 984/1139/1041 1042/1138/1040 1047/1140/1042
f 984/1139/1041 1047/1140/1042 983/1141/1043
f 983/1141/1043 1047/1140/1042 1052/1142/1044
f 983/1141/1043 1052/1142/1044 982/1143/1045
f 982/1143/1045 1052/1142/1044 1057/1144/1046
f 982/1143/1045 1057/1144/1046 981/1145/1047
f 981/1145/1047 1057/1144/1046 997/1146/1048
f 981/1147/1047 997/1148/1048 980/1149/1049
f 980/1149/1049 997/1148/1048 1062/1150/1050
f 980/1149/1049 1062/1150/1050 979/1151/1051
f 979/1151/1051 1062/1150/1050 1067/1152/1052
f 979/1151/1051 1067/1152/1052 978/1153/1053
f 978/1153/1053 1067/1152/1052 1072/1154/1054
f 978/1153/1053 1072/1154/1054 977/1155/1055
f 977/1155/1055 1072/1154/1054 1077/1156/1056
f 977/1155/1055 1077/1156/1056 976/1157/1057
f 976/1157/1057 1077/1156/1056 1082/1158/1058
f 976/1157/1057 1082/1158/1058 975/1159/1059
f 975/1159/1059 1082/1158/1058 1087/1160/1060
f 975/1159/1059 1087/1160/1060 974/1161/1061
f 974/1161/1061 1087/1160/1060 1092/1162/1062
f 974/1161/1061 1092/1162/1062 973/1163/1063
f 973/1163/1063 1092/1162/1062 1097/1164/1064
f 973/1163/1063 1097/1164/1064 972/1165/1065
f 972/1165/1065 1097/1164/1064 1102/1166/1066
f 972/1165/1065 1102/1166/1066 971/1167/1067
f 971/1167/1067 1102/1166/1066 1107/1168/1068
f 971/1167/1067 1107/1168/1068 970/1119/1021
f 970/1119/1021 1107/1168/1068 1112/1120/1022
f 993/1098/1000 994/1169/1069 1053/1100/1002
f 1053/1100/1002 994/1169/1069 1054/1170/1070
f 1053/1100/1002 1054/1170/1070 1048/1102/1004
f 1048/1102/1004 1054/1170/1070 1049/1171/1071
f 1048/1102/1004 1049/1171/1071 1043/1104/1006
f 1043/1104/1006 1049/1171/1071 1044/1172/1072
f 1043/1104/1006 1044/1172/1072 1038/1106/1008
f 1038/1106/1008 1044/1172/1072 1039/1173/1073
f 1038/1106/1008 1039/1173/1073 1033/1108/1010
f 1033/1108/1010 1039/1173/1073 1034/1174/1074
f 1033/1108/1010 1034/1174/1074 1028/1110/1012
f 1028/1110/1012 1034/1174/1074 1029/1175/1075
f 1028/1110/1012 1029/1175/1075 1023/1112/1014
f 1023/1112/1014 1029/1175/1075 1024/1176/1076
f 1023/1112/1014 1024/1176/1076 1018/1114/1016
f 1018/1114/1016 1024/1176/1076 1019/1177/1077
f 1018/1114/1016 1019/1177/1077 1013/1116/1018
f 1013/1116/1018 1019/1177/1077 1014/1178/1078
f 1013/1116/1018 1014/1178/1078 1008/1118/1020
f 1008/1118/1020 1014/1178/1078 1009/1179/1079
f 1008/1118/1020 1009/1179/1079 998/1070/974
f 998/1070/974 1009/1179/1079 999/1180/1080
f 998/1070/974 999/1180/1080 1007/1072/976
f 1007/1072/976 999/1180/1080 1006/1181/1081
f 1007/1072/976 1006/1181/1081 1108/1074/978
f 1108/1074/978 1006/1181/1081 1109/1182/1082
f 1108/1074/978 1109/1182/1082 1103/1076/980
f 1103/1076/980 1109/1182/1082 1104/1183/1083
f 1103/1076/980 1104/1183/1083 1098/1078/982
f 1098/1078/982 1104/1183/1083 1099/1184/1084
f 1098/1078/982 1099/1184/1084 1093/1080/984
f 1093/1080/984 1099/1184/1084 1094/1185/1085
f 1093/1080/984 1094/1185/1085 1088/1082/986
f 1088/1082/986 1094/1185/1085 1089/1186/1086
f 1088/1082/986 1089/1186/1086 1083/1084/988
f 1083/1084/988 1089/1186/1086 1084/1187/1087
f 1083/1084/988 1084/1187/1087 1078/1086/990
f 1078/1086/990 1084/1187/1087 1079/1188/1088
f 1078/1086/990 1079/1188/1088 1073/1088/992
f 1073/1088/992 1079/1188/1088 1074/1189/1089
f 1073/1088/992 1074/1189/1089 1068/1090/994
f 1068/1090/994 1074/1189/1089 1069/1190/1090
f 1068/1090/994 1069/1190/1090 1063/1092/996
f 1063/1092/996 1069/1190/1090 1064/1191/1091
f 1063/1092/996 1064/1191/1091 1058/1094/998
f 1058/1094/998 1064/1191/1091 1059/1192/1092
f 1058/1094/998 1059/1192/1092 993/1096/1000
f 993/1096/1000 1059/1192/1092 994/1193/1069
f 994/1169/1069 995/1194/1093 1054/1170/1070
f 1054/1170/1070 995/1194/1093 1055/1195/1094
f 1054/1170/1070 1055/1195/1094 1049/1171/1071
f 1049/1171/1071 1055/1195/1094 1050/1196/1095
f 1049/1171/1071 1050/1196/1095 1044/1172/1072
f 1044/1172/1072 1050/1196/1095 1045/1197/1096
f 1044/1172/1072 1045/1197/1096 1039/1173/1073
f 1039/1173/1073 1045/1197/1096 1040/1198/1097
f 1039/1173/1073 1040/1198/1097 1034/1174/1074
f 1034/1174/1074 1040/1198/1097 1035/1199/1098
f 1034/1174/1074 1035/1199/1098 1029/1175/1075
f 1029/1175/1075 1035/1199/1098 1030/1200/1099
f 1029/1175/1075 1030/1200/1099 1024/1176/1076
f 1024/1176/1076 1030/1200/1099 1025/1201/1100
f 1024/1176/1076 1025/1201/1100 1019/1177/1077
f 1019/1177/1077 1025/1201/1100 1020/1202/1101
f 1019/1177/1077 1020/1202/1101 1014/1178/1078
f 1014/1178/1078 1020/1202/1101 1015/1203/1102
f 1014/1178/1078 1015/1203/1102 1009/1179/1079
f 1009/1179/1079 1015/1203/1102 1010/1204/1103
f 1009/1179/1079 1010/1204/1103 999/1180/1080
f 999/1180/1080 1010/1204/1103 1000/1205/1104
f 999/1180/1080 1000/1205/1104 1006/1181/1081
f 1006/1181/1081 1000/1205/1104 1005/1206/1105
f 1006/1181/1081 1005/1206/1105 1109/1182/1082
f 1109/1182/1082 1005/1206/1105 1110/1207/1106
f 1109/1182/1082 1110/1207/1106 1104/1183/1083
f 1104/1183/1083 1110/1207/1106 1105/1208/1107
f 1104/1183/1083 1105/1208/1107 1099/1184/1084
f 1099/1184/1084 1105/1208/1107 1100/1209/1108
f 1099/1184/1084 1100/1209/1108 1094/1185/1085
f 1094/1185/1085 1100/1209/1108 1095/1210/1109
f 1094/1185/1085 1095/1210/1109 1089/1186/1086
f 1089/1186/1086 1095/1210/1109 1090/1211/1110
f 1089/1186/1086 1090/1211/1110 1084/1187/1087
f 1084/1187/1087 1090/1211/1110 1085/1212/1111
f 1084/1187/1087 1085/1212/1111 1079/1188/1088
f 1079/1188/1088 1085/1212/1111 1080/1213/1112
f 1079/1188/1088 1080/1213/1112 1074/1189/1089
f 1074/1189/1089 1080/1213/1112 1075/1214/1113
f 1074/1189/1089 1075/1214/1113 1069/1190/1090
f 1069/1190/1090 1075/1214/1113 1070/1215/1114
f 1069/1190/1090 1070/1215/1114 1064/1191/1091
f 1064/1191/1091 1070/1215/1114 1065/1216/1115
f 1064/1191/1091 1065/1216/1115 1059/1192/1092
f 1059/1192/1092 1065/1216/1115 1060/1217/1116
f 1059/1192/1092 1060/1217/1116 994/1193/1069
f 994/1193/1069 1060/1217/1116 995/1218/1093
f 995/1194/1093 996/1219/1117 1055/1195/1094
f 1055/1195/1094 996/1219/1117 1056/1220/1118
f 1055/1195/1094 1056/1220/1118 1050/1196/1095
f 1050/1196/1095 1056/1220/1118 1051/1221/1119
f 1050/1196/1095 1051/1221/1119 1045/1197/1096
f 1045/1197/1096 1051/1221/1119 1046/1222/1120
f 1045/1197/1096 1046/1222/1120 1040/1198/1097
f 1040/1198/1097 1046/1222/1120 1041/1223/1121
f 1040/1198/1097 1041/1223/1121 1035/1199/1098
f 1035/1199/1098 1041/1223/1121 1036/1224/1122
f 1035/1199/1098 1036/1224/1122 1030/1200/1099
f 1030/1200/1099 1036/1224/1122 1031/1225/1123
f 1030/1200/1099 1031/1225/1123 1025/1201/1100
f 1025/1201/1100 1031/1225/1123 1026/1226/1124
f 1025/1201/1100 1026/1226/1124 1020/1202/1101
f 1020/1202/1101 1026/1226/1124 1021/1227/1125
f 1020/1202/1101 1021/1227/1125 1015/1203/1102
f 1015/1203/1102 1021/1227/1125 1016/1228/1126
f 1015/1203/1102 1016/1228/1126 1010/1204/1103
f 1010/1204/1103 1016/1228/1126 1011/1229/1127
f 1010/1204/1103 1011/1229/1127 1000/1205/1104
f 1000/1205/1104 1011/1229/1127 1001/1230/1128
f 1000/1205/1104 1001/1230/1128 1005/1206/1105
f 1005/1206/1105 1001/1230/1128 1004/1231/1129
f 1005/1206/1105 1004/1231/1129 1110/1207/1106
f 1110/1207/1106 1004/1231/1129 1111/1232/1130
f 1110/1207/1106 1111/1232/1130 1105/1208/1107
f 1105/1208/1107 1111/1232/1130 1106/1233/1131
f 1105/1208/1107 1106/1233/1131 1100/1209/1108
f 1100/1209/1108 1106/1233/1131 1101/1234/1132
f 1100/1209/1108 1101/1234/1132 1095/1210/1109
f 1095/1210/1109 1101/1234/1132 1096/1235/1133
f 1095/1210/1109 1096/1235/1133 1090/1211/1110
f 1090/1211/1110 1096/1235/1133 1091/1236/1134
f 1090/1211/1110 1091/1236/1134 1085/1212/1111
f 1085/1212/1111 1091/1236/1134 1086/1237/1135
f 1085/1212/1111 1086/1237/1135 1080/1213/1112
f 1080/1213/1112 1086/1237/1135 1081/1238/1136
f 1080/1213/1112 1081/1238/1136 1075/1214/1113
f 1075/1214/1113 1081/1238/1136 1076/1239/1137
f 1075/1214/1113 1076/1239/1137 1070/1215/1114
f 1070/1215/1114 1076/1239/1137 1071/1240/1138
f 1070/1215/1114 1071/1240/1138 1065/1216/1115
f 1065/1216/1115 1071/1240/1138 1066/1241/1139
f 1065/1216/1115 1066/1241/1139 1060/1217/1116
f 1060/1217/1116 1066/1241/1139 1061/1242/1140
f 1060/1217/1116 1061/1242/1140 995/1218/1093
f 995/1218/1093 1061/1242/1140 996/1243/1117
f 996/1219/1117 997/1146/1048 1056/1220/1118
f 1056/1220/1118 997/1146/1048 1057/1144/1046
f 1056/1220/1118 1057/1144/1046 1051/1221/1119
f 1051/1221/1119 1057/1144/1046 1052/1142/1044
f 1051/1221/1119 1052/1142/1044 1046/1222/1120
f 1046/1222/1120 1052/1142/1044 1047/1140/1042
f 1046/1222/1120 1047/1140/1042 1041/1223/1121
f 1041/1223/1121 1047/1140/1042 1042/1138/1040
f 1041/1223/1121 1042/1138/1040 1036/1224/1122
f 1036/1224/1122 1042/1138/1040 1037/1136/1038
f 1036/1224/1122 1037/1136/1038 1031/1225/1123
f 1031/1225/1123 1037/1136/1038 1032/1134/1036
f 1031/1225/1123 1032/1134/1036 1026/1226/1124
f 1026/1226/1124 1032/1134/1036 1027/1132/1034
f 1026/1226/1124 1027/1132/1034 1021/1227/1125
f 1021/1227/1125 1027/1132/1034 1022/1130/1032
f 1021/1227/1125 1022/1130/1032 1016/1228/1126
f 1016/1228/1126 1022/1130/1032 1017/1128/1030
f 1016/1228/1126 1017/1128/1030 1011/1229/1127
f 1011/1229/1127 1017/1128/1030 1012/1126/1028
f 1011/1229/1127 1012/1126/1028 1001/1230/1128
f 1001/1230/1128 1012/1126/1028 1002/1124/1026
f 1001/1230/1128 1002/1124/1026 1004/1231/1129
f 1004/1231/1129 1002/1124/1026 1003/1122/1024
f 1004/1231/1129 1003/1122/1024 1111/1232/1130
f 1111/1232/1130 1003/1122/1024 1112/1120/1022
f 1111/1232/1130 1112/1120/1022 1106/1233/1131
f 1106/1233/1131 1112/1120/1022 1107/1168/1068
f 1106/1233/1131 1107/1168/1068 1101/1234/1132
f 1101/1234/1132 1107/1168/1068 1102/1166/1066
f 1101/1234/1132 1102/1166/1066 1096/1235/1133
f 1096/1235/1133 1102/1166/1066 1097/1164/1064
f 1096/1235/1133 1097/1164/1064 1091/1236/1134
f 1091/1236/1134 1097/1164/1064 1092/1162/1062
f 1091/1236/1134 1092/1162/1062 1086/1237/1135
f 1086/1237/1135 1092/1162/1062 1087/1160/1060
f 1086/1237/1135 1087/1160/1060 1081/1238/1136
f 1081/1238/1136 1087/1160/1060 1082/1158/1058
f 1081/1238/1136 1082/1158/1058 1076/1239/1137
f 1076/1239/1137 1082/1158/1058 1077/1156/1056
f 1076/1239/1137 1077/1156/1056 1071/1240/1138
f 1071/1240/1138 1077/1156/1056 1072/1154/1054
f 1071/1240/1138 1072/1154/1054 1066/1241/1139
f 1066/1241/1139 1072/1154/1054 1067/1152/1052
f 1066/1241/1139 1067/1152/1052 1061/1242/1140
f 1061/1242/1140 1067/1152/1052 1062/1150/1050
f 1061/1242/1140 1062/1150/1050 996/1243/1117
f 996/1243/1117 1062/1150/1050 997/1148/1048
f 776/1244/1141 946/1245/973 753/1246/1142
f 753/1246/1142 946/1245/973 945/1247/975
f 753/1248/1142 945/1249/975 754/1250/1143
f 754/1250/1143 945/1249/975 968/1251/977
f 754/1250/1143 968/1251/977 755/1252/1144
f 755/1252/1144 968/1251/977 967/1253/979
f 755/1252/1144 967/1253/979 756/1254/1145
f 756/1254/1145 967/1253/979 966/1255/981
f 756/1254/1145 966/1255/981 757/1256/1146
f 757/1256/1146 966/1255/981 965/1257/983
f 757/1256/1146 965/1257/983 758/1258/1147
f 758/1258/1147 965/1257/983 964/1259/985
f 758/1258/1147 964/1259/985 759/1260/1148
f 759/1260/1148 964/1259/985 963/1261/987
f 759/1260/1148 963/1261/987 760/1262/1149
f 760/1262/1149 963/1261/987 962/1263/989
f 760/1262/1149 962/1263/989 761/1264/1150
f 761/1264/1150 962/1263/989 961/1265/991
f 761/1264/1150 961/1265/991 762/1266/1151
f 762/1266/1151 961/1265/991 960/1267/993
f 762/1266/1151 960/1267/993 763/1268/1152
f 763/1268/1152 960/1267/993 959/1269/995
f 763/1268/1152 959/1269/995 764/1270/1153
f 764/1270/1153 959/1269/995 958/1271/997
f 764/1270/1153 958/1271/997 765/1272/1154
f 765/1272/1154 958/1271/997 957/1273/999
f 765/1272/1154 957/1273/999 766/1274/1155
f 766/1274/1155 957/1273/999 956/1275/1001
f 766/1274/1155 956/1275/1001 767/1276/1156
f 767/1276/1156 956/1275/1001 955/1277/1003
f 767/1276/1156 955/1277/1003 768/1278/1157
f 768/1278/1157 955/1277/1003 954/1279/1005
f 768/1278/1157 954/1279/1005 769/1280/1158
f 769/1280/1158 954/1279/1005 953/1281/1007
f 769/1280/1158 953/1281/1007 770/1282/1159
f 770/1282/1159 953/1281/1007 952/1283/1009
f 770/1282/1159 952/1283/1009 771/1284/1160
f 771/1284/1160 952/1283/1009 951/1285/1011
f 771/1284/1160 951/1285/1011 772/1286/1161
f 772/1286/1161 951/1285/1011 950/1287/1013
f 772/1286/1161 950/1287/1013 773/1288/1162
f 773/1288/1162 950/1287/1013 949/1289/1015
f 773/1288/1162 949/1289/1015 774/1290/1163
f 774/1290/1163 949/1289/1015 948/1291/1017
f 774/1290/1163 948/1291/1017 775/1292/1164
f 775/1292/1164 948/1291/1017 947/1293/1019
f 775/1292/1164 947/1293/1019 776/1244/1141
f 776/1244/1141 947/1293/1019 946/1245/973
f 992/1294/1025 982/1295/1045 969/1296/1023
f 969/1296/1023 982/1295/1045 981/1297/1047
f 969/1296/1023 981/1297/1047 970/1298/1021
f 970/1298/1021 981/1297/1047 980/1299/1049
f 970/1298/1021 980/1299/1049 971/1300/1067
f 971/1300/1067 980/1299/1049 979/1301/1051
f 971/1300/1067 979/1301/1051 972/1302/1065
f 972/1302/1065 979/1301/1051 978/1303/1053
f 972/1302/1065 978/1303/1053 973/1304/1063
f 973/1304/1063 978/1303/1053 977/1305/1055
f 973/1304/1063 977/1305/1055 974/1306/1061
f 974/1306/1061 977/1305/1055 976/1307/1057
f 974/1306/1061 976/1307/1057 975/1308/1059
f 982/1295/1045 992/1294/1025 983/1309/1043
f 983/1309/1043 992/1294/1025 991/1310/1027
f 983/1309/1043 991/1310/1027 984/1311/1041
f 984/1311/1041 991/1310/1027 990/1312/1029
f 984/1311/1041 990/1312/1029 985/1313/1039
f 985/1313/1039 990/1312/1029 989/1314/1031
f 985/1313/1039 989/1314/1031 986/1315/1037
f 986/1315/1037 989/1314/1031 988/1316/1033
f 986/1315/1037 988/1316/1033 987/1317/1035
f 1114/1318/1165 1166/1319/1166 1113/1320/1167
f 1113/1320/1167 1166/1319/1166 1175/1321/1168
f 1113/1320/1167 1175/1321/1168 1136/1322/1169
f 1136/1322/1169 1175/1321/1168 1276/1323/1170
f 1136/1322/1169 1276/1323/1170 1135/1324/1171
f 1135/1324/1171 1276/1323/1170 1271/1325/1172
f 1135/1324/1171 1271/1325/1172 1134/1326/1173
f 1134/1326/1173 1271/1325/1172 1266/1327/1174
f 1134/1326/1173 1266/1327/1174 1133/1328/1175
f 1133/1328/1175 1266/1327/1174 1261/1329/1176
f 1133/1328/1175 1261/1329/1176 1132/1330/1177
f 1132/1330/1177 1261/1329/1176 1256/1331/1178
f 1132/1330/1177 1256/1331/1178 1131/1332/1179
f 1131/1332/1179 1256/1331/1178 1251/1333/1180
f 1131/1332/1179 1251/1333/1180 1130/1334/1181
f 1130/1334/1181 1251/1333/1180 1246/1335/1182
f 1130/1334/1181 1246/1335/1182 1129/1336/1183
f 1129/1336/1183 1246/1335/1182 1241/1337/1184
f 1129/1336/1183 1241/1337/1184 1128/1338/1185
f 1128/1338/1185 1241/1337/1184 1236/1339/1186
f 1128/1338/1185 1236/1339/1186 1127/1340/1187
f 1127/1340/1187 1236/1339/1186 1231/1341/1188
f 1127/1340/1187 1231/1341/1188 1126/1342/1189
f 1126/1342/1189 1231/1341/1188 1226/1343/1190
f 1126/1342/1189 1226/1343/1190 1125/1344/1191
f 1125/1344/1191 1226/1343/1190 1161/1345/1192
f 1125/1346/1191 1161/1347/1192 1124/1348/1193
f 1124/1348/1193 1161/1347/1192 1221/1349/1194
f 1124/1348/1193 1221/1349/1194 1123/1350/1195
f 1123/1350/1195 1221/1349/1194 1216/1351/1196
f 1123/1350/1195 1216/1351/1196 1122/1352/1197
f 1122/1352/1197 1216/1351/1196 1211/1353/1198
f 1122/1352/1197 1211/1353/1198 1121/1354/1199
f 1121/1354/1199 1211/1353/1198 1206/1355/1200
f 1121/1354/1199 1206/1355/1200 1120/1356/1201
f 1120/1356/1201 1206/1355/1200 1201/1357/1202
f 1120/1356/1201 1201/1357/1202 1119/1358/1203
f 1119/1358/1203 1201/1357/1202 1196/1359/1204
f 1119/1358/1203 1196/1359/1204 1118/1360/1205
f 1118/1360/1205 1196/1359/1204 1191/1361/1206
f 1118/1360/1205 1191/1361/1206 1117/1362/1207
f 1117/1362/1207 1191/1361/1206 1186/1363/1208
f 1117/1362/1207 1186/1363/1208 1116/1364/1209
f 1116/1364/1209 1186/1363/1208 1181/1365/1210
f 1116/1364/1209 1181/1365/1210 1115/1366/1211
f 1115/1366/1211 1181/1365/1210 1176/1367/1212
f 1115/1366/1211 1176/1367/1212 1114/1318/1165
f 1114/1318/1165 1176/1367/1212 1166/1319/1166
f 1138/1368/1213 1280/1369/1214 1137/1370/1215
f 1137/1370/1215 1280/1369/1214 1171/1371/1216
f 1137/1370/1215 1171/1371/1216 1160/1372/1217
f 1160/1372/1217 1171/1371/1216 1170/1373/1218
f 1160/1372/1217 1170/1373/1218 1159/1374/1219
f 1159/1374/1219 1170/1373/1218 1180/1375/1220
f 1159/1374/1219 1180/1375/1220 1158/1376/1221
f 1158/1376/1221 1180/1375/1220 1185/1377/1222
f 1158/1376/1221 1185/1377/1222 1157/1378/1223
f 1157/1378/1223 1185/1377/1222 1190/1379/1224
f 1157/1378/1223 1190/1379/1224 1156/1380/1225
f 1156/1380/1225 1190/1379/1224 1195/1381/1226
f 1156/1380/1225 1195/1381/1226 1155/1382/1227
f 1155/1382/1227 1195/1381/1226 1200/1383/1228
f 1155/1382/1227 1200/1383/1228 1154/1384/1229
f 1154/1384/1229 1200/1383/1228 1205/1385/1230
f 1154/1384/1229 1205/1385/1230 1153/1386/1231
f 1153/1386/1231 1205/1385/1230 1210/1387/1232
f 1153/1386/1231 1210/1387/1232 1152/1388/1233
f 1152/1388/1233 1210/1387/1232 1215/1389/1234
f 1152/1388/1233 1215/1389/1234 1151/1390/1235
f 1151/1390/1235 1215/1389/1234 1220/1391/1236
f 1151/1390/1235 1220/1391/1236 1150/1392/1237
f 1150/1392/1237 1220/1391/1236 1225/1393/1238
f 1150/1392/1237 1225/1393/1238 1149/1394/1239
f 1149/1394/1239 1225/1393/1238 1165/1395/1240
f 1149/1396/1239 1165/1397/1240 1148/1398/1241
f 1148/1398/1241 1165/1397/1240 1230/1399/1242
f 1148/1398/1241 1230/1399/1242 1147/1400/1243
f 1147/1400/1243 1230/1399/1242 1235/1401/1244
f 1147/1400/1243 1235/1401/1244 1146/1402/1245
f 1146/1402/1245 1235/1401/1244 1240/1403/1246
f 1146/1402/1245 1240/1403/1246 1145/1404/1247
f 1145/1404/1247 1240/1403/1246 1245/1405/1248
f 1145/1404/1247 1245/1405/1248 1144/1406/1249
f 1144/1406/1249 1245/1405/1248 1250/1407/1250
f 1144/1406/1249 1250/1407/1250 1143/1408/1251
f 1143/1408/1251 1250/1407/1250 1255/1409/1252
f 1143/1408/1251 1255/1409/1252 1142/1410/1253
f 1142/1410/1253 1255/1409/1252 1260/1411/1254
f 1142/1410/1253 1260/1411/1254 1141/1412/1255
f 1141/1412/1255 1260/1411/1254 1265/1413/1256
f 1141/1412/1255 1265/1413/1256 1140/1414/1257
f 1140/1414/1257 1265/1413/1256 1270/1415/1258
f 1140/1414/1257 1270/1415/1258 1139/1416/1259
f 1139/1416/1259 1270/1415/1258 1275/1417/1260
f 1139/1416/1259 1275/1417/1260 1138/1368/1213
f 1138/1368/1213 1275/1417/1260 1280/1369/1214
f 1161/1347/1192 1162/1418/1261 1221/1349/1194
f 1221/1349/1194 1162/1418/1261 1222/1419/1262
f 1221/1349/1194 1222/1419/1262 1216/1351/1196
f 1216/1351/1196 1222/1419/1262 1217/1420/1263
f 1216/1351/1196 1217/1420/1263 1211/1353/1198
f 1211/1353/1198 1217/1420/1263 1212/1421/1264
f 1211/1353/1198 1212/1421/1264 1206/1355/1200
f 1206/1355/1200 1212/1421/1264 1207/1422/1265
f 1206/1355/1200 1207/1422/1265 1201/1357/1202
f 1201/1357/1202 1207/1422/1265 1202/1423/1266
f 1201/1357/1202 1202/1423/1266 1196/1359/1204
f 1196/1359/1204 1202/1423/1266 1197/1424/1267
f 1196/1359/1204 1197/1424/1267 1191/1361/1206
f 1191/1361/1206 1197/1424/1267 1192/1425/1268
f 1191/1361/1206 1192/1425/1268 1186/1363/1208
f 1186/1363/1208 1192/1425/1268 1187/1426/1269
f 1186/1363/1208 1187/1426/1269 1181/1365/1210
f 1181/1365/1210 1187/1426/1269 1182/1427/1270
f 1181/1365/1210 1182/1427/1270 1176/1367/1212
f 1176/1367/1212 1182/1427/1270 1177/1428/1271
f 1176/1367/1212 1177/1428/1271 1166/1319/1166
f 1166/1319/1166 1177/1428/1271 1167/1429/1272
f 1166/1319/1166 1167/1429/1272 1175/1321/1168
f 1175/1321/1168 1167/1429/1272 1174/1430/1273
f 1175/1321/1168 1174/1430/1273 1276/1323/1170
f 1276/1323/1170 1174/1430/1273 1277/1431/1274
f 1276/1323/1170 1277/1431/1274 1271/1325/1172
f 1271/1325/1172 1277/1431/1274 1272/1432/1275
f 1271/1325/1172 1272/1432/1275 1266/1327/1174
f 1266/1327/1174 1272/1432/1275 1267/1433/1276
f 1266/1327/1174 1267/1433/1276 1261/1329/1176
f 1261/1329/1176 1267/1433/1276 1262/1434/1277
f 1261/1329/1176 1262/1434/1277 1256/1331/1178
f 1256/1331/1178 1262/1434/1277 1257/1435/1278
f 1256/1331/1178 1257/1435/1278 1251/1333/1180
f 1251/1333/1180 1257/1435/1278 1252/1436/1279
f 1251/1333/1180 1252/1436/1279 1246/1335/1182
f 1246/1335/1182 1252/1436/1279 1247/1437/1280
f 1246/1335/1182 1247/1437/1280 1241/1337/1184
f 1241/1337/1184 1247/1437/1280 1242/1438/1281
f 1241/1337/1184 1242/1438/1281 1236/1339/1186
f 1236/1339/1186 1242/1438/1281 1237/1439/1282
f 1236/1339/1186 1237/1439/1282 1231/1341/1188
f 1231/1341/1188 1237/1439/1282 1232/1440/1283
f 1231/1341/1188 1232/1440/1283 1226/1343/1190
f 1226/1343/1190 1232/1440/1283 1227/1441/1284
f 1226/1343/1190 1227/1441/1284 1161/1345/1192
f 1161/1345/1192 1227/1441/1284 1162/1442/1261
f 1162/1418/1261 1163/1443/1285 1222/1419/1262
f 1222/1419/1262 1163/1443/1285 1223/1444/1286
f 1222/1419/1262 1223/1444/1286 1217/1420/1263
f 1217/1420/1263 1223/1444/1286 1218/1445/1287
f 1217/1420/1263 1218/1445/1287 1212/1421/1264
f 1212/1421/1264 1218/1445/1287 1213/1446/1288
f 1212/1421/1264 1213/1446/1288 1207/1422/1265
f 1207/1422/1265 1213/1446/1288 1208/1447/1289
f 1207/1422/1265 1208/1447/1289 1202/1423/1266
f 1202/1423/1266 1208/1447/1289 1203/1448/1290
f 1202/1423/1266 1203/1448/1290 1197/1424/1267
f 1197/1424/1267 1203/1448/1290 1198/1449/1291
f 1197/1424/1267 1198/1449/1291 1192/1425/1268
f 1192/1425/1268 1198/1449/1291 1193/1450/1292
f 1192/1425/1268 1193/1450/1292 1187/1426/1269
f 1187/1426/1269 1193/1450/1292 1188/1451/1293
f 1187/1426/1269 1188/1451/1293 1182/1427/1270
f 1182/1427/1270 1188/1451/1293 1183/1452/1294
f 1182/1427/1270 1183/1452/1294 1177/1428/1271
f 1177/1428/1271 1183/1452/1294 1178/1453/1295
f 1177/1428/1271 1178/1453/1295 1167/1429/1272
f 1167/1429/1272 1178/1453/1295 1168/1454/1296
f 1167/1429/1272 1168/1454/1296 1174/1430/1273
f 1174/1430/1273 1168/1454/1296 1173/1455/1297
f 1174/1430/1273 1173/1455/1297 1277/1431/1274
f 1277/1431/1274 1173/1455/1297 1278/1456/1298
f 1277/1431/1274 1278/1456/1298 1272/1432/1275
f 1272/1432/1275 1278/1456/1298 1273/1457/1299
f 1272/1432/1275 1273/1457/1299 1267/1433/1276
f 1267/1433/1276 1273/1457/1299 1268/1458/1300
f 1267/1433/1276 1268/1458/1300 1262/1434/1277
f 1262/1434/1277 1268/1458/1300 1263/1459/1301
f 1262/1434/1277 1263/1459/1301 1257/1435/1278
f 1257/1435/1278 1263/1459/1301 1258/1460/1302
f 1257/1435/1278 1258/1460/1302 1252/1436/1279
f 1252/1436/1279 1258/1460/1302 1253/1461/1303
f 1252/1436/1279 1253/1461/1303 1247/1437/1280
f 1247/1437/1280 1253/1461/1303 1248/1462/1304
f 1247/1437/1280 1248/1462/1304 1242/1438/1281
f 1242/1438/1281 1248/1462/1304 1243/1463/1305
f 1242/1438/1281 1243/1463/1305 1237/1439/1282
f 1237/1439/1282 1243/1463/1305 1238/1464/1306
f 1237/1439/1282 1238/1464/1306 1232/1440/1283
f 1232/1440/1283 1238/1464/1306 1233/1465/1307
f 1232/1440/1283 1233/1465/1307 1227/1441/1284
f 1227/1441/1284 1233/1465/1307 1228/1466/1308
f 1227/1441/1284 1228/1466/1308 1162/1442/1261
f 1162/1442/1261 1228/1466/1308 1163/1467/1285
f 1163/1443/1285 1164/1468/1309 1223/1444/1286
f 1223/1444/1286 1164/1468/1309 1224/1469/1310
f 1223/1444/1286 1224/1469/1310 1218/1445/1287
f 1218/1445/1287 1224/1469/1310 1219/1470/1311
f 1218/1445/1287 1219/1470/1311 1213/1446/1288
f 1213/1446/1288 1219/1470/1311 1214/1471/1312
f 1213/1446/1288 1214/1471/1312 1208/1447/1289
f 1208/1447/1289 1214/1471/1312 1209/1472/1313
f 1208/1447/1289 1209/1472/1313 1203/1448/1290
f 1203/1448/1290 1209/1472/1313 1204/1473/1314
f 1203/1448/1290 1204/1473/1314 1198/1449/1291
f 1198/1449/1291 1204/1473/1314 1199/1474/1315
f 1198/1449/1291 1199/1474/1315 1193/1450/1292
f 1193/1450/1292 1199/1474/1315 1194/1475/1316
f 1193/1450/1292 1194/1475/1316 1188/1451/1293
f 1188/1451/1293 1194/1475/1316 1189/1476/1317
f 1188/1451/1293 1189/1476/1317 1183/1452/1294
f 1183/1452/1294 1189/1476/1317 1184/1477/1318
f 1183/1452/1294 1184/1477/1318 1178/1453/1295
f 1178/1453/1295 1184/1477/1318 1179/1478/1319
f 1178/1453/1295 1179/1478/1319 1168/1454/1296
f 1168/1454/1296 1179/1478/1319 1169/1479/1320
f 1168/1454/1296 1169/1479/1320 1173/1455/1297
f 1173/1455/1297 1169/1479/1320 1172/1480/1321
f 1173/1455/1297 1172/1480/1321 1278/1456/1298
f 1278/1456/1298 1172/1480/1321 1279/1481/1322
f 1278/1456/1298 1279/1481/1322 1273/1457/1299
f 1273/1457/1299 1279/1481/1322 1274/1482/1323
f 1273/1457/1299 1274/1482/1323 1268/1458/1300
f 1268/1458/1300 1274/1482/1323 1269/1483/1324
f 1268/1458/1300 1269/1483/1324 1263/1459/1301
f 1263/1459/1301 1269/1483/1324 1264/1484/1325
f 1263/1459/1301 1264/1484/1325 1258/1460/1302
f 1258/1460/1302 1264/1484/1325 1259/1485/1326
f 1258/1460/1302 1259/1485/1326 1253/1461/1303
f 1253/1461/1303 1259/1485/1326 1254/1486/1327
f 1253/1461/1303 1254/1486/1327 1248/1462/1304
f 1248/1462/1304 1254/1486/1327 1249/1487/1328
f 1248/1462/1304 1249/1487/1328 1243/1463/1305
f 1243/1463/1305 1249/1487/1328 1244/1488/1329
f 1243/1463/1305 1244/1488/1329 1238/1464/1306
f 1238/1464/1306 1244/1488/1329 1239/1489/1330
f 1238/1464/1306 1239/1489/1330 1233/1465/1307
f 1233/1465/1307 1239/1489/1330 1234/1490/1331
f 1233/1465/1307 1234/1490/1331 1228/1466/1308
f 1228/1466/1308 1234/1490/1331 1229/1491/1332
f 1228/1466/1308 1229/1491/1332 1163/1467/1285
f 1163/1467/1285 1229/1491/1332 1164/1492/1309
f 1164/1468/1309 1165/1395/1240 1224/1469/1310
f 1224/1469/1310 1165/1395/1240 1225/1393/1238
f 1224/1469/1310 1225/1393/1238 1219/1470/1311
f 1219/1470/1311 1225/1393/1238 1220/1391/1236
f 1219/1470/1311 1220/1391/1236 1214/1471/1312
f 1214/1471/1312 1220/1391/1236 1215/1389/1234
f 1214/1471/1312 1215/1389/1234 1209/1472/1313
f 1209/1472/1313 1215/1389/1234 1210/1387/1232
f 1209/1472/1313 1210/1387/1232 1204/1473/1314
f 1204/1473/1314 1210/1387/1232 1205/1385/1230
f 1204/1473/1314 1205/1385/1230 1199/1474/1315
f 1199/1474/1315 1205/1385/1230 1200/1383/1228
f 1199/1474/1315 1200/1383/1228 1194/1475/1316
f 1194/1475/1316 1200/1383/1228 1195/1381/1226
f 1194/1475/1316 1195/1381/1226 1189/1476/1317
f 1189/1476/1317 1195/1381/1226 1190/1379/1224
f 1189/1476/1317 1190/1379/1224 1184/1477/1318
f 1184/1477/1318 1190/1379/1224 1185/1377/1222
f 1184/1477/1318 1185/1377/1222 1179/1478/1319
f 1179/1478/1319 1185/1377/1222 1180/1375/1220
f 1179/1478/1319 1180/1375/1220 1169/1479/1320
f 1169/1479/1320 1180/1375/1220 1170/1373/1218
f 1169/1479/1320 1170/1373/1218 1172/1480/1321
f 1172/1480/1321 1170/1373/1218 1171/1371/1216
f 1172/1480/1321 1171/1371/1216 1279/1481/1322
f 1279/1481/1322 1171/1371/1216 1280/1369/1214
f 1279/1481/1322 1280/1369/1214 1274/1482/1323
f 1274/1482/1323 1280/1369/1214 1275/1417/1260
f 1274/1482/1323 1275/1417/1260 1269/1483/1324
f 1269/1483/1324 1275/1417/1260 1270/1415/1258
f 1269/1483/1324 1270/1415/1258 1264/1484/1325
f 1264/1484/1325 1270/1415/1258 1265/1413/1256
f 1264/1484/1325 1265/1413/1256 1259/1485/1326
f 1259/1485/1326 1265/1413/1256 1260/1411/1254
f 1259/1485/1326 1260/1411/1254 1254/1486/1327
f 1254/1486/1327 1260/1411/1254 1255/1409/1252
f 1254/1486/1327 1255/1409/1252 1249/1487/1328
f 1249/1487/1328 1255/1409/1252 1250/1407/1250
f 1249/1487/1328 1250/1407/1250 1244/1488/1329
f 1244/1488/1329 1250/1407/1250 1245/1405/1248
f 1244/1488/1329 1245/1405/1248 1239/1489/1330
f 1239/1489/1330 1245/1405/1248 1240/1403/1246
f 1239/1489/1330 1240/1403/1246 1234/1490/1331
f 1234/1490/1331 1240/1403/1246 1235/1401/1244
f 1234/1490/1331 1235/1401/1244 1229/1491/1332
f 1229/1491/1332 1235/1401/1244 1230/1399/1242
f 1229/1491/1332 1230/1399/1242 1164/1492/1309
f 1164/1492/1309 1230/1399/1242 1165/1397/1240
f 800/1493/1333 1114/1494/1165 777/1495/1334
f 777/1495/1334 1114/1494/1165 1113/1496/1167
f 777/1497/1334 1113/1498/1167 778/1499/1335
f 778/1499/1335 1113/1498/1167 1136/1500/1169
f 778/1499/1335 1136/1500/1169 779/1501/1336
f 779/1501/1336 1136/1500/1169 1135/1502/1171
f 779/1501/1336 1135/1502/1171 780/1503/1337
f 780/1503/1337 1135/1502/1171 1134/1504/1173
f 780/1503/1337 1134/1504/1173 781/1505/1338
f 781/1505/1338 1134/1504/1173 1133/1506/1175
f 781/1505/1338 1133/1506/1175 782/1507/1339
f 782/1507/1339 1133/1506/1175 1132/1508/1177
f 782/1507/1339 1132/1508/1177 783/1509/1340
f 783/1509/1340 1132/1508/1177 1131/1510/1179
f 783/1509/1340 1131/1510/1179 784/1511/1341
f 784/1511/1341 1131/1510/1179 1130/1512/1181
f 784/1511/1341 1130/1512/1181 785/1513/1342
f 785/1513/1342 1130/1512/1181 1129/1514/1183
f 785/1513/1342 1129/1514/1183 786/1515/1343
f 786/1515/1343 1129/1514/1183 1128/1516/1185
f 786/1515/1343 1128/1516/1185 787/1517/1344
f 787/1517/1344 1128/1516/1185 1127/1518/1187
f 787/1517/1344 1127/1518/1187 788/1519/1345
f 788/1519/1345 1127/1518/1187 1126/1520/1189
f 788/1519/1345 1126/1520/1189 789/1521/1346
f 789/1521/1346 1126/1520/1189 1125/1522/1191
f 789/1521/1346 1125/1522/1191 790/1523/1347
f 790/1523/1347 1125/1522/1191 1124/1524/1193
f 790/1523/1347 1124/1524/1193 791/1525/1348
f 791/1525/1348 1124/1524/1193 1123/1526/1195
f 791/1525/1348 1123/1526/1195 792/1527/1349
f 792/1527/1349 1123/1526/1195 1122/1528/1197
f 792/1527/1349 1122/1528/1197 793/1529/1350
f 793/1529/1350 1122/1528/1197 1121/1530/1199
f 793/1529/1350 1121/1530/1199 794/1531/1351
f 794/1531/1351 1121/1530/1199 1120/1532/1201
f 794/1531/1351 1120/1532/1201 795/1533/1352
f 795/1533/1352 1120/1532/1201 1119/1534/1203
f 795/1533/1352 1119/1534/1203 796/1535/1353
f 796/1535/1353 1119/1534/1203 1118/1536/1205
f 796/1535/1353 1118/1536/1205 797/1537/1354
f 797/1537/1354 1118/1536/1205 1117/1538/1207
f 797/1537/1354 1117/1538/1207 798/1539/1355
f 798/1539/1355 1117/1538/1207 1116/1540/1209
f 798/1539/1355 1116/1540/1209 799/1541/1356
f 799/1541/1356 1116/1540/1209 1115/1542/1211
f 799/1541/1356 1115/1542/1211 800/1493/1333
f 800/1493/1333 1115/1542/1211 1114/1494/1165
f 1160/1543/1217 1150/1544/1237 1137/1545/1215
f 1137/1545/1215 1150/1544/1237 1149/1546/1239
f 1137/1545/1215 1149/1546/1239 1138/1547/1213
f 1138/1547/1213 1149/1546/1239 1148/1548/1241
f 1138/1547/1213 1148/1548/1241 1139/1549/1259
f 1139/1549/1259 1148/1548/1241 1147/1550/1243
f 1139/1549/1259 1147/1550/1243 1140/1551/1257
f 1140/1551/1257 1147/1550/1243 1146/1552/1245
f 1140/1551/1257 1146/1552/1245 1141/1553/1255
f 1141/1553/1255 1146/1552/1245 1145/1554/1247
f 1141/1553/1255 1145/1554/1247 1142/1555/1253
f 1142/1555/1253 1145/1554/1247 1144/1556/1249
f 1142/1555/1253 1144/1556/1249 1143/1557/1251
f 1150/1544/1237 1160/1543/1217 1151/1558/1235
f 1151/1558/1235 1160/1543/1217 1159/1559/1219
f 1151/1558/1235 1159/1559/1219 1152/1560/1233
f 1152/1560/1233 1159/1559/1219 1158/1561/1221
f 1152/1560/1233 1158/1561/1221 1153/1562/1231
f 1153/1562/1231 1158/1561/1221 1157/1563/1223
f 1153/1562/1231 1157/1563/1223 1154/1564/1229
f 1154/1564/1229 1157/1563/1223 1156/1565/1225
f 1154/1564/1229 1156/1565/1225 1155/1566/1227
f 1282/1567/1357 1334/1568/1358 1281/1569/1359
f 1281/1569/1359 1334/1568/1358 1343/1570/1360
f 1281/1569/1359 1343/1570/1360 1304/1571/1361
f 1304/1571/1361 1343/1570/1360 1444/1572/1362
f 1304/1571/1361 1444/1572/1362 1303/1573/1363
f 1303/1573/1363 1444/1572/1362 1439/1574/1364
f 1303/1573/1363 1439/1574/1364 1302/1575/1365
f 1302/1575/1365 1439/1574/1364 1434/1576/1366
f 1302/1575/1365 1434/1576/1366 1301/1577/1367
f 1301/1577/1367 1434/1576/1366 1429/1578/1368
f 1301/1577/1367 1429/1578/1368 1300/1579/1369
f 1300/1579/1369 1429/1578/1368 1424/1580/1370
f 1300/1579/1369 1424/1580/1370 1299/1581/1371
f 1299/1581/1371 1424/1580/1370 1419/1582/1372
f 1299/1581/1371 1419/1582/1372 1298/1583/1373
f 1298/1583/1373 1419/1582/1372 1414/1584/1374
f 1298/1583/1373 1414/1584/1374 1297/1585/1375
f 1297/1585/1375 1414/1584/1374 1409/1586/1376
f 1297/1585/1375 1409/1586/1376 1296/1587/1377
f 1296/1587/1377 1409/1586/1376 1404/1588/1378
f 1296/1587/1377 1404/1588/1378 1295/1589/1379
f 1295/1589/1379 1404/1588/1378 1399/1590/1380
f 1295/1589/1379 1399/1590/1380 1294/1591/1381
f 1294/1591/1381 1399/1590/1380 1394/1592/1382
f 1294/1591/1381 1394/1592/1382 1293/1593/1383
f 1293/1593/1383 1394/1592/1382 1329/1594/1384
f 1293/1595/1383 1329/1596/1384 1292/1597/1385
f 1292/1597/1385 1329/1596/1384 1389/1598/1386
f 1292/1597/1385 1389/1598/1386 1291/1599/1387
f 1291/1599/1387 1389/1598/1386 1384/1600/1388
f 1291/1599/1387 1384/1600/1388 1290/1601/1389
f 1290/1601/1389 1384/1600/1388 1379/1602/1390
f 1290/1601/1389 1379/1602/1390 1289/1603/1391
f 1289/1603/1391 1379/1602/1390 1374/1604/1392
f 1289/1603/1391 1374/1604/1392 1288/1605/1393
f 1288/1605/1393 1374/1604/1392 1369/1606/1394
f 1288/1605/1393 1369/1606/1394 1287/1607/1395
f 1287/1607/1395 1369/1606/1394 1364/1608/1396
f 1287/1607/1395 1364/1608/1396 1286/1609/1397
f 1286/1609/1397 1364/1608/1396 1359/1610/1398
f 1286/1609/1397 1359/1610/1398 1285/1611/1399
f 1285/1611/1399 1359/1610/1398 1354/1612/1400
f 1285/1611/1399 1354/1612/1400 1284/1613/1401
f 1284/1613/1401 1354/1612/1400 1349/1614/1402
f 1284/1613/1401 1349/1614/1402 1283/1615/1403
f 1283/1615/1403 1349/1614/1402 1344/1616/1404
f 1283/1615/1403 1344/1616/1404 1282/1567/1357
f 1282/1567/1357 1344/1616/1404 1334/1568/1358
f 1306/1617/1405 1448/1618/1406 1305/1619/1407
f 1305/1619/1407 1448/1618/1406 1339/1620/1408
f 1305/1619/1407 1339/1620/1408 1328/1621/1409
f 1328/1621/1409 1339/1620/1408 1338/1622/1410
f 1328/1621/1409 1338/1622/1410 1327/1623/1411
f 1327/1623/1411 1338/1622/1410 1348/1624/1412
f 1327/1623/1411 1348/1624/1412 1326/1625/1413
f 1326/1625/1413 1348/1624/1412 1353/1626/1414
f 1326/1625/1413 1353/1626/1414 1325/1627/1415
f 1325/1627/1415 1353/1626/1414 1358/1628/1416
f 1325/1627/1415 1358/1628/1416 1324/1629/1417
f 1324/1629/1417 1358/1628/1416 1363/1630/1418
f 1324/1629/1417 1363/1630/1418 1323/1631/1419
f 1323/1631/1419 1363/1630/1418 1368/1632/1420
f 1323/1631/1419 1368/1632/1420 1322/1633/1421
f 1322/1633/1421 1368/1632/1420 1373/1634/1422
f 1322/1633/1421 1373/1634/1422 1321/1635/1423
f 1321/1635/1423 1373/1634/1422 1378/1636/1424
f 1321/1635/1423 1378/1636/1424 1320/1637/1425
f 1320/1637/1425 1378/1636/1424 1383/1638/1426
f 1320/1637/1425 1383/1638/1426 1319/1639/1427
f 1319/1639/1427 1383/1638/1426 1388/1640/1428
f 1319/1639/1427 1388/1640/1428 1318/1641/1429
f 1318/1641/1429 1388/1640/1428 1393/1642/1430
f 1318/1641/1429 1393/1642/1430 1317/1643/1431
f 1317/1643/1431 1393/1642/1430 1333/1644/1432
f 1317/1645/1431 1333/1646/1432 1316/1647/1433
f 1316/1647/1433 1333/1646/1432 1398/1648/1434
f 1316/1647/1433 1398/1648/1434 1315/1649/1435
f 1315/1649/1435 1398/1648/1434 1403/1650/1436
f 1315/1649/1435 1403/1650/1436 1314/1651/1437
f 1314/1651/1437 1403/1650/1436 1408/1652/1438
f 1314/1651/1437 1408/1652/1438 1313/1653/1439
f 1313/1653/1439 1408/1652/1438 1413/1654/1440
f 1313/1653/1439 1413/1654/1440 1312/1655/1441
f 1312/1655/1441 1413/1654/1440 1418/1656/1442
f 1312/1655/1441 1418/1656/1442 1311/1657/1443
f 1311/1657/1443 1418/1656/1442 1423/1658/1444
f 1311/1657/1443 1423/1658/1444 1310/1659/1445
f 1310/1659/1445 1423/1658/1444 1428/1660/1446
f 1310/1659/1445 1428/1660/1446 1309/1661/1447
f 1309/1661/1447 1428/1660/1446 1433/1662/1448
f 1309/1661/1447 1433/1662/1448 1308/1663/1449
f 1308/1663/1449 1433/1662/1448 1438/1664/1450
f 1308/1663/1449 1438/1664/1450 1307/1665/1451
f 1307/1665/1451 1438/1664/1450 1443/1666/1452
f 1307/1665/1451 1443/1666/1452 1306/1617/1405
f 1306/1617/1405 1443/1666/1452 1448/1618/1406
f 1329/1596/1384 1330/1667/1453 1389/1598/1386
f 1389/1598/1386 1330/1667/1453 1390/1668/1454
f 1389/1598/1386 1390/1668/1454 1384/1600/1388
f 1384/1600/1388 1390/1668/1454 1385/1669/1455
f 1384/1600/1388 1385/1669/1455 1379/1602/1390
f 1379/1602/1390 1385/1669/1455 1380/1670/1456
f 1379/1602/1390 1380/1670/1456 1374/1604/1392
f 1374/1604/1392 1380/1670/1456 1375/1671/1457
f 1374/1604/1392 1375/1671/1457 1369/1606/1394
f 1369/1606/1394 1375/1671/1457 1370/1672/1458
f 1369/1606/1394 1370/1672/1458 1364/1608/1396
f 1364/1608/1396 1370/1672/1458 1365/1673/1459
f 1364/1608/1396 1365/1673/1459 1359/1610/1398
f 1359/1610/1398 1365/1673/1459 1360/1674/1460
f 1359/1610/1398 1360/1674/1460 1354/1612/1400
f 1354/1612/1400 1360/1674/1460 1355/1675/1461
f 1354/1612/1400 1355/1675/1461 1349/1614/1402
f 1349/1614/1402 1355/1675/1461 1350/1676/1462
f 1349/1614/1402 1350/1676/1462 1344/1616/1404
f 1344/1616/1404 1350/1676/1462 1345/1677/1463
f 1344/1616/1404 1345/1677/1463 1334/1568/1358
f 1334/1568/1358 1345/1677/1463 1335/1678/1464
f 1334/1568/1358 1335/1678/1464 1343/1570/1360
f 1343/1570/1360 1335/1678/1464 1342/1679/1465
f 1343/1570/1360 1342/1679/1465 1444/1572/1362
f 1444/1572/1362 1342/1679/1465 1445/1680/1466
f 1444/1572/1362 1445/1680/1466 1439/1574/1364
f 1439/1574/1364 1445/1680/1466 1440/1681/1467
f 1439/1574/1364 1440/1681/1467 1434/1576/1366
f 1434/1576/1366 1440/1681/1467 1435/1682/1468
f 1434/1576/1366 1435/1682/1468 1429/1578/1368
f 1429/1578/1368 1435/1682/1468 1430/1683/1469
f 1429/1578/1368 1430/1683/1469 1424/1580/1370
f 1424/1580/1370 1430/1683/1469 1425/1684/1470
f 1424/1580/1370 1425/1684/1470 1419/1582/1372
f 1419/1582/1372 1425/1684/1470 1420/1685/1471
f 1419/1582/1372 1420/1685/1471 1414/1584/1374
f 1414/1584/1374 1420/1685/1471 1415/1686/1472
f 1414/1584/1374 1415/1686/1472 1409/1586/1376
f 1409/1586/1376 1415/1686/1472 1410/1687/1473
f 1409/1586/1376 1410/1687/1473 1404/1588/1378
f 1404/1588/1378 1410/1687/1473 1405/1688/1474
f 1404/1588/1378 1405/1688/1474 1399/1590/1380
f 1399/1590/1380 1405/1688/1474 1400/1689/1475
f 1399/1590/1380 1400/1689/1475 1394/1592/1382
f 1394/1592/1382 1400/1689/1475 1395/1690/1476
f 1394/1592/1382 1395/1690/1476 1329/1594/1384
f 1329/1594/1384 1395/1690/1476 1330/1691/1453
f 1330/1667/1453 1331/1692/1477 1390/1668/1454
f 1390/1668/1454 1331/1692/1477 1391/1693/1478
f 1390/1668/1454 1391/1693/1478 1385/1669/1455
f 1385/1669/1455 1391/1693/1478 1386/1694/1479
f 1385/1669/1455 1386/1694/1479 1380/1670/1456
f 1380/1670/1456 1386/1694/1479 1381/1695/1480
f 1380/1670/1456 1381/1695/1480 1375/1671/1457
f 1375/1671/1457 1381/1695/1480 1376/1696/1481
f 1375/1671/1457 1376/1696/1481 1370/1672/1458
f 1370/1672/1458 1376/1696/1481 1371/1697/1482
f 1370/1672/1458 1371/1697/1482 1365/1673/1459
f 1365/1673/1459 1371/1697/1482 1366/1698/1483
f 1365/1673/1459 1366/1698/1483 1360/1674/1460
f 1360/1674/1460 1366/1698/1483 1361/1699/1484
f 1360/1674/1460 1361/1699/1484 1355/1675/1461
f 1355/1675/1461 1361/1699/1484 1356/1700/1485
f 1355/1675/1461 1356/1700/1485 1350/1676/1462
f 1350/1676/1462 1356/1700/1485 1351/1701/1486
f 1350/1676/1462 1351/1701/1486 1345/1677/1463
f 1345/1677/1463 1351/1701/1486 1346/1702/1487
f 1345/1677/1463 1346/1702/1487 1335/1678/1464
f 1335/1678/1464 1346/1702/1487 1336/1703/1488
f 1335/1678/1464 1336/1703/1488 1342/1679/1465
f 1342/1679/1465 1336/1703/1488 1341/1704/1489
f 1342/1679/1465 1341/1704/1489 1445/1680/1466
f 1445/1680/1466 1341/1704/1489 1446/1705/1490
f 1445/1680/1466 1446/1705/1490 1440/1681/1467
f 1440/1681/1467 1446/1705/1490 1441/1706/1491
f 1440/1681/1467 1441/1706/1491 1435/1682/1468
f 1435/1682/1468 1441/1706/1491 1436/1707/1492
f 1435/1682/1468 1436/1707/1492 1430/1683/1469
f 1430/1683/1469 1436/1707/1492 1431/1708/1493
f 1430/1683/1469 1431/1708/1493 1425/1684/1470
f 1425/1684/1470 1431/1708/1493 1426/1709/1494
f 1425/1684/1470 1426/1709/1494 1420/1685/1471
f 1420/1685/1471 1426/1709/1494 1421/1710/1495
f 1420/1685/1471 1421/1710/1495 1415/1686/1472
f 1415/1686/1472 1421/1710/1495 1416/1711/1496
f 1415/1686/1472 1416/1711/1496 1410/1687/1473
f 1410/1687/1473 1416/1711/1496 1411/1712/1497
f 1410/1687/1473 1411/1712/1497 1405/1688/1474
f 1405/1688/1474 1411/1712/1497 1406/1713/1498
f 1405/1688/1474 1406/1713/1498 1400/1689/1475
f 1400/1689/1475 1406/1713/1498 1401/1714/1499
f 1400/1689/1475 1401/1714/1499 1395/1690/1476
f 1395/1690/1476 1401/1714/1499 1396/1715/1500
f 1395/1690/1476 1396/1715/1500 1330/1691/1453
f 1330/1691/1453 1396/1715/1500 1331/1716/1477
f 1331/1692/1477 1332/1717/1501 1391/1693/1478
f 1391/1693/1478 1332/1717/1501 1392/1718/1502
f 1391/1693/1478 1392/1718/1502 1386/1694/1479
f 1386/1694/1479 1392/1718/1502 1387/1719/1503
f 1386/1694/1479 1387/1719/1503 1381/1695/1480
f 1381/1695/1480 1387/1719/1503 1382/1720/1504
f 1381/1695/1480 1382/1720/1504 1376/1696/1481
f 1376/1696/1481 1382/1720/1504 1377/1721/1505
f 1376/1696/1481 1377/1721/1505 1371/1697/1482
f 1371/1697/1482 1377/1721/1505 1372/1722/1506
f 1371/1697/1482 1372/1722/1506 1366/1698/1483
f 1366/1698/1483 1372/1722/1506 1367/1723/1507
f 1366/1698/1483 1367/1723/1507 1361/1699/1484
f 1361/1699/1484 1367/1723/1507 1362/1724/1508
f 1361/1699/1484 1362/1724/1508 1356/1700/1485
f 1356/1700/1485 1362/1724/1508 1357/1725/1509
f 1356/1700/1485 1357/1725/1509 1351/1701/1486
f 1351/1701/1486 1357/1725/1509 1352/1726/1510
f 1351/1701/1486 1352/1726/1510 1346/1702/1487
f 1346/1702/1487 1352/1726/1510 1347/1727/1511
f 1346/1702/1487 1347/1727/1511 1336/1703/1488
f 1336/1703/1488 1347/1727/1511 1337/1728/1512
f 1336/1703/1488 1337/1728/1512 1341/1704/1489
f 1341/1704/1489 1337/1728/1512 1340/1729/1513
f 1341/1704/1489 1340/1729/1513 1446/1705/1490
f 1446/1705/1490 1340/1729/1513 1447/1730/1514
f 1446/1705/1490 1447/1730/1514 1441/1706/1491
f 1441/1706/1491 1447/1730/1514 1442/1731/1515
f 1441/1706/1491 1442/1731/1515 1436/1707/1492
f 1436/1707/1492 1442/1731/1515 1437/1732/1516
f 1436/1707/1492 1437/1732/1516 1431/1708/1493
f 1431/1708/1493 1437/1732/1516 1432/1733/1517
f 1431/1708/1493 1432/1733/1517 1426/1709/1494
f 1426/1709/1494 1432/1733/1517 1427/1734/1518
f 1426/1709/1494 1427/1734/1518 1421/1710/1495
f 1421/1710/1495 1427/1734/1518 1422/1735/1519
f 1421/1710/1495 1422/1735/1519 1416/1711/1496
f 1416/1711/1496 1422/1735/1519 1417/1736/1520
f 1416/1711/1496 1417/1736/1520 1411/1712/1497
f 1411/1712/1497 1417/1736/1520 1412/1737/1521
f 1411/1712/1497 1412/1737/1521 1406/1713/1498
f 1406/1713/1498 1412/1737/1521 1407/1738/1522
f 1406/1713/1498 1407/1738/1522 1401/1714/1499
f 1401/1714/1499 1407/1738/1522 1402/1739/1523
f 1401/1714/1499 1402/1739/1523 1396/1715/1500
f 1396/1715/1500 1402/1739/1523 1397/1740/1524
f 1396/1715/1500 1397/1740/1524 1331/1716/1477
f 1331/1716/1477 1397/1740/1524 1332/1741/1501
f 1332/1717/1501 1333/1644/1432 1392/1718/1502
f 1392/1718/1502 1333/1644/1432 1393/1642/1430
f 1392/1718/1502 1393/1642/1430 1387/1719/1503
f 1387/1719/1503 1393/1642/1430 1388/1640/1428
f 1387/1719/1503 1388/1640/1428 1382/1720/1504
f 1382/1720/1504 1388/1640/1428 1383/1638/1426
f 1382/1720/1504 1383/1638/1426 1377/1721/1505
f 1377/1721/1505 1383/1638/1426 1378/1636/1424
f 1377/1721/1505 1378/1636/1424 1372/1722/1506
f 1372/1722/1506 1378/1636/1424 1373/1634/1422
f 1372/1722/1506 1373/1634/1422 1367/1723/1507
f 1367/1723/1507 1373/1634/1422 1368/1632/1420
f 1367/1723/1507 1368/1632/1420 1362/1724/1508
f 1362/1724/1508 1368/1632/1420 1363/1630/1418
f 1362/1724/1508 1363/1630/1418 1357/1725/1509
f 1357/1725/1509 1363/1630/1418 1358/1628/1416
f 1357/1725/1509 1358/1628/1416 1352/1726/1510
f 1352/1726/1510 1358/1628/1416 1353/1626/1414
f 1352/1726/1510 1353/1626/1414 1347/1727/1511
f 1347/1727/1511 1353/1626/1414 1348/1624/1412
f 1347/1727/1511 1348/1624/1412 1337/1728/1512
f 1337/1728/1512 1348/1624/1412 1338/1622/1410
f 1337/1728/1512 1338/1622/1410 1340/1729/1513
f 1340/1729/1513 1338/1622/1410 1339/1620/1408
f 1340/1729/1513 1339/1620/1408 1447/1730/1514
f 1447/1730/1514 1339/1620/1408 1448/1618/1406
f 1447/1730/1514 1448/1618/1406 1442/1731/1515
f 1442/1731/1515 1448/1618/1406 1443/1666/1452
f 1442/1731/1515 1443/1666/1452 1437/1732/1516
f 1437/1732/1516 1443/1666/1452 1438/1664/1450
f 1437/1732/1516 1438/1664/1450 1432/1733/1517
f 1432/1733/1517 1438/1664/1450 1433/1662/1448
f 1432/1733/1517 1433/1662/1448 1427/1734/1518
f 1427/1734/1518 1433/1662/1448 1428/1660/1446
f 1427/1734/1518 1428/1660/1446 1422/1735/1519
f 1422/1735/1519 1428/1660/1446 1423/1658/1444
f 1422/1735/1519 1423/1658/1444 1417/1736/1520
f 1417/1736/1520 1423/1658/1444 1418/1656/1442
f 1417/1736/1520 1418/1656/1442 1412/1737/1521
f 1412/1737/1521 1418/1656/1442 1413/1654/1440
f 1412/1737/1521 1413/1654/1440 1407/1738/1522
f 1407/1738/1522 1413/1654/1440 1408/1652/1438
f 1407/1738/1522 1408/1652/1438 1402/1739/1523
f 1402/1739/1523 1408/1652/1438 1403/1650/1436
f 1402/1739/1523 1403/1650/1436 1397/1740/1524
f 1397/1740/1524 1403/1650/1436 1398/1648/1434
f 1397/1740/1524 1398/1648/1434 1332/1741/1501
f 1332/1741/1501 1398/1648/1434 1333/1646/1432
f 824/1742/1525 1282/1743/1357 801/1744/1526
f 801/1744/1526 1282/1743/1357 1281/1745/1359
f 801/1746/1526 1281/1747/1359 802/1748/1527
f 802/1748/1527 1281/1747/1359 1304/1749/1361
f 802/1748/1527 1304/1749/1361 803/1750/1528
f 803/1750/1528 1304/1749/1361 1303/1751/1363
f 803/1750/1528 1303/1751/1363 804/1752/1529
f 804/1752/1529 1303/1751/1363 1302/1753/1365
f 804/1752/1529 1302/1753/1365 805/1754/1530
f 805/1754/1530 1302/1753/1365 1301/1755/1367
f 805/1754/1530 1301/1755/1367 806/1756/1531
f 806/1756/1531 1301/1755/1367 1300/1757/1369
f 806/1756/1531 1300/1757/1369 807/1758/1532
f 807/1758/1532 1300/1757/1369 1299/1759/1371
f 807/1758/1532 1299/1759/1371 808/1760/1533
f 808/1760/1533 1299/1759/1371 1298/1761/1373
f 808/1760/1533 1298/1761/1373 809/1762/1534
f 809/1762/1534 1298/1761/1373 1297/1763/1375
f 809/1762/1534 1297/1763/1375 810/1764/1535
f 810/1764/1535 1297/1763/1375 1296/1765/1377
f 810/1764/1535 1296/1765/1377 811/1766/1536
f 811/1766/1536 1296/1765/1377 1295/1767/1379
f 811/1766/1536 1295/1767/1379 812/1768/1537
f 812/1768/1537 1295/1767/1379 1294/1769/1381
f 812/1768/1537 1294/1769/1381 813/1770/1538
f 813/1770/1538 1294/1769/1381 1293/1771/1383
f 813/1770/1538 1293/1771/1383 814/1772/1539
f 814/1772/1539 1293/1771/1383 1292/1773/1385
f 814/1772/1539 1292/1773/1385 815/1774/1540
f 815/1774/1540 1292/1773/1385 1291/1775/1387
f 815/1774/1540 1291/1775/1387 816/1776/1541
f 816/1776/1541 1291/1775/1387 1290/1777/1389
f 816/1776/1541 1290/1777/1389 817/1778/1542
f 817/1778/1542 1290/1777/1389 1289/1779/1391
f 817/1778/1542 1289/1779/1391 818/1780/1543
f 818/1780/1543 1289/1779/1391 1288/1781/1393
f 818/1780/1543 1288/1781/1393 819/1782/1544
f 819/1782/1544 1288/1781/1393 1287/1783/1395
f 819/1782/1544 1287/1783/1395 820/1784/1545
f 820/1784/1545 1287/1783/1395 1286/1785/1397
f 820/1784/1545 1286/1785/1397 821/1786/1546
f 821/1786/1546 1286/1785/1397 1285/1787/1399
f 821/1786/1546 1285/1787/1399 822/1788/1547
f 822/1788/1547 1285/1787/1399 1284/1789/1401
f 822/1788/1547 1284/1789/1401 823/1790/1548
f 823/1790/1548 1284/1789/1401 1283/1791/1403
f 823/1790/1548 1283/1791/1403 824/1742/1525
f 824/1742/1525 1283/1791/1403 1282/1743/1357
f 1328/1792/1409 1318/1793/1429 1305/1794/1407
f 1305/1794/1407 1318/1793/1429 1317/1795/1431
f 1305/1794/1407 1317/1795/1431 1306/1796/1405
f 1306/1796/1405 1317/1795/1431 1316/1797/1433
f 1306/1796/1405 1316/1797/1433 1307/1798/1451
f 1307/1798/1451 1316/1797/1433 1315/1799/1435
f 1307/1798/1451 1315/1799/1435 1308/1800/1449
f 1308/1800/1449 1315/1799/1435 1314/1801/1437
f 1308/1800/1449 1314/1801/1437 1309/1802/1447
f 1309/1802/1447 1314/1801/1437 1313/1803/1439
f 1309/1802/1447 1313/1803/1439 1310/1804/1445
f 1310/1804/1445 1313/1803/1439 1312/1805/1441
f 1310/1804/1445 1312/1805/1441 1311/1806/1443
f 1318/1793/1429 1328/1792/1409 1319/1807/1427
f 1319/1807/1427 1328/1792/1409 1327/1808/1411
f 1319/1807/1427 1327/1808/1411 1320/1809/1425
f 1320/1809/1425 1327/1808/1411 1326/1810/1413
f 1320/1809/1425 1326/1810/1413 1321/1811/1423
f 1321/1811/1423 1326/1810/1413 1325/1812/1415
f 1321/1811/1423 1325/1812/1415 1322/1813/1421
f 1322/1813/1421 1325/1812/1415 1324/1814/1417
f 1322/1813/1421 1324/1814/1417 1323/1815/1419
f 1450/1816/1549 1502/1817/1550 1449/1818/1551
f 1449/1818/1551 1502/1817/1550 1511/1819/1552
f 1449/1818/1551 1511/1819/1552 1472/1820/1553
f 1472/1820/1553 1511/1819/1552 1612/1821/1554
f 1472/1820/1553 1612/1821/1554 1471/1822/1555
f 1471/1822/1555 1612/1821/1554 1607/1823/1556
f 1471/1822/1555 1607/1823/1556 1470/1824/1557
f 1470/1824/1557 1607/1823/1556 1602/1825/1558
f 1470/1824/1557 1602/1825/1558 1469/1826/1559
f 1469/1826/1559 1602/1825/1558 1597/1827/1560
f 1469/1826/1559 1597/1827/1560 1468/1828/1561
f 1468/1828/1561 1597/1827/1560 1592/1829/1562
f 1468/1828/1561 1592/1829/1562 1467/1830/1563
f 1467/1830/1563 1592/1829/1562 1587/1831/1564
f 1467/1830/1563 1587/1831/1564 1466/1832/1565
f 1466/1832/1565 1587/1831/1564 1582/1833/1566
f 1466/1832/1565 1582/1833/1566 1465/1834/1567
f 1465/1834/1567 1582/1833/1566 1577/1835/1568
f 1465/1834/1567 1577/1835/1568 1464/1836/1569
f 1464/1836/1569 1577/1835/1568 1572/1837/1570
f 1464/1836/1569 1572/1837/1570 1463/1838/1571
f 1463/1838/1571 1572/1837/1570 1567/1839/1572
f 1463/1838/1571 1567/1839/1572 1462/1840/1573
f 1462/1840/1573 1567/1839/1572 1562/1841/1574
f 1462/1840/1573 1562/1841/1574 1461/1842/1575
f 1461/1842/1575 1562/1841/1574 1497/1843/1576
f 1461/1844/1575 1497/1845/1576 1460/1846/1577
f 1460/1846/1577 1497/1845/1576 1557/1847/1578
f 1460/1846/1577 1557/1847/1578 1459/1848/1579
f 1459/1848/1579 1557/1847/1578 1552/1849/1580
f 1459/1848/1579 1552/1849/1580 1458/1850/1581
f 1458/1850/1581 1552/1849/1580 1547/1851/1582
f 1458/1850/1581 1547/1851/1582 1457/1852/1583
f 1457/1852/1583 1547/1851/1582 1542/1853/1584
f 1457/1852/1583 1542/1853/1584 1456/1854/1585
f 1456/1854/1585 1542/1853/1584 1537/1855/1586
f 1456/1854/1585 1537/1855/1586 1455/1856/1587
f 1455/1856/1587 1537/1855/1586 1532/1857/1588
f 1455/1856/1587 1532/1857/1588 1454/1858/1589
f 1454/1858/1589 1532/1857/1588 1527/1859/1590
f 1454/1858/1589 1527/1859/1590 1453/1860/1591
f 1453/1860/1591 1527/1859/1590 1522/1861/1592
f 1453/1860/1591 1522/1861/1592 1452/1862/1593
f 1452/1862/1593 1522/1861/1592 1517/1863/1594
f 1452/1862/1593 1517/1863/1594 1451/1864/1595
f 1451/1864/1595 1517/1863/1594 1512/1865/1596
f 1451/1864/1595 1512/1865/1596 1450/1816/1549
f 1450/1816/1549 1512/1865/1596 1502/1817/1550
f 1474/1866/1597 1616/1867/1598 1473/1868/1599
f 1473/1868/1599 1616/1867/1598 1507/1869/1600
f 1473/1868/1599 1507/1869/1600 1496/1870/1601
f 1496/1870/1601 1507/1869/1600 1506/1871/1602
f 1496/1870/1601 1506/1871/1602 1495/1872/1603
f 1495/1872/1603 1506/1871/1602 1516/1873/1604
f 1495/1872/1603 1516/1873/1604 1494/1874/1605
f 1494/1874/1605 1516/1873/1604 1521/1875/1606
f 1494/1874/1605 1521/1875/1606 1493/1876/1607
f 1493/1876/1607 1521/1875/1606 1526/1877/1608
f 1493/1876/1607 1526/1877/1608 1492/1878/1609
f 1492/1878/1609 1526/1877/1608 1531/1879/1610
f 1492/1878/1609 1531/1879/1610 1491/1880/1611
f 1491/1880/1611 1531/1879/1610 1536/1881/1612
f 1491/1880/1611 1536/1881/1612 1490/1882/1613
f 1490/1882/1613 1536/1881/1612 1541/1883/1614
f 1490/1882/1613 1541/1883/1614 1489/1884/1615
f 1489/1884/1615 1541/1883/1614 1546/1885/1616
f 1489/1884/1615 1546/1885/1616 1488/1886/1617
f 1488/1886/1617 1546/1885/1616 1551/1887/1618
f 1488/1886/1617 1551/1887/1618 1487/1888/1619
f 1487/1888/1619 1551/1887/1618 1556/1889/1620
f 1487/1888/1619 1556/1889/1620 1486/1890/1621
f 1486/1890/1621 1556/1889/1620 1561/1891/1622
f 1486/1890/1621 1561/1891/1622 1485/1892/1623
f 1485/1892/1623 1561/1891/1622 1501/1893/1624
f 1485/1894/1623 1501/1895/1624 1484/1896/1625
f 1484/1896/1625 1501/1895/1624 1566/1897/1626
f 1484/1896/1625 1566/1897/1626 1483/1898/1627
f 1483/1898/1627 1566/1897/1626 1571/1899/1628
f 1483/1898/1627 1571/1899/1628 1482/1900/1629
f 1482/1900/1629 1571/1899/1628 1576/1901/1630
f 1482/1900/1629 1576/1901/1630 1481/1902/1631
f 1481/1902/1631 1576/1901/1630 1581/1903/1632
f 1481/1902/1631 1581/1903/1632 1480/1904/1633
f 1480/1904/1633 1581/1903/1632 1586/1905/1634
f 1480/1904/1633 1586/1905/1634 1479/1906/1635
f 1479/1906/1635 1586/1905/1634 1591/1907/1636
f 1479/1906/1635 1591/1907/1636 1478/1908/1637
f 1478/1908/1637 1591/1907/1636 1596/1909/1638
f 1478/1908/1637 1596/1909/1638 1477/1910/1639
f 1477/1910/1639 1596/1909/1638 1601/1911/1640
f 1477/1910/1639 1601/1911/1640 1476/1912/1641
f 1476/1912/1641 1601/1911/1640 1606/1913/1642
f 1476/1912/1641 1606/1913/1642 1475/1914/1643
f 1475/1914/1643 1606/1913/1642 1611/1915/1644
f 1475/1914/1643 1611/1915/1644 1474/1866/1597
f 1474/1866/1597 1611/1915/1644 1616/1867/1598
f 1497/1845/1576 1498/1916/1645 1557/1847/1578
f 1557/1847/1578 1498/1916/1645 1558/1917/1646
f 1557/1847/1578 1558/1917/1646 1552/1849/1580
f 1552/1849/1580 1558/1917/1646 1553/1918/1647
f 1552/1849/1580 1553/1918/1647 1547/1851/1582
f 1547/1851/1582 1553/1918/1647 1548/1919/1648
f 1547/1851/1582 1548/1919/1648 1542/1853/1584
f 1542/1853/1584 1548/1919/1648 1543/1920/1649
f 1542/1853/1584 1543/1920/1649 1537/1855/1586
f 1537/1855/1586 1543/1920/1649 1538/1921/1650
f 1537/1855/1586 1538/1921/1650 1532/1857/1588
f 1532/1857/1588 1538/1921/1650 1533/1922/1651
f 1532/1857/1588 1533/1922/1651 1527/1859/1590
f 1527/1859/1590 1533/1922/1651 1528/1923/1652
f 1527/1859/1590 1528/1923/1652 1522/1861/1592
f 1522/1861/1592 1528/1923/1652 1523/1924/1653
f 1522/1861/1592 1523/1924/1653 1517/1863/1594
f 1517/1863/1594 1523/1924/1653 1518/1925/1654
f 1517/1863/1594 1518/1925/1654 1512/1865/1596
f 1512/1865/1596 1518/1925/1654 1513/1926/1655
f 1512/1865/1596 1513/1926/1655 1502/1817/1550
f 1502/1817/1550 1513/1926/1655 1503/1927/1656
f 1502/1817/1550 1503/1927/1656 1511/1819/1552
f 1511/1819/1552 1503/1927/1656 1510/1928/1657
f 1511/1819/1552 1510/1928/1657 1612/1821/1554
f 1612/1821/1554 1510/1928/1657 1613/1929/1658
f 1612/1821/1554 1613/1929/1658 1607/1823/1556
f 1607/1823/1556 1613/1929/1658 1608/1930/1659
f 1607/1823/1556 1608/1930/1659 1602/1825/1558
f 1602/1825/1558 1608/1930/1659 1603/1931/1660
f 1602/1825/1558 1603/1931/1660 1597/1827/1560
f 1597/1827/1560 1603/1931/1660 1598/1932/1661
f 1597/1827/1560 1598/1932/1661 1592/1829/1562
f 1592/1829/1562 1598/1932/1661 1593/1933/1662
f 1592/1829/1562 1593/1933/1662 1587/1831/1564
f 1587/1831/1564 1593/1933/1662 1588/1934/1663
f 1587/1831/1564 1588/1934/1663 1582/1833/1566
f 1582/1833/1566 1588/1934/1663 1583/1935/1664
f 1582/1833/1566 1583/1935/1664 1577/1835/1568
f 1577/1835/1568 1583/1935/1664 1578/1936/1665
f 1577/1835/1568 1578/1936/1665 1572/1837/1570
f 1572/1837/1570 1578/1936/1665 1573/1937/1666
f 1572/1837/1570 1573/1937/1666 1567/1839/1572
f 1567/1839/1572 1573/1937/1666 1568/1938/1667
f 1567/1839/1572 1568/1938/1667 1562/1841/1574
f 1562/1841/1574 1568/1938/1667 1563/1939/1668
f 1562/1841/1574 1563/1939/1668 1497/1843/1576
f 1497/1843/1576 1563/1939/1668 1498/1940/1645
f 1498/1916/1645 1499/1941/1669 1558/1917/1646
f 1558/1917/1646 1499/1941/1669 1559/1942/1670
f 1558/1917/1646 1559/1942/1670 1553/1918/1647
f 1553/1918/1647 1559/1942/1670 1554/1943/1671
f 1553/1918/1647 1554/1943/1671 1548/1919/1648
f 1548/1919/1648 1554/1943/1671 1549/1944/1672
f 1548/1919/1648 1549/1944/1672 1543/1920/1649
f 1543/1920/1649 1549/1944/1672 1544/1945/1673
f 1543/1920/1649 1544/1945/1673 1538/1921/1650
f 1538/1921/1650 1544/1945/1673 1539/1946/1674
f 1538/1921/1650 1539/1946/1674 1533/1922/1651
f 1533/1922/1651 1539/1946/1674 1534/1947/1675
f 1533/1922/1651 1534/1947/1675 1528/1923/1652
f 1528/1923/1652 1534/1947/1675 1529/1948/1676
f 1528/1923/1652 1529/1948/1676 1523/1924/1653
f 1523/1924/1653 1529/1948/1676 1524/1949/1677
f 1523/1924/1653 1524/1949/1677 1518/1925/1654
f 1518/1925/1654 1524/1949/1677 1519/1950/1678
f 1518/1925/1654 1519/1950/1678 1513/1926/1655
f 1513/1926/1655 1519/1950/1678 1514/1951/1679
f 1513/1926/1655 1514/1951/1679 1503/1927/1656
f 1503/1927/1656 1514/1951/1679 1504/1952/1680
f 1503/1927/1656 1504/1952/1680 1510/1928/1657
f 1510/1928/1657 1504/1952/1680 1509/1953/1681
f 1510/1928/1657 1509/1953/1681 1613/1929/1658
f 1613/1929/1658 1509/1953/1681 1614/1954/1682
f 1613/1929/1658 1614/1954/1682 1608/1930/1659
f 1608/1930/1659 1614/1954/1682 1609/1955/1683
f 1608/1930/1659 1609/1955/1683 1603/1931/1660
f 1603/1931/1660 1609/1955/1683 1604/1956/1684
f 1603/1931/1660 1604/1956/1684 1598/1932/1661
f 1598/1932/1661 1604/1956/1684 1599/1957/1685
f 1598/1932/1661 1599/1957/1685 1593/1933/1662
f 1593/1933/1662 1599/1957/1685 1594/1958/1686
f 1593/1933/1662 1594/1958/1686 1588/1934/1663
f 1588/1934/1663 1594/1958/1686 1589/1959/1687
f 1588/1934/1663 1589/1959/1687 1583/1935/1664
f 1583/1935/1664 1589/1959/1687 1584/1960/1688
f 1583/1935/1664 1584/1960/1688 1578/1936/1665
f 1578/1936/1665 1584/1960/1688 1579/1961/1689
f 1578/1936/1665 1579/1961/1689 1573/1937/1666
f 1573/1937/1666 1579/1961/1689 1574/1962/1690
f 1573/1937/1666 1574/1962/1690 1568/1938/1667
f 1568/1938/1667 1574/1962/1690 1569/1963/1691
f 1568/1938/1667 1569/1963/1691 1563/1939/1668
f 1563/1939/1668 1569/1963/1691 1564/1964/1692
f 1563/1939/1668 1564/1964/1692 1498/1940/1645
f 1498/1940/1645 1564/1964/1692 1499/1965/1669
f 1499/1941/1669 1500/1966/1693 1559/1942/1670
f 1559/1942/1670 1500/1966/1693 1560/1967/1694
f 1559/1942/1670 1560/1967/1694 1554/1943/1671
f 1554/1943/1671 1560/1967/1694 1555/1968/1695
f 1554/1943/1671 1555/1968/1695 1549/1944/1672
f 1549/1944/1672 1555/1968/1695 1550/1969/1696
f 1549/1944/1672 1550/1969/1696 1544/1945/1673
f 1544/1945/1673 1550/1969/1696 1545/1970/1697
f 1544/1945/1673 1545/1970/1697 1539/1946/1674
f 1539/1946/1674 1545/1970/1697 1540/1971/1698
f 1539/1946/1674 1540/1971/1698 1534/1947/1675
f 1534/1947/1675 1540/1971/1698 1535/1972/1699
f 1534/1947/1675 1535/1972/1699 1529/1948/1676
f 1529/1948/1676 1535/1972/1699 1530/1973/1700
f 1529/1948/1676 1530/1973/1700 1524/1949/1677
f 1524/1949/1677 1530/1973/1700 1525/1974/1701
f 1524/1949/1677 1525/1974/1701 1519/1950/1678
f 1519/1950/1678 1525/1974/1701 1520/1975/1702
f 1519/1950/1678 1520/1975/1702 1514/1951/1679
f 1514/1951/1679 1520/1975/1702 1515/1976/1703
f 1514/1951/1679 1515/1976/1703 1504/1952/1680
f 1504/1952/1680 1515/1976/1703 1505/1977/1704
f 1504/1952/1680 1505/1977/1704 1509/1953/1681
f 1509/1953/1681 1505/1977/1704 1508/1978/1705
f 1509/1953/1681 1508/1978/1705 1614/1954/1682
f 1614/1954/1682 1508/1978/1705 1615/1979/1706
f 1614/1954/1682 1615/1979/1706 1609/1955/1683
f 1609/1955/1683 1615/1979/1706 1610/1980/1707
f 1609/1955/1683 1610/1980/1707 1604/1956/1684
f 1604/1956/1684 1610/1980/1707 1605/1981/1708
f 1604/1956/1684 1605/1981/1708 1599/1957/1685
f 1599/1957/1685 1605/1981/1708 1600/1982/1709
f 1599/1957/1685 1600/1982/1709 1594/1958/1686
f 1594/1958/1686 1600/1982/1709 1595/1983/1710
f 1594/1958/1686 1595/1983/1710 1589/1959/1687
f 1589/1959/1687 1595/1983/1710 1590/1984/1711
f 1589/1959/1687 1590/1984/1711 1584/1960/1688
f 1584/1960/1688 1590/1984/1711 1585/1985/1712
f 1584/1960/1688 1585/1985/1712 1579/1961/1689
f 1579/1961/1689 1585/1985/1712 1580/1986/1713
f 1579/1961/1689 1580/1986/1713 1574/1962/1690
f 1574/1962/1690 1580/1986/1713 1575/1987/1714
f 1574/1962/1690 1575/1987/1714 1569/1963/1691
f 1569/1963/1691 1575/1987/1714 1570/1988/1715
f 1569/1963/1691 1570/1988/1715 1564/1964/1692
f 1564/1964/1692 1570/1988/1715 1565/1989/1716
f 1564/1964/1692 1565/1989/1716 1499/1965/1669
f 1499/1965/1669 1565/1989/1716 1500/1990/1693
f 1500/1966/1693 1501/1893/1624 1560/1967/1694
f 1560/1967/1694 1501/1893/1624 1561/1891/1622
f 1560/1967/1694 1561/1891/1622 1555/1968/1695
f 1555/1968/1695 1561/1891/1622 1556/1889/1620
f 1555/1968/1695 1556/1889/1620 1550/1969/1696
f 1550/1969/1696 1556/1889/1620 1551/1887/1618
f 1550/1969/1696 1551/1887/1618 1545/1970/1697
f 1545/1970/1697 1551/1887/1618 1546/1885/1616
f 1545/1970/1697 1546/1885/1616 1540/1971/1698
f 1540/1971/1698 1546/1885/1616 1541/1883/1614
f 1540/1971/1698 1541/1883/1614 1535/1972/1699
f 1535/1972/1699 1541/1883/1614 1536/1881/1612
f 1535/1972/1699 1536/1881/1612 1530/1973/1700
f 1530/1973/1700 1536/1881/1612 1531/1879/1610
f 1530/1973/1700 1531/1879/1610 1525/1974/1701
f 1525/1974/1701 1531/1879/1610 1526/1877/1608
f 1525/1974/1701 1526/1877/1608 1520/1975/1702
f 1520/1975/1702 1526/1877/1608 1521/1875/1606
f 1520/1975/1702 1521/1875/1606 1515/1976/1703
f 1515/1976/1703 1521/1875/1606 1516/1873/1604
f 1515/1976/1703 1516/1873/1604 1505/1977/1704
f 1505/1977/1704 1516/1873/1604 1506/1871/1602
f 1505/1977/1704 1506/1871/1602 1508/1978/1705
f 1508/1978/1705 1506/1871/1602 1507/1869/1600
f 1508/1978/1705 1507/1869/1600 1615/1979/1706
f 1615/1979/1706 1507/1869/1600 1616/1867/1598
f 1615/1979/1706 1616/1867/1598 1610/1980/1707
f 1610/1980/1707 1616/1867/1598 1611/1915/1644
f 1610/1980/1707 1611/1915/1644 1605/1981/1708
f 1605/1981/1708 1611/1915/1644 1606/1913/1642
f 1605/1981/1708 1606/1913/1642 1600/1982/1709
f 1600/1982/1709 1606/1913/1642 1601/1911/1640
f 1600/1982/1709 1601/1911/1640 1595/1983/1710
f 1595/1983/1710 1601/1911/1640 1596/1909/1638
f 1595/1983/1710 1596/1909/1638 1590/1984/1711
f 1590/1984/1711 1596/1909/1638 1591/1907/1636
f 1590/1984/1711 1591/1907/1636 1585/1985/1712
f 1585/1985/1712 1591/1907/1636 1586/1905/1634
f 1585/1985/1712 1586/1905/1634 1580/1986/1713
f 1580/1986/1713 1586/1905/1634 1581/1903/1632
f 1580/1986/1713 1581/1903/1632 1575/1987/1714
f 1575/1987/1714 1581/1903/1632 1576/1901/1630
f 1575/1987/1714 1576/1901/1630 1570/1988/1715
f 1570/1988/1715 1576/1901/1630 1571/1899/1628
f 1570/1988/1715 1571/1899/1628 1565/1989/1716
f 1565/1989/1716 1571/1899/1628 1566/1897/1626
f 1565/1989/1716 1566/1897/1626 1500/1990/1693
f 1500/1990/1693 1566/1897/1626 1501/1895/1624
f 848/1991/1717 1450/1992/1549 825/1993/1718
f 825/1993/1718 1450/1992/1549 1449/1994/1551
f 825/1995/1718 1449/1996/1551 826/1997/1719
f 826/1997/1719 1449/1996/1551 1472/1998/1553
f 826/1997/1719 1472/1998/1553 827/1999/1720
f 827/1999/1720 1472/1998/1553 1471/2000/1555
f 827/1999/1720 1471/2000/1555 828/2001/1721
f 828/2001/1721 1471/2000/1555 1470/2002/1557
f 828/2001/1721 1470/2002/1557 829/2003/1722
f 829/2003/1722 1470/2002/1557 1469/2004/1559
f 829/2003/1722 1469/2004/1559 830/2005/1723
f 830/2005/1723 1469/2004/1559 1468/2006/1561
f 830/2005/1723 1468/2006/1561 831/2007/1724
f 831/2007/1724 1468/2006/1561 1467/2008/1563
f 831/2007/1724 1467/2008/1563 832/2009/1725
f 832/2009/1725 1467/2008/1563 1466/2010/1565
f 832/2009/1725 1466/2010/1565 833/2011/1726
f 833/2011/1726 1466/2010/1565 1465/2012/1567
f 833/2011/1726 1465/2012/1567 834/2013/1727
f 834/2013/1727 1465/2012/1567 1464/2014/1569
f 834/2013/1727 1464/2014/1569 835/2015/1728
f 835/2015/1728 1464/2014/1569 1463/2016/1571
f 835/2015/1728 1463/2016/1571 836/2017/1729
f 836/2017/1729 1463/2016/1571 1462/2018/1573
f 836/2017/1729 1462/2018/1573 837/2019/1730
f 837/2019/1730 1462/2018/1573 1461/2020/1575
f 837/2019/1730 1461/2020/1575 838/2021/1731
f 838/2021/1731 1461/2020/1575 1460/2022/1577
f 838/2021/1731 1460/2022/1577 839/2023/1732
f 839/2023/1732 1460/2022/1577 1459/2024/1579
f 839/2023/1732 1459/2024/1579 840/2025/1733
f 840/2025/1733 1459/2024/1579 1458/2026/1581
f 840/2025/1733 1458/2026/1581 841/2027/1734
f 841/2027/1734 1458/2026/1581 1457/2028/1583
f 841/2027/1734 1457/2028/1583 842/2029/1735
f 842/2029/1735 1457/2028/1583 1456/2030/1585
f 842/2029/1735 1456/2030/1585 843/2031/1736
f 843/2031/1736 1456/2030/1585 1455/2032/1587
f 843/2031/1736 1455/2032/1587 844/2033/1737
f 844/2033/1737 1455/2032/1587 1454/2034/1589
f 844/2033/1737 1454/2034/1589 845/2035/1738
f 845/2035/1738 1454/2034/1589 1453/2036/1591
f 845/2035/1738 1453/2036/1591 846/2037/1739
f 846/2037/1739 1453/2036/1591 1452/2038/1593
f 846/2037/1739 1452/2038/1593 847/2039/1740
f 847/2039/1740 1452/2038/1593 1451/2040/1595
f 847/2039/1740 1451/2040/1595 848/1991/1717
f 848/1991/1717 1451/2040/1595 1450/1992/1549
f 1496/2041/1601 1486/2042/1621 1473/2043/1599
f 1473/2043/1599 1486/2042/1621 1485/2044/1623
f 1473/2043/1599 1485/2044/1623 1474/2045/1597
f 1474/2045/1597 1485/2044/1623 1484/2046/1625
f 1474/2045/1597 1484/2046/1625 1475/2047/1643
f 1475/2047/1643 1484/2046/1625 1483/2048/1627
f 1475/2047/1643 1483/2048/1627 1476/2049/1641
f 1476/2049/1641 1483/2048/1627 1482/2050/1629
f 1476/2049/1641 1482/2050/1629 1477/2051/1639
f 1477/2051/1639 1482/2050/1629 1481/2052/1631
f 1477/2051/1639 1481/2052/1631 1478/2053/1637
f 1478/2053/1637 1481/2052/1631 1480/2054/1633
f 1478/2053/1637 1480/2054/1633 1479/2055/1635
f 1486/2042/1621 1496/2041/1601 1487/2056/1619
f 1487/2056/1619 1496/2041/1601 1495/2057/1603
f 1487/2056/1619 1495/2057/1603 1488/2058/1617
f 1488/2058/1617 1495/2057/1603 1494/2059/1605
f 1488/2058/1617 1494/2059/1605 1489/2060/1615
f 1489/2060/1615 1494/2059/1605 1493/2061/1607
f 1489/2060/1615 1493/2061/1607 1490/2062/1613
f 1490/2062/1613 1493/2061/1607 1492/2063/1609
f 1490/2062/1613 1492/2063/1609 1491/2064/1611
f 1618/2065/1741 1670/2066/1742 1617/2067/1743
f 1617/2067/1743 1670/2066/1742 1679/2068/1744
f 1617/2067/1743 1679/2068/1744 1640/2069/1745
f 1640/2069/1745 1679/2068/1744 1780/2070/1746
f 1640/2069/1745 1780/2070/1746 1639/2071/1747
f 1639/2071/1747 1780/2070/1746 1775/2072/1748
f 1639/2071/1747 1775/2072/1748 1638/2073/1749
f 1638/2073/1749 1775/2072/1748 1770/2074/1750
f 1638/2073/1749 1770/2074/1750 1637/2075/1751
f 1637/2075/1751 1770/2074/1750 1765/2076/1752
f 1637/2075/1751 1765/2076/1752 1636/2077/1753
f 1636/2077/1753 1765/2076/1752 1760/2078/1754
f 1636/2077/1753 1760/2078/1754 1635/2079/1755
f 1635/2079/1755 1760/2078/1754 1755/2080/1756
f 1635/2079/1755 1755/2080/1756 1634/2081/1757
f 1634/2081/1757 1755/2080/1756 1750/2082/1758
f 1634/2081/1757 1750/2082/1758 1633/2083/1759
f 1633/2083/1759 1750/2082/1758 1745/2084/1760
f 1633/2083/1759 1745/2084/1760 1632/2085/1761
f 1632/2085/1761 1745/2084/1760 1740/2086/1762
f 1632/2085/1761 1740/2086/1762 1631/2087/1763
f 1631/2087/1763 1740/2086/1762 1735/2088/1764
f 1631/2087/1763 1735/2088/1764 1630/2089/1765
f 1630/2089/1765 1735/2088/1764 1730/2090/1766
f 1630/2089/1765 1730/2090/1766 1629/2091/1767
f 1629/2091/1767 1730/2090/1766 1665/2092/1768
f 1629/2093/1767 1665/2094/1768 1628/2095/1769
f 1628/2095/1769 1665/2094/1768 1725/2096/1770
f 1628/2095/1769 1725/2096/1770 1627/2097/1771
f 1627/2097/1771 1725/2096/1770 1720/2098/1772
f 1627/2097/1771 1720/2098/1772 1626/2099/1773
f 1626/2099/1773 1720/2098/1772 1715/2100/1774
f 1626/2099/1773 1715/2100/1774 1625/2101/1775
f 1625/2101/1775 1715/2100/1774 1710/2102/1776
f 1625/2101/1775 1710/2102/1776 1624/2103/1777
f 1624/2103/1777 1710/2102/1776 1705/2104/1778
f 1624/2103/1777 1705/2104/1778 1623/2105/1779
f 1623/2105/1779 1705/2104/1778 1700/2106/1780
f 1623/2105/1779 1700/2106/1780 1622/2107/1781
f 1622/2107/1781 1700/2106/1780 1695/2108/1782
f 1622/2107/1781 1695/2108/1782 1621/2109/1783
f 1621/2109/1783 1695/2108/1782 1690/2110/1784
f 1621/2109/1783 1690/2110/1784 1620/2111/1785
f 1620/2111/1785 1690/2110/1784 1685/2112/1786
f 1620/2111/1785 1685/2112/1786 1619/2113/1787
f 1619/2113/1787 1685/2112/1786 1680/2114/1788
f 1619/2113/1787 1680/2114/1788 1618/2065/1741
f 1618/2065/1741 1680/2114/1788 1670/2066/1742
f 1642/2115/1789 1784/2116/1790 1641/2117/1791
f 1641/2117/1791 1784/2116/1790 1675/2118/1792
f 1641/2117/1791 1675/2118/1792 1664/2119/1793
f 1664/2119/1793 1675/2118/1792 1674/2120/1794
f 1664/2119/1793 1674/2120/1794 1663/2121/1795
f 1663/2121/1795 1674/2120/1794 1684/2122/1796
f 1663/2121/1795 1684/2122/1796 1662/2123/1797
f 1662/2123/1797 1684/2122/1796 1689/2124/1798
f 1662/2123/1797 1689/2124/1798 1661/2125/1799
f 1661/2125/1799 1689/2124/1798 1694/2126/1800
f 1661/2125/1799 1694/2126/1800 1660/2127/1801
f 1660/2127/1801 1694/2126/1800 1699/2128/1802
f 1660/2127/1801 1699/2128/1802 1659/2129/1803
f 1659/2129/1803 1699/2128/1802 1704/2130/1804
f 1659/2129/1803 1704/2130/1804 1658/2131/1805
f 1658/2131/1805 1704/2130/1804 1709/2132/1806
f 1658/2131/1805 1709/2132/1806 1657/2133/1807
f 1657/2133/1807 1709/2132/1806 1714/2134/1808
f 1657/2133/1807 1714/2134/1808 1656/2135/1809
f 1656/2135/1809 1714/2134/1808 1719/2136/1810
f 1656/2135/1809 1719/2136/1810 1655/2137/1811
f 1655/2137/1811 1719/2136/1810 1724/2138/1812
f 1655/2137/1811 1724/2138/1812 1654/2139/1813
f 1654/2139/1813 1724/2138/1812 1729/2140/1814
f 1654/2139/1813 1729/2140/1814 1653/2141/1815
f 1653/2141/1815 1729/2140/1814 1669/2142/1816
f 1653/2143/1815 1669/2144/1816 1652/2145/1817
f 1652/2145/1817 1669/2144/1816 1734/2146/1818
f 1652/2145/1817 1734/2146/1818 1651/2147/1819
f 1651/2147/1819 1734/2146/1818 1739/2148/1820
f 1651/2147/1819 1739/2148/1820 1650/2149/1821
f 1650/2149/1821 1739/2148/1820 1744/2150/1822
f 1650/2149/1821 1744/2150/1822 1649/2151/1823
f 1649/2151/1823 1744/2150/1822 1749/2152/1824
f 1649/2151/1823 1749/2152/1824 1648/2153/1825
f 1648/2153/1825 1749/2152/1824 1754/2154/1826
f 1648/2153/1825 1754/2154/1826 1647/2155/1827
f 1647/2155/1827 1754/2154/1826 1759/2156/1828
f 1647/2155/1827 1759/2156/1828 1646/2157/1829
f 1646/2157/1829 1759/2156/1828 1764/2158/1830
f 1646/2157/1829 1764/2158/1830 1645/2159/1831
f 1645/2159/1831 1764/2158/1830 1769/2160/1832
f 1645/2159/1831 1769/2160/1832 1644/2161/1833
f 1644/2161/1833 1769/2160/1832 1774/2162/1834
f 1644/2161/1833 1774/2162/1834 1643/2163/1835
f 1643/2163/1835 1774/2162/1834 1779/2164/1836
f 1643/2163/1835 1779/2164/1836 1642/2115/1789
f 1642/2115/1789 1779/2164/1836 1784/2116/1790
f 1665/2094/1768 1666/2165/1837 1725/2096/1770
f 1725/2096/1770 1666/2165/1837 1726/2166/1838
f 1725/2096/1770 1726/2166/1838 1720/2098/1772
f 1720/2098/1772 1726/2166/1838 1721/2167/1839
f 1720/2098/1772 1721/2167/1839 1715/2100/1774
f 1715/2100/1774 1721/2167/1839 1716/2168/1840
f 1715/2100/1774 1716/2168/1840 1710/2102/1776
f 1710/2102/1776 1716/2168/1840 1711/2169/1841
f 1710/2102/1776 1711/2169/1841 1705/2104/1778
f 1705/2104/1778 1711/2169/1841 1706/2170/1842
f 1705/2104/1778 1706/2170/1842 1700/2106/1780
f 1700/2106/1780 1706/2170/1842 1701/2171/1843
f 1700/2106/1780 1701/2171/1843 1695/2108/1782
f 1695/2108/1782 1701/2171/1843 1696/2172/1844
f 1695/2108/1782 1696/2172/1844 1690/2110/1784
f 1690/2110/1784 1696/2172/1844 1691/2173/1845
f 1690/2110/1784 1691/2173/1845 1685/2112/1786
f 1685/2112/1786 1691/2173/1845 1686/2174/1846
f 1685/2112/1786 1686/2174/1846 1680/2114/1788
f 1680/2114/1788 1686/2174/1846 1681/2175/1847
f 1680/2114/1788 1681/2175/1847 1670/2066/1742
f 1670/2066/1742 1681/2175/1847 1671/2176/1848
f 1670/2066/1742 1671/2176/1848 1679/2068/1744
f 1679/2068/1744 1671/2176/1848 1678/2177/1849
f 1679/2068/1744 1678/2177/1849 1780/2070/1746
f 1780/2070/1746 1678/2177/1849 1781/2178/1850
f 1780/2070/1746 1781/2178/1850 1775/2072/1748
f 1775/2072/1748 1781/2178/1850 1776/2179/1851
f 1775/2072/1748 1776/2179/1851 1770/2074/1750
f 1770/2074/1750 1776/2179/1851 1771/2180/1852
f 1770/2074/1750 1771/2180/1852 1765/2076/1752
f 1765/2076/1752 1771/2180/1852 1766/2181/1853
f 1765/2076/1752 1766/2181/1853 1760/2078/1754
f 1760/2078/1754 1766/2181/1853 1761/2182/1854
f 1760/2078/1754 1761/2182/1854 1755/2080/1756
f 1755/2080/1756 1761/2182/1854 1756/2183/1855
f 1755/2080/1756 1756/2183/1855 1750/2082/1758
f 1750/2082/1758 1756/2183/1855 1751/2184/1856
f 1750/2082/1758 1751/2184/1856 1745/2084/1760
f 1745/2084/1760 1751/2184/1856 1746/2185/1857
f 1745/2084/1760 1746/2185/1857 1740/2086/1762
f 1740/2086/1762 1746/2185/1857 1741/2186/1858
f 1740/2086/1762 1741/2186/1858 1735/2088/1764
f 1735/2088/1764 1741/2186/1858 1736/2187/1859
f 1735/2088/1764 1736/2187/1859 1730/2090/1766
f 1730/2090/1766 1736/2187/1859 1731/2188/1860
f 1730/2090/1766 1731/2188/1860 1665/2092/1768
f 1665/2092/1768 1731/2188/1860 1666/2189/1837
f 1666/2165/1837 1667/2190/1861 1726/2166/1838
f 1726/2166/1838 1667/2190/1861 1727/2191/1862
f 1726/2166/1838 1727/2191/1862 1721/2167/1839
f 1721/2167/1839 1727/2191/1862 1722/2192/1863
f 1721/2167/1839 1722/2192/1863 1716/2168/1840
f 1716/2168/1840 1722/2192/1863 1717/2193/1864
f 1716/2168/1840 1717/2193/1864 1711/2169/1841
f 1711/2169/1841 1717/2193/1864 1712/2194/1865
f 1711/2169/1841 1712/2194/1865 1706/2170/1842
f 1706/2170/1842 1712/2194/1865 1707/2195/1866
f 1706/2170/1842 1707/2195/1866 1701/2171/1843
f 1701/2171/1843 1707/2195/1866 1702/2196/1867
f 1701/2171/1843 1702/2196/1867 1696/2172/1844
f 1696/2172/1844 1702/2196/1867 1697/2197/1868
f 1696/2172/1844 1697/2197/1868 1691/2173/1845
f 1691/2173/1845 1697/2197/1868 1692/2198/1869
f 1691/2173/1845 1692/2198/1869 1686/2174/1846
f 1686/2174/1846 1692/2198/1869 1687/2199/1870
f 1686/2174/1846 1687/2199/1870 1681/2175/1847
f 1681/2175/1847 1687/2199/1870 1682/2200/1871
f 1681/2175/1847 1682/2200/1871 1671/2176/1848
f 1671/2176/1848 1682/2200/1871 1672/2201/1872
f 1671/2176/1848 1672/2201/1872 1678/2177/1849
f 1678/2177/1849 1672/2201/1872 1677/2202/1873
f 1678/2177/1849 1677/2202/1873 1781/2178/1850
f 1781/2178/1850 1677/2202/1873 1782/2203/1874
f 1781/2178/1850 1782/2203/1874 1776/2179/1851
f 1776/2179/1851 1782/2203/1874 1777/2204/1875
f 1776/2179/1851 1777/2204/1875 1771/2180/1852
f 1771/2180/1852 1777/2204/1875 1772/2205/1876
f 1771/2180/1852 1772/2205/1876 1766/2181/1853
f 1766/2181/1853 1772/2205/1876 1767/2206/1877
f 1766/2181/1853 1767/2206/1877 1761/2182/1854
f 1761/2182/1854 1767/2206/1877 1762/2207/1878
f 1761/2182/1854 1762/2207/1878 1756/2183/1855
f 1756/2183/1855 1762/2207/1878 1757/2208/1879
f 1756/2183/1855 1757/2208/1879 1751/2184/1856
f 1751/2184/1856 1757/2208/1879 1752/2209/1880
f 1751/2184/1856 1752/2209/1880 1746/2185/1857
f 1746/2185/1857 1752/2209/1880 1747/2210/1881
f 1746/2185/1857 1747/2210/1881 1741/2186/1858
f 1741/2186/1858 1747/2210/1881 1742/2211/1882
f 1741/2186/1858 1742/2211/1882 1736/2187/1859
f 1736/2187/1859 1742/2211/1882 1737/2212/1883
f 1736/2187/1859 1737/2212/1883 1731/2188/1860
f 1731/2188/1860 1737/2212/1883 1732/2213/1884
f 1731/2188/1860 1732/2213/1884 1666/2189/1837
f 1666/2189/1837 1732/2213/1884 1667/2214/1861
f 1667/2190/1861 1668/2215/1885 1727/2191/1862
f 1727/2191/1862 1668/2215/1885 1728/2216/1886
f 1727/2191/1862 1728/2216/1886 1722/2192/1863
f 1722/2192/1863 1728/2216/1886 1723/2217/1887
f 1722/2192/1863 1723/2217/1887 1717/2193/1864
f 1717/2193/1864 1723/2217/1887 1718/2218/1888
f 1717/2193/1864 1718/2218/1888 1712/2194/1865
f 1712/2194/1865 1718/2218/1888 1713/2219/1889
f 1712/2194/1865 1713/2219/1889 1707/2195/1866
f 1707/2195/1866 1713/2219/1889 1708/2220/1890
f 1707/2195/1866 1708/2220/1890 1702/2196/1867
f 1702/2196/1867 1708/2220/1890 1703/2221/1891
f 1702/2196/1867 1703/2221/1891 1697/2197/1868
f 1697/2197/1868 1703/2221/1891 1698/2222/1892
f 1697/2197/1868 1698/2222/1892 1692/2198/1869
f 1692/2198/1869 1698/2222/1892 1693/2223/1893
f 1692/2198/1869 1693/2223/1893 1687/2199/1870
f 1687/2199/1870 1693/2223/1893 1688/2224/1894
f 1687/2199/1870 1688/2224/1894 1682/2200/1871
f 1682/2200/1871 1688/2224/1894 1683/2225/1895
f 1682/2200/1871 1683/2225/1895 1672/2201/1872
f 1672/2201/1872 1683/2225/1895 1673/2226/1896
f 1672/2201/1872 1673/2226/1896 1677/2202/1873
f 1677/2202/1873 1673/2226/1896 1676/2227/1897
f 1677/2202/1873 1676/2227/1897 1782/2203/1874
f 1782/2203/1874 1676/2227/1897 1783/2228/1898
f 1782/2203/1874 1783/2228/1898 1777/2204/1875
f 1777/2204/1875 1783/2228/1898 1778/2229/1899
f 1777/2204/1875 1778/2229/1899 1772/2205/1876
f 1772/2205/1876 1778/2229/1899 1773/2230/1900
f 1772/2205/1876 1773/2230/1900 1767/2206/1877
f 1767/2206/1877 1773/2230/1900 1768/2231/1901
f 1767/2206/1877 1768/2231/1901 1762/2207/1878
f 1762/2207/1878 1768/2231/1901 1763/2232/1902
f 1762/2207/1878 1763/2232/1902 1757/2208/1879
f 1757/2208/1879 1763/2232/1902 1758/2233/1903
f 1757/2208/1879 1758/2233/1903 1752/2209/1880
f 1752/2209/1880 1758/2233/1903 1753/2234/1904
f 1752/2209/1880 1753/2234/1904 1747/2210/1881
f 1747/2210/1881 1753/2234/1904 1748/2235/1905
f 1747/2210/1881 1748/2235/1905 1742/2211/1882
f 1742/2211/1882 1748/2235/1905 1743/2236/1906
f 1742/2211/1882 1743/2236/1906 1737/2212/1883
f 1737/2212/1883 1743/2236/1906 1738/2237/1907
f 1737/2212/1883 1738/2237/1907 1732/2213/1884
f 1732/2213/1884 1738/2237/1907 1733/2238/1908
f 1732/2213/1884 1733/2238/1908 1667/2214/1861
f 1667/2214/1861 1733/2238/1908 1668/2239/1885
f 1668/2215/1885 1669/2142/1816 1728/2216/1886
f 1728/2216/1886 1669/2142/1816 1729/2140/1814
f 1728/2216/1886 1729/2140/1814 1723/2217/1887
f 1723/2217/1887 1729/2140/1814 1724/2138/1812
f 1723/2217/1887 1724/2138/1812 1718/2218/1888
f 1718/2218/1888 1724/2138/1812 1719/2136/1810
f 1718/2218/1888 1719/2136/1810 1713/2219/1889
f 1713/2219/1889 1719/2136/1810 1714/2134/1808
f 1713/2219/1889 1714/2134/1808 1708/2220/1890
f 1708/2220/1890 1714/2134/1808 1709/2132/1806
f 1708/2220/1890 1709/2132/1806 1703/2221/1891
f 1703/2221/1891 1709/2132/1806 1704/2130/1804
f 1703/2221/1891 1704/2130/1804 1698/2222/1892
f 1698/2222/1892 1704/2130/1804 1699/2128/1802
f 1698/2222/1892 1699/2128/1802 1693/2223/1893
f 1693/2223/1893 1699/2128/1802 1694/2126/1800
f 1693/2223/1893 1694/2126/1800 1688/2224/1894
f 1688/2224/1894 1694/2126/1800 1689/2124/1798
f 1688/2224/1894 1689/2124/1798 1683/2225/1895
f 1683/2225/1895 1689/2124/1798 1684/2122/1796
f 1683/2225/1895 1684/2122/1796 1673/2226/1896
f 1673/2226/1896 1684/2122/1796 1674/2120/1794
f 1673/2226/1896 1674/2120/1794 1676/2227/1897
f 1676/2227/1897 1674/2120/1794 1675/2118/1792
f 1676/2227/1897 1675/2118/1792 1783/2228/1898
f 1783/2228/1898 1675/2118/1792 1784/2116/1790
f 1783/2228/1898 1784/2116/1790 1778/2229/1899
f 1778/2229/1899 1784/2116/1790 1779/2164/1836
f 1778/2229/1899 1779/2164/1836 1773/2230/1900
f 1773/2230/1900 1779/2164/1836 1774/2162/1834
f 1773/2230/1900 1774/2162/1834 1768/2231/1901
f 1768/2231/1901 1774/2162/1834 1769/2160/1832
f 1768/2231/1901 1769/2160/1832 1763/2232/1902
f 1763/2232/1902 1769/2160/1832 1764/2158/1830
f 1763/2232/1902 1764/2158/1830 1758/2233/1903
f 1758/2233/1903 1764/2158/1830 1759/2156/1828
f 1758/2233/1903 1759/2156/1828 1753/2234/1904
f 1753/2234/1904 1759/2156/1828 1754/2154/1826
f 1753/2234/1904 1754/2154/1826 1748/2235/1905
f 1748/2235/1905 1754/2154/1826 1749/2152/1824
f 1748/2235/1905 1749/2152/1824 1743/2236/1906
f 1743/2236/1906 1749/2152/1824 1744/2150/1822
f 1743/2236/1906 1744/2150/1822 1738/2237/1907
f 1738/2237/1907 1744/2150/1822 1739/2148/1820
f 1738/2237/1907 1739/2148/1820 1733/2238/1908
f 1733/2238/1908 1739/2148/1820 1734/2146/1818
f 1733/2238/1908 1734/2146/1818 1668/2239/1885
f 1668/2239/1885 1734/2146/1818 1669/2144/1816
f 872/2240/1909 1618/2241/1741 849/2242/1910
f 849/2242/1910 1618/2241/1741 1617/2243/1743
f 849/2244/1910 1617/2245/1743 850/2246/1911
f 850/2246/1911 1617/2245/1743 1640/2247/1745
f 850/2246/1911 1640/2247/1745 851/2248/1912
f 851/2248/1912 1640/2247/1745 1639/2249/1747
f 851/2248/1912 1639/2249/1747 852/2250/1913
f 852/2250/1913 1639/2249/1747 1638/2251/1749
f 852/2250/1913 1638/2251/1749 853/2252/1914
f 853/2252/1914 1638/2251/1749 1637/2253/1751
f 853/2252/1914 1637/2253/1751 854/2254/1915
f 854/2254/1915 1637/2253/1751 1636/2255/1753
f 854/2254/1915 1636/2255/1753 855/2256/1916
f 855/2256/1916 1636/2255/1753 1635/2257/1755
f 855/2256/1916 1635/2257/1755 856/2258/1917
f 856/2258/1917 1635/2257/1755 1634/2259/1757
f 856/2258/1917 1634/2259/1757 857/2260/1918
f 857/2260/1918 1634/2259/1757 1633/2261/1759
f 857/2260/1918 1633/2261/1759 858/2262/1919
f 858/2262/1919 1633/2261/1759 1632/2263/1761
f 858/2262/1919 1632/2263/1761 859/2264/1920
f 859/2264/1920 1632/2263/1761 1631/2265/1763
f 859/2264/1920 1631/2265/1763 860/2266/1921
f 860/2266/1921 1631/2265/1763 1630/2267/1765
f 860/2266/1921 1630/2267/1765 861/2268/1922
f 861/2268/1922 1630/2267/1765 1629/2269/1767
f 861/2268/1922 1629/2269/1767 862/2270/1923
f 862/2270/1923 1629/2269/1767 1628/2271/1769
f 862/2270/1923 1628/2271/1769 863/2272/1924
f 863/2272/1924 1628/2271/1769 1627/2273/1771
f 863/2272/1924 1627/2273/1771 864/2274/1925
f 864/2274/1925 1627/2273/1771 1626/2275/1773
f 864/2274/1925 1626/2275/1773 865/2276/1926
f 865/2276/1926 1626/2275/1773 1625/2277/1775
f 865/2276/1926 1625/2277/1775 866/2278/1927
f 866/2278/1927 1625/2277/1775 1624/2279/1777
f 866/2278/1927 1624/2279/1777 867/2280/1928
f 867/2280/1928 1624/2279/1777 1623/2281/1779
f 867/2280/1928 1623/2281/1779 868/2282/1929
f 868/2282/1929 1623/2281/1779 1622/2283/1781
f 868/2282/1929 1622/2283/1781 869/2284/1930
f 869/2284/1930 1622/2283/1781 1621/2285/1783
f 869/2284/1930 1621/2285/1783 870/2286/1931
f 870/2286/1931 1621/2285/1783 1620/2287/1785
f 870/2286/1931 1620/2287/1785 871/2288/1932
f 871/2288/1932 1620/2287/1785 1619/2289/1787
f 871/2288/1932 1619/2289/1787 872/2240/1909
f 872/2240/1909 1619/2289/1787 1618/2241/1741
f 1664/2290/1793 1654/2291/1813 1641/2292/1791
f 1641/2292/1791 1654/2291/1813 1653/2293/1815
f 1641/2292/1791 1653/2293/1815 1642/2294/1789
f 1642/2294/1789 1653/2293/1815 1652/2295/1817
f 1642/2294/1789 1652/2295/1817 1643/2296/1835
f 1643/2296/1835 1652/2295/1817 1651/2297/1819
f 1643/2296/1835 1651/2297/1819 1644/2298/1833
f 1644/2298/1833 1651/2297/1819 1650/2299/1821
f 1644/2298/1833 1650/2299/1821 1645/2300/1831
f 1645/2300/1831 1650/2299/1821 1649/2301/1823
f 1645/2300/1831 1649/2301/1823 1646/2302/1829
f 1646/2302/1829 1649/2301/1823 1648/2303/1825
f 1646/2302/1829 1648/2303/1825 1647/2304/1827
f 1654/2291/1813 1664/2290/1793 1655/2305/1811
f 1655/2305/1811 1664/2290/1793 1663/2306/1795
f 1655/2305/1811 1663/2306/1795 1656/2307/1809
f 1656/2307/1809 1663/2306/1795 1662/2308/1797
f 1656/2307/1809 1662/2308/1797 1657/2309/1807
f 1657/2309/1807 1662/2308/1797 1661/2310/1799
f 1657/2309/1807 1661/2310/1799 1658/2311/1805
f 1658/2311/1805 1661/2310/1799 1660/2312/1801
f 1658/2311/1805 1660/2312/1801 1659/2313/1803
f 1786/2314/1933 1838/2315/1934 1785/2316/1935
f 1785/2316/1935 1838/2315/1934 1847/2317/1936
f 1785/2316/1935 1847/2317/1936 1808/2318/1937
f 1808/2318/1937 1847/2317/1936 1948/2319/1938
f 1808/2318/1937 1948/2319/1938 1807/2320/1939
f 1807/2320/1939 1948/2319/1938 1943/2321/1940
f 1807/2320/1939 1943/2321/1940 1806/2322/1941
f 1806/2322/1941 1943/2321/1940 1938/2323/1942
f 1806/2322/1941 1938/2323/1942 1805/2324/1943
f 1805/2324/1943 1938/2323/1942 1933/2325/1944
f 1805/2324/1943 1933/2325/1944 1804/2326/1945
f 1804/2326/1945 1933/2325/1944 1928/2327/1946
f 1804/2326/1945 1928/2327/1946 1803/2328/1947
f 1803/2328/1947 1928/2327/1946 1923/2329/1948
f 1803/2328/1947 1923/2329/1948 1802/2330/1949
f 1802/2330/1949 1923/2329/1948 1918/2331/1950
f 1802/2330/1949 1918/2331/1950 1801/2332/1951
f 1801/2332/1951 1918/2331/1950 1913/2333/1952
f 1801/2332/1951 1913/2333/1952 1800/2334/1953
f 1800/2334/1953 1913/2333/1952 1908/2335/1954
f 1800/2334/1953 1908/2335/1954 1799/2336/1955
f 1799/2336/1955 1908/2335/1954 1903/2337/1956
f 1799/2336/1955 1903/2337/1956 1798/2338/1957
f 1798/2338/1957 1903/2337/1956 1898/2339/1958
f 1798/2338/1957 1898/2339/1958 1797/2340/1959
f 1797/2340/1959 1898/2339/1958 1833/2341/1960
f 1797/2342/1959 1833/2343/1960 1796/2344/1961
f 1796/2344/1961 1833/2343/1960 1893/2345/1962
f 1796/2344/1961 1893/2345/1962 1795/2346/1963
f 1795/2346/1963 1893/2345/1962 1888/2347/1964
f 1795/2346/1963 1888/2347/1964 1794/2348/1965
f 1794/2348/1965 1888/2347/1964 1883/2349/1966
f 1794/2348/1965 1883/2349/1966 1793/2350/1967
f 1793/2350/1967 1883/2349/1966 1878/2351/1968
f 1793/2350/1967 1878/2351/1968 1792/2352/1969
f 1792/2352/1969 1878/2351/1968 1873/2353/1970
f 1792/2352/1969 1873/2353/1970 1791/2354/1971
f 1791/2354/1971 1873/2353/1970 1868/2355/1972
f 1791/2354/1971 1868/2355/1972 1790/2356/1973
f 1790/2356/1973 1868/2355/1972 1863/2357/1974
f 1790/2356/1973 1863/2357/1974 1789/2358/1975
f 1789/2358/1975 1863/2357/1974 1858/2359/1976
f 1789/2358/1975 1858/2359/1976 1788/2360/1977
f 1788/2360/1977 1858/2359/1976 1853/2361/1978
f 1788/2360/1977 1853/2361/1978 1787/2362/1979
f 1787/2362/1979 1853/2361/1978 1848/2363/1980
f 1787/2362/1979 1848/2363/1980 1786/2314/1933
f 1786/2314/1933 1848/2363/1980 1838/2315/1934
f 1810/2364/1981 1952/2365/1982 1809/2366/1983
f 1809/2366/1983 1952/2365/1982 1843/2367/1984
f 1809/2366/1983 1843/2367/1984 1832/2368/1985
f 1832/2368/1985 1843/2367/1984 1842/2369/1986
f 1832/2368/1985 1842/2369/1986 1831/2370/1987
f 1831/2370/1987 1842/2369/1986 1852/2371/1988
f 1831/2370/1987 1852/2371/1988 1830/2372/1989
f 1830/2372/1989 1852/2371/1988 1857/2373/1990
f 1830/2372/1989 1857/2373/1990 1829/2374/1991
f 1829/2374/1991 1857/2373/1990 1862/2375/1992
f 1829/2374/1991 1862/2375/1992 1828/2376/1993
f 1828/2376/1993 1862/2375/1992 1867/2377/1994
f 1828/2376/1993 1867/2377/1994 1827/2378/1995
f 1827/2378/1995 1867/2377/1994 1872/2379/1996
f 1827/2378/1995 1872/2379/1996 1826/2380/1997
f 1826/2380/1997 1872/2379/1996 1877/2381/1998
f 1826/2380/1997 1877/2381/1998 1825/2382/1999
f 1825/2382/1999 1877/2381/1998 1882/2383/2000
f 1825/2382/1999 1882/2383/2000 1824/2384/2001
f 1824/2384/2001 1882/2383/2000 1887/2385/2002
f 1824/2384/2001 1887/2385/2002 1823/2386/2003
f 1823/2386/2003 1887/2385/2002 1892/2387/2004
f 1823/2386/2003 1892/2387/2004 1822/2388/2005
f 1822/2388/2005 1892/2387/2004 1897/2389/2006
f 1822/2388/2005 1897/2389/2006 1821/2390/2007
f 1821/2390/2007 1897/2389/2006 1837/2391/2008
f 1821/2392/2007 1837/2393/2008 1820/2394/2009
f 1820/2394/2009 1837/2393/2008 1902/2395/2010
f 1820/2394/2009 1902/2395/2010 1819/2396/2011
f 1819/2396/2011 1902/2395/2010 1907/2397/2012
f 1819/2396/2011 1907/2397/2012 1818/2398/2013
f 1818/2398/2013 1907/2397/2012 1912/2399/2014
f 1818/2398/2013 1912/2399/2014 1817/2400/2015
f 1817/2400/2015 1912/2399/2014 1917/2401/2016
f 1817/2400/2015 1917/2401/2016 1816/2402/2017
f 1816/2402/2017 1917/2401/2016 1922/2403/2018
f 1816/2402/2017 1922/2403/2018 1815/2404/2019
f 1815/2404/2019 1922/2403/2018 1927/2405/2020
f 1815/2404/2019 1927/2405/2020 1814/2406/2021
f 1814/2406/2021 1927/2405/2020 1932/2407/2022
f 1814/2406/2021 1932/2407/2022 1813/2408/2023
f 1813/2408/2023 1932/2407/2022 1937/2409/2024
f 1813/2408/2023 1937/2409/2024 1812/2410/2025
f 1812/2410/2025 1937/2409/2024 1942/2411/2026
f 1812/2410/2025 1942/2411/2026 1811/2412/2027
f 1811/2412/2027 1942/2411/2026 1947/2413/2028
f 1811/2412/2027 1947/2413/2028 1810/2364/1981
f 1810/2364/1981 1947/2413/2028 1952/2365/1982
f 1833/2343/1960 1834/2414/2029 1893/2345/1962
f 1893/2345/1962 1834/2414/2029 1894/2415/2030
f 1893/2345/1962 1894/2415/2030 1888/2347/1964
f 1888/2347/1964 1894/2415/2030 1889/2416/2031
f 1888/2347/1964 1889/2416/2031 1883/2349/1966
f 1883/2349/1966 1889/2416/2031 1884/2417/2032
f 1883/2349/1966 1884/2417/2032 1878/2351/1968
f 1878/2351/1968 1884/2417/2032 1879/2418/2033
f 1878/2351/1968 1879/2418/2033 1873/2353/1970
f 1873/2353/1970 1879/2418/2033 1874/2419/2034
f 1873/2353/1970 1874/2419/2034 1868/2355/1972
f 1868/2355/1972 1874/2419/2034 1869/2420/2035
f 1868/2355/1972 1869/2420/2035 1863/2357/1974
f 1863/2357/1974 1869/2420/2035 1864/2421/2036
f 1863/2357/1974 1864/2421/2036 1858/2359/1976
f 1858/2359/1976 1864/2421/2036 1859/2422/2037
f 1858/2359/1976 1859/2422/2037 1853/2361/1978
f 1853/2361/1978 1859/2422/2037 1854/2423/2038
f 1853/2361/1978 1854/2423/2038 1848/2363/1980
f 1848/2363/1980 1854/2423/2038 1849/2424/2039
f 1848/2363/1980 1849/2424/2039 1838/2315/1934
f 1838/2315/1934 1849/2424/2039 1839/2425/2040
f 1838/2315/1934 1839/2425/2040 1847/2317/1936
f 1847/2317/1936 1839/2425/2040 1846/2426/2041
f 1847/2317/1936 1846/2426/2041 1948/2319/1938
f 1948/2319/1938 1846/2426/2041 1949/2427/2042
f 1948/2319/1938 1949/2427/2042 1943/2321/1940
f 1943/2321/1940 1949/2427/2042 1944/2428/2043
f 1943/2321/1940 1944/2428/2043 1938/2323/1942
f 1938/2323/1942 1944/2428/2043 1939/2429/2044
f 1938/2323/1942 1939/2429/2044 1933/2325/1944
f 1933/2325/1944 1939/2429/2044 1934/2430/2045
f 1933/2325/1944 1934/2430/2045 1928/2327/1946
f 1928/2327/1946 1934/2430/2045 1929/2431/2046
f 1928/2327/1946 1929/2431/2046 1923/2329/1948
f 1923/2329/1948 1929/2431/2046 1924/2432/2047
f 1923/2329/1948 1924/2432/2047 1918/2331/1950
f 1918/2331/1950 1924/2432/2047 1919/2433/2048
f 1918/2331/1950 1919/2433/2048 1913/2333/1952
f 1913/2333/1952 1919/2433/2048 1914/2434/2049
f 1913/2333/1952 1914/2434/2049 1908/2335/1954
f 1908/2335/1954 1914/2434/2049 1909/2435/2050
f 1908/2335/1954 1909/2435/2050 1903/2337/1956
f 1903/2337/1956 1909/2435/2050 1904/2436/2051
f 1903/2337/1956 1904/2436/2051 1898/2339/1958
f 1898/2339/1958 1904/2436/2051 1899/2437/2052
f 1898/2339/1958 1899/2437/2052 1833/2341/1960
f 1833/2341/1960 1899/2437/2052 1834/2438/2029
f 1834/2414/2029 1835/2439/2053 1894/2415/2030
f 1894/2415/2030 1835/2439/2053 1895/2440/2054
f 1894/2415/2030 1895/2440/2054 1889/2416/2031
f 1889/2416/2031 1895/2440/2054 1890/2441/2055
f 1889/2416/2031 1890/2441/2055 1884/2417/2032
f 1884/2417/2032 1890/2441/2055 1885/2442/2056
f 1884/2417/2032 1885/2442/2056 1879/2418/2033
f 1879/2418/2033 1885/2442/2056 1880/2443/2057
f 1879/2418/2033 1880/2443/2057 1874/2419/2034
f 1874/2419/2034 1880/2443/2057 1875/2444/2058
f 1874/2419/2034 1875/2444/2058 1869/2420/2035
f 1869/2420/2035 1875/2444/2058 1870/2445/2059
f 1869/2420/2035 1870/2445/2059 1864/2421/2036
f 1864/2421/2036 1870/2445/2059 1865/2446/2060
f 1864/2421/2036 1865/2446/2060 1859/2422/2037
f 1859/2422/2037 1865/2446/2060 1860/2447/2061
f 1859/2422/2037 1860/2447/2061 1854/2423/2038
f 1854/2423/2038 1860/2447/2061 1855/2448/2062
f 1854/2423/2038 1855/2448/2062 1849/2424/2039
f 1849/2424/2039 1855/2448/2062 1850/2449/2063
f 1849/2424/2039 1850/2449/2063 1839/2425/2040
f 1839/2425/2040 1850/2449/2063 1840/2450/2064
f 1839/2425/2040 1840/2450/2064 1846/2426/2041
f 1846/2426/2041 1840/2450/2064 1845/2451/2065
f 1846/2426/2041 1845/2451/2065 1949/2427/2042
f 1949/2427/2042 1845/2451/2065 1950/2452/2066
f 1949/2427/2042 1950/2452/2066 1944/2428/2043
f 1944/2428/2043 1950/2452/2066 1945/2453/2067
f 1944/2428/2043 1945/2453/2067 1939/2429/2044
f 1939/2429/2044 1945/2453/2067 1940/2454/2068
f 1939/2429/2044 1940/2454/2068 1934/2430/2045
f 1934/2430/2045 1940/2454/2068 1935/2455/2069
f 1934/2430/2045 1935/2455/2069 1929/2431/2046
f 1929/2431/2046 1935/2455/2069 1930/2456/2070
f 1929/2431/2046 1930/2456/2070 1924/2432/2047
f 1924/2432/2047 1930/2456/2070 1925/2457/2071
f 1924/2432/2047 1925/2457/2071 1919/2433/2048
f 1919/2433/2048 1925/2457/2071 1920/2458/2072
f 1919/2433/2048 1920/2458/2072 1914/2434/2049
f 1914/2434/2049 1920/2458/2072 1915/2459/2073
f 1914/2434/2049 1915/2459/2073 1909/2435/2050
f 1909/2435/2050 1915/2459/2073 1910/2460/2074
f 1909/2435/2050 1910/2460/2074 1904/2436/2051
f 1904/2436/2051 1910/2460/2074 1905/2461/2075
f 1904/2436/2051 1905/2461/2075 1899/2437/2052
f 1899/2437/2052 1905/2461/2075 1900/2462/2076
f 1899/2437/2052 1900/2462/2076 1834/2438/2029
f 1834/2438/2029 1900/2462/2076 1835/2463/2053
f 1835/2439/2053 1836/2464/2077 1895/2440/2054
f 1895/2440/2054 1836/2464/2077 1896/2465/2078
f 1895/2440/2054 1896/2465/2078 1890/2441/2055
f 1890/2441/2055 1896/2465/2078 1891/2466/2079
f 1890/2441/2055 1891/2466/2079 1885/2442/2056
f 1885/2442/2056 1891/2466/2079 1886/2467/2080
f 1885/2442/2056 1886/2467/2080 1880/2443/2057
f 1880/2443/2057 1886/2467/2080 1881/2468/2081
f 1880/2443/2057 1881/2468/2081 1875/2444/2058
f 1875/2444/2058 1881/2468/2081 1876/2469/2082
f 1875/2444/2058 1876/2469/2082 1870/2445/2059
f 1870/2445/2059 1876/2469/2082 1871/2470/2083
f 1870/2445/2059 1871/2470/2083 1865/2446/2060
f 1865/2446/2060 1871/2470/2083 1866/2471/2084
f 1865/2446/2060 1866/2471/2084 1860/2447/2061
f 1860/2447/2061 1866/2471/2084 1861/2472/2085
f 1860/2447/2061 1861/2472/2085 1855/2448/2062
f 1855/2448/2062 1861/2472/2085 1856/2473/2086
f 1855/2448/2062 1856/2473/2086 1850/2449/2063
f 1850/2449/2063 1856/2473/2086 1851/2474/2087
f 1850/2449/2063 1851/2474/2087 1840/2450/2064
f 1840/2450/2064 1851/2474/2087 1841/2475/2088
f 1840/2450/2064 1841/2475/2088 1845/2451/2065
f 1845/2451/2065 1841/2475/2088 1844/2476/2089
f 1845/2451/2065 1844/2476/2089 1950/2452/2066
f 1950/2452/2066 1844/2476/2089 1951/2477/2090
f 1950/2452/2066 1951/2477/2090 1945/2453/2067
f 1945/2453/2067 1951/2477/2090 1946/2478/2091
f 1945/2453/2067 1946/2478/2091 1940/2454/2068
f 1940/2454/2068 1946/2478/2091 1941/2479/2092
f 1940/2454/2068 1941/2479/2092 1935/2455/2069
f 1935/2455/2069 1941/2479/2092 1936/2480/2093
f 1935/2455/2069 1936/2480/2093 1930/2456/2070
f 1930/2456/2070 1936/2480/2093 1931/2481/2094
f 1930/2456/2070 1931/2481/2094 1925/2457/2071
f 1925/2457/2071 1931/2481/2094 1926/2482/2095
f 1925/2457/2071 1926/2482/2095 1920/2458/2072
f 1920/2458/2072 1926/2482/2095 1921/2483/2096
f 1920/2458/2072 1921/2483/2096 1915/2459/2073
f 1915/2459/2073 1921/2483/2096 1916/2484/2097
f 1915/2459/2073 1916/2484/2097 1910/2460/2074
f 1910/2460/2074 1916/2484/2097 1911/2485/2098
f 1910/2460/2074 1911/2485/2098 1905/2461/2075
f 1905/2461/2075 1911/2485/2098 1906/2486/2099
f 1905/2461/2075 1906/2486/2099 1900/2462/2076
f 1900/2462/2076 1906/2486/2099 1901/2487/2100
f 1900/2462/2076 1901/2487/2100 1835/2463/2053
f 1835/2463/2053 1901/2487/2100 1836/2488/2077
f 1836/2464/2077 1837/2391/2008 1896/2465/2078
f 1896/2465/2078 1837/2391/2008 1897/2389/2006
f 1896/2465/2078 1897/2389/2006 1891/2466/2079
f 1891/2466/2079 1897/2389/2006 1892/2387/2004
f 1891/2466/2079 1892/2387/2004 1886/2467/2080
f 1886/2467/2080 1892/2387/2004 1887/2385/2002
f 1886/2467/2080 1887/2385/2002 1881/2468/2081
f 1881/2468/2081 1887/2385/2002 1882/2383/2000
f 1881/2468/2081 1882/2383/2000 1876/2469/2082
f 1876/2469/2082 1882/2383/2000 1877/2381/1998
f 1876/2469/2082 1877/2381/1998 1871/2470/2083
f 1871/2470/2083 1877/2381/1998 1872/2379/1996
f 1871/2470/2083 1872/2379/1996 1866/2471/2084
f 1866/2471/2084 1872/2379/1996 1867/2377/1994
f 1866/2471/2084 1867/2377/1994 1861/2472/2085
f 1861/2472/2085 1867/2377/1994 1862/2375/1992
f 1861/2472/2085 1862/2375/1992 1856/2473/2086
f 1856/2473/2086 1862/2375/1992 1857/2373/1990
f 1856/2473/2086 1857/2373/1990 1851/2474/2087
f 1851/2474/2087 1857/2373/1990 1852/2371/1988
f 1851/2474/2087 1852/2371/1988 1841/2475/2088
f 1841/2475/2088 1852/2371/1988 1842/2369/1986
f 1841/2475/2088 1842/2369/1986 1844/2476/2089
f 1844/2476/2089 1842/2369/1986 1843/2367/1984
f 1844/2476/2089 1843/2367/1984 1951/2477/2090
f 1951/2477/2090 1843/2367/1984 1952/2365/1982
f 1951/2477/2090 1952/2365/1982 1946/2478/2091
f 1946/2478/2091 1952/2365/1982 1947/2413/2028
f 1946/2478/2091 1947/2413/2028 1941/2479/2092
f 1941/2479/2092 1947/2413/2028 1942/2411/2026
f 1941/2479/2092 1942/2411/2026 1936/2480/2093
f 1936/2480/2093 1942/2411/2026 1937/2409/2024
f 1936/2480/2093 1937/2409/2024 1931/2481/2094
f 1931/2481/2094 1937/2409/2024 1932/2407/2022
f 1931/2481/2094 1932/2407/2022 1926/2482/2095
f 1926/2482/2095 1932/2407/2022 1927/2405/2020
f 1926/2482/2095 1927/2405/2020 1921/2483/2096
f 1921/2483/2096 1927/2405/2020 1922/2403/2018
f 1921/2483/2096 1922/2403/2018 1916/2484/2097
f 1916/2484/2097 1922/2403/2018 1917/2401/2016
f 1916/2484/2097 1917/2401/2016 1911/2485/2098
f 1911/2485/2098 1917/2401/2016 1912/2399/2014
f 1911/2485/2098 1912/2399/2014 1906/2486/2099
f 1906/2486/2099 1912/2399/2014 1907/2397/2012
f 1906/2486/2099 1907/2397/2012 1901/2487/2100
f 1901/2487/2100 1907/2397/2012 1902/2395/2010
f 1901/2487/2100 1902/2395/2010 1836/2488/2077
f 1836/2488/2077 1902/2395/2010 1837/2393/2008
f 896/2489/2101 1786/2490/1933 873/2491/2102
f 873/2491/2102 1786/2490/1933 1785/2492/1935
f 873/2493/2102 1785/2494/1935 874/2495/2103
f 874/2495/2103 1785/2494/1935 1808/2496/1937
f 874/2495/2103 1808/2496/1937 875/2497/2104
f 875/2497/2104 1808/2496/1937 1807/2498/1939
f 875/2497/2104 1807/2498/1939 876/2499/2105
f 876/2499/2105 1807/2498/1939 1806/2500/1941
f 876/2499/2105 1806/2500/1941 877/2501/2106
f 877/2501/2106 1806/2500/1941 1805/2502/1943
f 877/2501/2106 1805/2502/1943 878/2503/2107
f 878/2503/2107 1805/2502/1943 1804/2504/1945
f 878/2503/2107 1804/2504/1945 879/2505/2108
f 879/2505/2108 1804/2504/1945 1803/2506/1947
f 879/2505/2108 1803/2506/1947 880/2507/2109
f 880/2507/2109 1803/2506/1947 1802/2508/1949
f 880/2507/2109 1802/2508/1949 881/2509/2110
f 881/2509/2110 1802/2508/1949 1801/2510/1951
f 881/2509/2110 1801/2510/1951 882/2511/2111
f 882/2511/2111 1801/2510/1951 1800/2512/1953
f 882/2511/2111 1800/2512/1953 883/2513/2112
f 883/2513/2112 1800/2512/1953 1799/2514/1955
f 883/2513/2112 1799/2514/1955 884/2515/2113
f 884/2515/2113 1799/2514/1955 1798/2516/1957
f 884/2515/2113 1798/2516/1957 885/2517/2114
f 885/2517/2114 1798/2516/1957 1797/2518/1959
f 885/2517/2114 1797/2518/1959 886/2519/2115
f 886/2519/2115 1797/2518/1959 1796/2520/1961
f 886/2519/2115 1796/2520/1961 887/2521/2116
f 887/2521/2116 1796/2520/1961 1795/2522/1963
f 887/2521/2116 1795/2522/1963 888/2523/2117
f 888/2523/2117 1795/2522/1963 1794/2524/1965
f 888/2523/2117 1794/2524/1965 889/2525/2118
f 889/2525/2118 1794/2524/1965 1793/2526/1967
f 889/2525/2118 1793/2526/1967 890/2527/2119
f 890/2527/2119 1793/2526/1967 1792/2528/1969
f 890/2527/2119 1792/2528/1969 891/2529/2120
f 891/2529/2120 1792/2528/1969 1791/2530/1971
f 891/2529/2120 1791/2530/1971 892/2531/2121
f 892/2531/2121 1791/2530/1971 1790/2532/1973
f 892/2531/2121 1790/2532/1973 893/2533/2122
f 893/2533/2122 1790/2532/1973 1789/2534/1975
f 893/2533/2122 1789/2534/1975 894/2535/2123
f 894/2535/2123 1789/2534/1975 1788/2536/1977
f 894/2535/2123 1788/2536/1977 895/2537/2124
f 895/2537/2124 1788/2536/1977 1787/2538/1979
f 895/2537/2124 1787/2538/1979 896/2489/2101
f 896/2489/2101 1787/2538/1979 1786/2490/1933
f 1832/2539/1985 1822/2540/2005 1809/2541/1983
f 1809/2541/1983 1822/2540/2005 1821/2542/2007
f 1809/2541/1983 1821/2542/2007 1810/2543/1981
f 1810/2543/1981 1821/2542/2007 1820/2544/2009
f 1810/2543/1981 1820/2544/2009 1811/2545/2027
f 1811/2545/2027 1820/2544/2009 1819/2546/2011
f 1811/2545/2027 1819/2546/2011 1812/2547/2025
f 1812/2547/2025 1819/2546/2011 1818/2548/2013
f 1812/2547/2025 1818/2548/2013 1813/2549/2023
f 1813/2549/2023 1818/2548/2013 1817/2550/2015
f 1813/2549/2023 1817/2550/2015 1814/2551/2021
f 1814/2551/2021 1817/2550/2015 1816/2552/2017
f 1814/2551/2021 1816/2552/2017 1815/2553/2019
f 1822/2540/2005 1832/2539/1985 1823/2554/2003
f 1823/2554/2003 1832/2539/1985 1831/2555/1987
f 1823/2554/2003 1831/2555/1987 1824/2556/2001
f 1824/2556/2001 1831/2555/1987 1830/2557/1989
f 1824/2556/2001 1830/2557/1989 1825/2558/1999
f 1825/2558/1999 1830/2557/1989 1829/2559/1991
f 1825/2558/1999 1829/2559/1991 1826/2560/1997
f 1826/2560/1997 1829/2559/1991 1828/2561/1993
f 1826/2560/1997 1828/2561/1993 1827/2562/1995
f 1954/2563/2125 2006/2564/2126 1953/2565/2127
f 1953/2565/2127 2006/2564/2126 2015/2566/2128
f 1953/2565/2127 2015/2566/2128 1976/2567/2129
f 1976/2567/2129 2015/2566/2128 2116/2568/2130
f 1976/2567/2129 2116/2568/2130 1975/2569/2131
f 1975/2569/2131 2116/2568/2130 2111/2570/2132
f 1975/2569/2131 2111/2570/2132 1974/2571/2133
f 1974/2571/2133 2111/2570/2132 2106/2572/2134
f 1974/2571/2133 2106/2572/2134 1973/2573/2135
f 1973/2573/2135 2106/2572/2134 2101/2574/2136
f 1973/2573/2135 2101/2574/2136 1972/2575/2137
f 1972/2575/2137 2101/2574/2136 2096/2576/2138
f 1972/2575/2137 2096/2576/2138 1971/2577/2139
f 1971/2577/2139 2096/2576/2138 2091/2578/2140
f 1971/2577/2139 2091/2578/2140 1970/2579/2141
f 1970/2579/2141 2091/2578/2140 2086/2580/2142
f 1970/2579/2141 2086/2580/2142 1969/2581/2143
f 1969/2581/2143 2086/2580/2142 2081/2582/2144
f 1969/2581/2143 2081/2582/2144 1968/2583/2145
f 1968/2583/2145 2081/2582/2144 2076/2584/2146
f 1968/2583/2145 2076/2584/2146 1967/2585/2147
f 1967/2585/2147 2076/2584/2146 2071/2586/2148
f 1967/2585/2147 2071/2586/2148 1966/2587/2149
f 1966/2587/2149 2071/2586/2148 2066/2588/2150
f 1966/2587/2149 2066/2588/2150 1965/2589/2151
f 1965/2589/2151 2066/2588/2150 2001/2590/2152
f 1965/2591/2151 2001/2592/2152 1964/2593/2153
f 1964/2593/2153 2001/2592/2152 2061/2594/2154
f 1964/2593/2153 2061/2594/2154 1963/2595/2155
f 1963/2595/2155 2061/2594/2154 2056/2596/2156
f 1963/2595/2155 2056/2596/2156 1962/2597/2157
f 1962/2597/2157 2056/2596/2156 2051/2598/2158
f 1962/2597/2157 2051/2598/2158 1961/2599/2159
f 1961/2599/2159 2051/2598/2158 2046/2600/2160
f 1961/2599/2159 2046/2600/2160 1960/2601/2161
f 1960/2601/2161 2046/2600/2160 2041/2602/2162
f 1960/2601/2161 2041/2602/2162 1959/2603/2163
f 1959/2603/2163 2041/2602/2162 2036/2604/2164
f 1959/2603/2163 2036/2604/2164 1958/2605/2165
f 1958/2605/2165 2036/2604/2164 2031/2606/2166
f 1958/2605/2165 2031/2606/2166 1957/2607/2167
f 1957/2607/2167 2031/2606/2166 2026/2608/2168
f 1957/2607/2167 2026/2608/2168 1956/2609/2169
f 1956/2609/2169 2026/2608/2168 2021/2610/2170
f 1956/2609/2169 2021/2610/2170 1955/2611/2171
f 1955/2611/2171 2021/2610/2170 2016/2612/2172
f 1955/2611/2171 2016/2612/2172 1954/2563/2125
f 1954/2563/2125 2016/2612/2172 2006/2564/2126
f 1978/2613/2173 2120/2614/2174 1977/2615/2175
f 1977/2615/2175 2120/2614/2174 2011/2616/2176
f 1977/2615/2175 2011/2616/2176 2000/2617/2177
f 2000/2617/2177 2011/2616/2176 2010/2618/2178
f 2000/2617/2177 2010/2618/2178 1999/2619/2179
f 1999/2619/2179 2010/2618/2178 2020/2620/2180
f 1999/2619/2179 2020/2620/2180 1998/2621/2181
f 1998/2621/2181 2020/2620/2180 2025/2622/2182
f 1998/2621/2181 2025/2622/2182 1997/2623/2183
f 1997/2623/2183 2025/2622/2182 2030/2624/2184
f 1997/2623/2183 2030/2624/2184 1996/2625/2185
f 1996/2625/2185 2030/2624/2184 2035/2626/2186
f 1996/2625/2185 2035/2626/2186 1995/2627/2187
f 1995/2627/2187 2035/2626/2186 2040/2628/2188
f 1995/2627/2187 2040/2628/2188 1994/2629/2189
f 1994/2629/2189 2040/2628/2188 2045/2630/2190
f 1994/2629/2189 2045/2630/2190 1993/2631/2191
f 1993/2631/2191 2045/2630/2190 2050/2632/2192
f 1993/2631/2191 2050/2632/2192 1992/2633/2193
f 1992/2633/2193 2050/2632/2192 2055/2634/2194
f 1992/2633/2193 2055/2634/2194 1991/2635/2195
f 1991/2635/2195 2055/2634/2194 2060/2636/2196
f 1991/2635/2195 2060/2636/2196 1990/2637/2197
f 1990/2637/2197 2060/2636/2196 2065/2638/2198
f 1990/2637/2197 2065/2638/2198 1989/2639/2199
f 1989/2639/2199 2065/2638/2198 2005/2640/2200
f 1989/2641/2199 2005/2642/2200 1988/2643/2201
f 1988/2643/2201 2005/2642/2200 2070/2644/2202
f 1988/2643/2201 2070/2644/2202 1987/2645/2203
f 1987/2645/2203 2070/2644/2202 2075/2646/2204
f 1987/2645/2203 2075/2646/2204 1986/2647/2205
f 1986/2647/2205 2075/2646/2204 2080/2648/2206
f 1986/2647/2205 2080/2648/2206 1985/2649/2207
f 1985/2649/2207 2080/2648/2206 2085/2650/2208
f 1985/2649/2207 2085/2650/2208 1984/2651/2209
f 1984/2651/2209 2085/2650/2208 2090/2652/2210
f 1984/2651/2209 2090/2652/2210 1983/2653/2211
f 1983/2653/2211 2090/2652/2210 2095/2654/2212
f 1983/2653/2211 2095/2654/2212 1982/2655/2213
f 1982/2655/2213 2095/2654/2212 2100/2656/2214
f 1982/2655/2213 2100/2656/2214 1981/2657/2215
f 1981/2657/2215 2100/2656/2214 2105/2658/2216
f 1981/2657/2215 2105/2658/2216 1980/2659/2217
f 1980/2659/2217 2105/2658/2216 2110/2660/2218
f 1980/2659/2217 2110/2660/2218 1979/2661/2219
f 1979/2661/2219 2110/2660/2218 2115/2662/2220
f 1979/2661/2219 2115/2662/2220 1978/2613/2173
f 1978/2613/2173 2115/2662/2220 2120/2614/2174
f 2001/2592/2152 2002/2663/2221 2061/2594/2154
f 2061/2594/2154 2002/2663/2221 2062/2664/2222
f 2061/2594/2154 2062/2664/2222 2056/2596/2156
f 2056/2596/2156 2062/2664/2222 2057/2665/2223
f 2056/2596/2156 2057/2665/2223 2051/2598/2158
f 2051/2598/2158 2057/2665/2223 2052/2666/2224
f 2051/2598/2158 2052/2666/2224 2046/2600/2160
f 2046/2600/2160 2052/2666/2224 2047/2667/2225
f 2046/2600/2160 2047/2667/2225 2041/2602/2162
f 2041/2602/2162 2047/2667/2225 2042/2668/2226
f 2041/2602/2162 2042/2668/2226 2036/2604/2164
f 2036/2604/2164 2042/2668/2226 2037/2669/2227
f 2036/2604/2164 2037/2669/2227 2031/2606/2166
f 2031/2606/2166 2037/2669/2227 2032/2670/2228
f 2031/2606/2166 2032/2670/2228 2026/2608/2168
f 2026/2608/2168 2032/2670/2228 2027/2671/2229
f 2026/2608/2168 2027/2671/2229 2021/2610/2170
f 2021/2610/2170 2027/2671/2229 2022/2672/2230
f 2021/2610/2170 2022/2672/2230 2016/2612/2172
f 2016/2612/2172 2022/2672/2230 2017/2673/2231
f 2016/2612/2172 2017/2673/2231 2006/2564/2126
f 2006/2564/2126 2017/2673/2231 2007/2674/2232
f 2006/2564/2126 2007/2674/2232 2015/2566/2128
f 2015/2566/2128 2007/2674/2232 2014/2675/2233
f 2015/2566/2128 2014/2675/2233 2116/2568/2130
f 2116/2568/2130 2014/2675/2233 2117/2676/2234
f 2116/2568/2130 2117/2676/2234 2111/2570/2132
f 2111/2570/2132 2117/2676/2234 2112/2677/2235
f 2111/2570/2132 2112/2677/2235 2106/2572/2134
f 2106/2572/2134 2112/2677/2235 2107/2678/2236
f 2106/2572/2134 2107/2678/2236 2101/2574/2136
f 2101/2574/2136 2107/2678/2236 2102/2679/2237
f 2101/2574/2136 2102/2679/2237 2096/2576/2138
f 2096/2576/2138 2102/2679/2237 2097/2680/2238
f 2096/2576/2138 2097/2680/2238 2091/2578/2140
f 2091/2578/2140 2097/2680/2238 2092/2681/2239
f 2091/2578/2140 2092/2681/2239 2086/2580/2142
f 2086/2580/2142 2092/2681/2239 2087/2682/2240
f 2086/2580/2142 2087/2682/2240 2081/2582/2144
f 2081/2582/2144 2087/2682/2240 2082/2683/2241
f 2081/2582/2144 2082/2683/2241 2076/2584/2146
f 2076/2584/2146 2082/2683/2241 2077/2684/2242
f 2076/2584/2146 2077/2684/2242 2071/2586/2148
f 2071/2586/2148 2077/2684/2242 2072/2685/2243
f 2071/2586/2148 2072/2685/2243 2066/2588/2150
f 2066/2588/2150 2072/2685/2243 2067/2686/2244
f 2066/2588/2150 2067/2686/2244 2001/2590/2152
f 2001/2590/2152 2067/2686/2244 2002/2687/2221
f 2002/2663/2221 2003/2688/2245 2062/2664/2222
f 2062/2664/2222 2003/2688/2245 2063/2689/2246
f 2062/2664/2222 2063/2689/2246 2057/2665/2223
f 2057/2665/2223 2063/2689/2246 2058/2690/2247
f 2057/2665/2223 2058/2690/2247 2052/2666/2224
f 2052/2666/2224 2058/2690/2247 2053/2691/2248
f 2052/2666/2224 2053/2691/2248 2047/2667/2225
f 2047/2667/2225 2053/2691/2248 2048/2692/2249
f 2047/2667/2225 2048/2692/2249 2042/2668/2226
f 2042/2668/2226 2048/2692/2249 2043/2693/2250
f 2042/2668/2226 2043/2693/2250 2037/2669/2227
f 2037/2669/2227 2043/2693/2250 2038/2694/2251
f 2037/2669/2227 2038/2694/2251 2032/2670/2228
f 2032/2670/2228 2038/2694/2251 2033/2695/2252
f 2032/2670/2228 2033/2695/2252 2027/2671/2229
f 2027/2671/2229 2033/2695/2252 2028/2696/2253
f 2027/2671/2229 2028/2696/2253 2022/2672/2230
f 2022/2672/2230 2028/2696/2253 2023/2697/2254
f 2022/2672/2230 2023/2697/2254 2017/2673/2231
f 2017/2673/2231 2023/2697/2254 2018/2698/2255
f 2017/2673/2231 2018/2698/2255 2007/2674/2232
f 2007/2674/2232 2018/2698/2255 2008/2699/2256
f 2007/2674/2232 2008/2699/2256 2014/2675/2233
f 2014/2675/2233 2008/2699/2256 2013/2700/2257
f 2014/2675/2233 2013/2700/2257 2117/2676/2234
f 2117/2676/2234 2013/2700/2257 2118/2701/2258
f 2117/2676/2234 2118/2701/2258 2112/2677/2235
f 2112/2677/2235 2118/2701/2258 2113/2702/2259
f 2112/2677/2235 2113/2702/2259 2107/2678/2236
f 2107/2678/2236 2113/2702/2259 2108/2703/2260
f 2107/2678/2236 2108/2703/2260 2102/2679/2237
f 2102/2679/2237 2108/2703/2260 2103/2704/2261
f 2102/2679/2237 2103/2704/2261 2097/2680/2238
f 2097/2680/2238 2103/2704/2261 2098/2705/2262
f 2097/2680/2238 2098/2705/2262 2092/2681/2239
f 2092/2681/2239 2098/2705/2262 2093/2706/2263
f 2092/2681/2239 2093/2706/2263 2087/2682/2240
f 2087/2682/2240 2093/2706/2263 2088/2707/2264
f 2087/2682/2240 2088/2707/2264 2082/2683/2241
f 2082/2683/2241 2088/2707/2264 2083/2708/2265
f 2082/2683/2241 2083/2708/2265 2077/2684/2242
f 2077/2684/2242 2083/2708/2265 2078/2709/2266
f 2077/2684/2242 2078/2709/2266 2072/2685/2243
f 2072/2685/2243 2078/2709/2266 2073/2710/2267
f 2072/2685/2243 2073/2710/2267 2067/2686/2244
f 2067/2686/2244 2073/2710/2267 2068/2711/2268
f 2067/2686/2244 2068/2711/2268 2002/2687/2221
f 2002/2687/2221 2068/2711/2268 2003/2712/2245
f 2003/2688/2245 2004/2713/2269 2063/2689/2246
f 2063/2689/2246 2004/2713/2269 2064/2714/2270
f 2063/2689/2246 2064/2714/2270 2058/2690/2247
f 2058/2690/2247 2064/2714/2270 2059/2715/2271
f 2058/2690/2247 2059/2715/2271 2053/2691/2248
f 2053/2691/2248 2059/2715/2271 2054/2716/2272
f 2053/2691/2248 2054/2716/2272 2048/2692/2249
f 2048/2692/2249 2054/2716/2272 2049/2717/2273
f 2048/2692/2249 2049/2717/2273 2043/2693/2250
f 2043/2693/2250 2049/2717/2273 2044/2718/2274
f 2043/2693/2250 2044/2718/2274 2038/2694/2251
f 2038/2694/2251 2044/2718/2274 2039/2719/2275
f 2038/2694/2251 2039/2719/2275 2033/2695/2252
f 2033/2695/2252 2039/2719/2275 2034/2720/2276
f 2033/2695/2252 2034/2720/2276 2028/2696/2253
f 2028/2696/2253 2034/2720/2276 2029/2721/2277
f 2028/2696/2253 2029/2721/2277 2023/2697/2254
f 2023/2697/2254 2029/2721/2277 2024/2722/2278
f 2023/2697/2254 2024/2722/2278 2018/2698/2255
f 2018/2698/2255 2024/2722/2278 2019/2723/2279
f 2018/2698/2255 2019/2723/2279 2008/2699/2256
f 2008/2699/2256 2019/2723/2279 2009/2724/2280
f 2008/2699/2256 2009/2724/2280 2013/2700/2257
f 2013/2700/2257 2009/2724/2280 2012/2725/2281
f 2013/2700/2257 2012/2725/2281 2118/2701/2258
f 2118/2701/2258 2012/2725/2281 2119/2726/2282
f 2118/2701/2258 2119/2726/2282 2113/2702/2259
f 2113/2702/2259 2119/2726/2282 2114/2727/2283
f 2113/2702/2259 2114/2727/2283 2108/2703/2260
f 2108/2703/2260 2114/2727/2283 2109/2728/2284
f 2108/2703/2260 2109/2728/2284 2103/2704/2261
f 2103/2704/2261 2109/2728/2284 2104/2729/2285
f 2103/2704/2261 2104/2729/2285 2098/2705/2262
f 2098/2705/2262 2104/2729/2285 2099/2730/2286
f 2098/2705/2262 2099/2730/2286 2093/2706/2263
f 2093/2706/2263 2099/2730/2286 2094/2731/2287
f 2093/2706/2263 2094/2731/2287 2088/2707/2264
f 2088/2707/2264 2094/2731/2287 2089/2732/2288
f 2088/2707/2264 2089/2732/2288 2083/2708/2265
f 2083/2708/2265 2089/2732/2288 2084/2733/2289
f 2083/2708/2265 2084/2733/2289 2078/2709/2266
f 2078/2709/2266 2084/2733/2289 2079/2734/2290
f 2078/2709/2266 2079/2734/2290 2073/2710/2267
f 2073/2710/2267 2079/2734/2290 2074/2735/2291
f 2073/2710/2267 2074/2735/2291 2068/2711/2268
f 2068/2711/2268 2074/2735/2291 2069/2736/2292
f 2068/2711/2268 2069/2736/2292 2003/2712/2245
f 2003/2712/2245 2069/2736/2292 2004/2737/2269
f 2004/2713/2269 2005/2640/2200 2064/2714/2270
f 2064/2714/2270 2005/2640/2200 2065/2638/2198
f 2064/2714/2270 2065/2638/2198 2059/2715/2271
f 2059/2715/2271 2065/2638/2198 2060/2636/2196
f 2059/2715/2271 2060/2636/2196 2054/2716/2272
f 2054/2716/2272 2060/2636/2196 2055/2634/2194
f 2054/2716/2272 2055/2634/2194 2049/2717/2273
f 2049/2717/2273 2055/2634/2194 2050/2632/2192
f 2049/2717/2273 2050/2632/2192 2044/2718/2274
f 2044/2718/2274 2050/2632/2192 2045/2630/2190
f 2044/2718/2274 2045/2630/2190 2039/2719/2275
f 2039/2719/2275 2045/2630/2190 2040/2628/2188
f 2039/2719/2275 2040/2628/2188 2034/2720/2276
f 2034/2720/2276 2040/2628/2188 2035/2626/2186
f 2034/2720/2276 2035/2626/2186 2029/2721/2277
f 2029/2721/2277 2035/2626/2186 2030/2624/2184
f 2029/2721/2277 2030/2624/2184 2024/2722/2278
f 2024/2722/2278 2030/2624/2184 2025/2622/2182
f 2024/2722/2278 2025/2622/2182 2019/2723/2279
f 2019/2723/2279 2025/2622/2182 2020/2620/2180
f 2019/2723/2279 2020/2620/2180 2009/2724/2280
f 2009/2724/2280 2020/2620/2180 2010/2618/2178
f 2009/2724/2280 2010/2618/2178 2012/2725/2281
f 2012/2725/2281 2010/2618/2178 2011/2616/2176
f 2012/2725/2281 2011/2616/2176 2119/2726/2282
f 2119/2726/2282 2011/2616/2176 2120/2614/2174
f 2119/2726/2282 2120/2614/2174 2114/2727/2283
f 2114/2727/2283 2120/2614/2174 2115/2662/2220
f 2114/2727/2283 2115/2662/2220 2109/2728/2284
f 2109/2728/2284 2115/2662/2220 2110/2660/2218
f 2109/2728/2284 2110/2660/2218 2104/2729/2285
f 2104/2729/2285 2110/2660/2218 2105/2658/2216
f 2104/2729/2285 2105/2658/2216 2099/2730/2286
f 2099/2730/2286 2105/2658/2216 2100/2656/2214
f 2099/2730/2286 2100/2656/2214 2094/2731/2287
f 2094/2731/2287 2100/2656/2214 2095/2654/2212
f 2094/2731/2287 2095/2654/2212 2089/2732/2288
f 2089/2732/2288 2095/2654/2212 2090/2652/2210
f 2089/2732/2288 2090/2652/2210 2084/2733/2289
f 2084/2733/2289 2090/2652/2210 2085/2650/2208
f 2084/2733/2289 2085/2650/2208 2079/2734/2290
f 2079/2734/2290 2085/2650/2208 2080/2648/2206
f 2079/2734/2290 2080/2648/2206 2074/2735/2291
f 2074/2735/2291 2080/2648/2206 2075/2646/2204
f 2074/2735/2291 2075/2646/2204 2069/2736/2292
f 2069/2736/2292 2075/2646/2204 2070/2644/2202
f 2069/2736/2292 2070/2644/2202 2004/2737/2269
f 2004/2737/2269 2070/2644/2202 2005/2642/2200
f 920/2738/2293 1954/2739/2125 897/2740/2294
f 897/2740/2294 1954/2739/2125 1953/2741/2127
f 897/2742/2294 1953/2743/2127 898/2744/2295
f 898/2744/2295 1953/2743/2127 1976/2745/2129
f 898/2744/2295 1976/2745/2129 899/2746/2296
f 899/2746/2296 1976/2745/2129 1975/2747/2131
f 899/2746/2296 1975/2747/2131 900/2748/2297
f 900/2748/2297 1975/2747/2131 1974/2749/2133
f 900/2748/2297 1974/2749/2133 901/2750/2298
f 901/2750/2298 1974/2749/2133 1973/2751/2135
f 901/2750/2298 1973/2751/2135 902/2752/2299
f 902/2752/2299 1973/2751/2135 1972/2753/2137
f 902/2752/2299 1972/2753/2137 903/2754/2300
f 903/2754/2300 1972/2753/2137 1971/2755/2139
f 903/2754/2300 1971/2755/2139 904/2756/2301
f 904/2756/2301 1971/2755/2139 1970/2757/2141
f 904/2756/2301 1970/2757/2141 905/2758/2302
f 905/2758/2302 1970/2757/2141 1969/2759/2143
f 905/2758/2302 1969/2759/2143 906/2760/2303
f 906/2760/2303 1969/2759/2143 1968/2761/2145
f 906/2760/2303 1968/2761/2145 907/2762/2304
f 907/2762/2304 1968/2761/2145 1967/2763/2147
f 907/2762/2304 1967/2763/2147 908/2764/2305
f 908/2764/2305 1967/2763/2147 1966/2765/2149
f 908/2764/2305 1966/2765/2149 909/2766/2306
f 909/2766/2306 1966/2765/2149 1965/2767/2151
f 909/2766/2306 1965/2767/2151 910/2768/2307
f 910/2768/2307 1965/2767/2151 1964/2769/2153
f 910/2768/2307 1964/2769/2153 911/2770/2308
f 911/2770/2308 1964/2769/2153 1963/2771/2155
f 911/2770/2308 1963/2771/2155 912/2772/2309
f 912/2772/2309 1963/2771/2155 1962/2773/2157
f 912/2772/2309 1962/2773/2157 913/2774/2310
f 913/2774/2310 1962/2773/2157 1961/2775/2159
f 913/2774/2310 1961/2775/2159 914/2776/2311
f 914/2776/2311 1961/2775/2159 1960/2777/2161
f 914/2776/2311 1960/2777/2161 915/2778/2312
f 915/2778/2312 1960/2777/2161 1959/2779/2163
f 915/2778/2312 1959/2779/2163 916/2780/2313
f 916/2780/2313 1959/2779/2163 1958/2781/2165
f 916/2780/2313 1958/2781/2165 917/2782/2314
f 917/2782/2314 1958/2781/2165 1957/2783/2167
f 917/2782/2314 1957/2783/2167 918/2784/2315
f 918/2784/2315 1957/2783/2167 1956/2785/2169
f 918/2784/2315 1956/2785/2169 919/2786/2316
f 919/2786/2316 1956/2785/2169 1955/2787/2171
f 919/2786/2316 1955/2787/2171 920/2738/2293
f 920/2738/2293 1955/2787/2171 1954/2739/2125
f 2000/2788/2177 1990/2789/2197 1977/2790/2175
f 1977/2790/2175 1990/2789/2197 1989/2791/2199
f 1977/2790/2175 1989/2791/2199 1978/2792/2173
f 1978/2792/2173 1989/2791/2199 1988/2793/2201
f 1978/2792/2173 1988/2793/2201 1979/2794/2219
f 1979/2794/2219 1988/2793/2201 1987/2795/2203
f 1979/2794/2219 1987/2795/2203 1980/2796/2217
f 1980/2796/2217 1987/2795/2203 1986/2797/2205
f 1980/2796/2217 1986/2797/2205 1981/2798/2215
f 1981/2798/2215 1986/2797/2205 1985/2799/2207
f 1981/2798/2215 1985/2799/2207 1982/2800/2213
f 1982/2800/2213 1985/2799/2207 1984/2801/2209
f 1982/2800/2213 1984/2801/2209 1983/2802/2211
f 1990/2789/2197 2000/2788/2177 1991/2803/2195
f 1991/2803/2195 2000/2788/2177 1999/2804/2179
f 1991/2803/2195 1999/2804/2179 1992/2805/2193
f 1992/2805/2193 1999/2804/2179 1998/2806/2181
f 1992/2805/2193 1998/2806/2181 1993/2807/2191
f 1993/2807/2191 1998/2806/2181 1997/2808/2183
f 1993/2807/2191 1997/2808/2183 1994/2809/2189
f 1994/2809/2189 1997/2808/2183 1996/2810/2185
f 1994/2809/2189 1996/2810/2185 1995/2811/2187
f 2122/2812/2317 2174/2813/2318 2121/2814/2319
f 2121/2814/2319 2174/2813/2318 2183/2815/2320
f 2121/2814/2319 2183/2815/2320 2144/2816/2321
f 2144/2816/2321 2183/2815/2320 2284/2817/2322
f 2144/2816/2321 2284/2817/2322 2143/2818/2323
f 2143/2818/2323 2284/2817/2322 2279/2819/2324
f 2143/2818/2323 2279/2819/2324 2142/2820/2325
f 2142/2820/2325 2279/2819/2324 2274/2821/2326
f 2142/2820/2325 2274/2821/2326 2141/2822/2327
f 2141/2822/2327 2274/2821/2326 2269/2823/2328
f 2141/2822/2327 2269/2823/2328 2140/2824/2329
f 2140/2824/2329 2269/2823/2328 2264/2825/2330
f 2140/2824/2329 2264/2825/2330 2139/2826/2331
f 2139/2826/2331 2264/2825/2330 2259/2827/2332
f 2139/2826/2331 2259/2827/2332 2138/2828/2333
f 2138/2828/2333 2259/2827/2332 2254/2829/2334
f 2138/2828/2333 2254/2829/2334 2137/2830/2335
f 2137/2830/2335 2254/2829/2334 2249/2831/2336
f 2137/2830/2335 2249/2831/2336 2136/2832/2337
f 2136/2832/2337 2249/2831/2336 2244/2833/2338
f 2136/2832/2337 2244/2833/2338 2135/2834/2339
f 2135/2834/2339 2244/2833/2338 2239/2835/2340
f 2135/2834/2339 2239/2835/2340 2134/2836/2341
f 2134/2836/2341 2239/2835/2340 2234/2837/2342
f 2134/2836/2341 2234/2837/2342 2133/2838/2343
f 2133/2838/2343 2234/2837/2342 2169/2839/2344
f 2133/2840/2343 2169/2841/2344 2132/2842/2345
f 2132/2842/2345 2169/2841/2344 2229/2843/2346
f 2132/2842/2345 2229/2843/2346 2131/2844/2347
f 2131/2844/2347 2229/2843/2346 2224/2845/2348
f 2131/2844/2347 2224/2845/2348 2130/2846/2349
f 2130/2846/2349 2224/2845/2348 2219/2847/2350
f 2130/2846/2349 2219/2847/2350 2129/2848/2351
f 2129/2848/2351 2219/2847/2350 2214/2849/2352
f 2129/2848/2351 2214/2849/2352 2128/2850/2353
f 2128/2850/2353 2214/2849/2352 2209/2851/2354
f 2128/2850/2353 2209/2851/2354 2127/2852/2355
f 2127/2852/2355 2209/2851/2354 2204/2853/2356
f 2127/2852/2355 2204/2853/2356 2126/2854/2357
f 2126/2854/2357 2204/2853/2356 2199/2855/2358
f 2126/2854/2357 2199/2855/2358 2125/2856/2359
f 2125/2856/2359 2199/2855/2358 2194/2857/2360
f 2125/2856/2359 2194/2857/2360 2124/2858/2361
f 2124/2858/2361 2194/2857/2360 2189/2859/2362
f 2124/2858/2361 2189/2859/2362 2123/2860/2363
f 2123/2860/2363 2189/2859/2362 2184/2861/2364
f 2123/2860/2363 2184/2861/2364 2122/2812/2317
f 2122/2812/2317 2184/2861/2364 2174/2813/2318
f 2146/2862/2365 2288/2863/2366 2145/2864/2367
f 2145/2864/2367 2288/2863/2366 2179/2865/2368
f 2145/2864/2367 2179/2865/2368 2168/2866/2369
f 2168/2866/2369 2179/2865/2368 2178/2867/2370
f 2168/2866/2369 2178/2867/2370 2167/2868/2371
f 2167/2868/2371 2178/2867/2370 2188/2869/2372
f 2167/2868/2371 2188/2869/2372 2166/2870/2373
f 2166/2870/2373 2188/2869/2372 2193/2871/2374
f 2166/2870/2373 2193/2871/2374 2165/2872/2375
f 2165/2872/2375 2193/2871/2374 2198/2873/2376
f 2165/2872/2375 2198/2873/2376 2164/2874/2377
f 2164/2874/2377 2198/2873/2376 2203/2875/2378
f 2164/2874/2377 2203/2875/2378 2163/2876/2379
f 2163/2876/2379 2203/2875/2378 2208/2877/2380
f 2163/2876/2379 2208/2877/2380 2162/2878/2381
f 2162/2878/2381 2208/2877/2380 2213/2879/2382
f 2162/2878/2381 2213/2879/2382 2161/2880/2383
f 2161/2880/2383 2213/2879/2382 2218/2881/2384
f 2161/2880/2383 2218/2881/2384 2160/2882/2385
f 2160/2882/2385 2218/2881/2384 2223/2883/2386
f 2160/2882/2385 2223/2883/2386 2159/2884/2387
f 2159/2884/2387 2223/2883/2386 2228/2885/2388
f 2159/2884/2387 2228/2885/2388 2158/2886/2389
f 2158/2886/2389 2228/2885/2388 2233/2887/2390
f 2158/2886/2389 2233/2887/2390 2157/2888/2391
f 2157/2888/2391 2233/2887/2390 2173/2889/2392
f 2157/2890/2391 2173/2891/2392 2156/2892/2393
f 2156/2892/2393 2173/2891/2392 2238/2893/2394
f 2156/2892/2393 2238/2893/2394 2155/2894/2395
f 2155/2894/2395 2238/2893/2394 2243/2895/2396
f 2155/2894/2395 2243/2895/2396 2154/2896/2397
f 2154/2896/2397 2243/2895/2396 2248/2897/2398
f 2154/2896/2397 2248/2897/2398 2153/2898/2399
f 2153/2898/2399 2248/2897/2398 2253/2899/2400
f 2153/2898/2399 2253/2899/2400 2152/2900/2401
f 2152/2900/2401 2253/2899/2400 2258/2901/2402
f 2152/2900/2401 2258/2901/2402 2151/2902/2403
f 2151/2902/2403 2258/2901/2402 2263/2903/2404
f 2151/2902/2403 2263/2903/2404 2150/2904/2405
f 2150/2904/2405 2263/2903/2404 2268/2905/2406
f 2150/2904/2405 2268/2905/2406 2149/2906/2407
f 2149/2906/2407 2268/2905/2406 2273/2907/2408
f 2149/2906/2407 2273/2907/2408 2148/2908/2409
f 2148/2908/2409 2273/2907/2408 2278/2909/2410
f 2148/2908/2409 2278/2909/2410 2147/2910/2411
f 2147/2910/2411 2278/2909/2410 2283/2911/2412
f 2147/2910/2411 2283/2911/2412 2146/2862/2365
f 2146/2862/2365 2283/2911/2412 2288/2863/2366
f 2169/2841/2344 2170/2912/2413 2229/2843/2346
f 2229/2843/2346 2170/2912/2413 2230/2913/2414
f 2229/2843/2346 2230/2913/2414 2224/2845/2348
f 2224/2845/2348 2230/2913/2414 2225/2914/2415
f 2224/2845/2348 2225/2914/2415 2219/2847/2350
f 2219/2847/2350 2225/2914/2415 2220/2915/2416
f 2219/2847/2350 2220/2915/2416 2214/2849/2352
f 2214/2849/2352 2220/2915/2416 2215/2916/2417
f 2214/2849/2352 2215/2916/2417 2209/2851/2354
f 2209/2851/2354 2215/2916/2417 2210/2917/2418
f 2209/2851/2354 2210/2917/2418 2204/2853/2356
f 2204/2853/2356 2210/2917/2418 2205/2918/2419
f 2204/2853/2356 2205/2918/2419 2199/2855/2358
f 2199/2855/2358 2205/2918/2419 2200/2919/2420
f 2199/2855/2358 2200/2919/2420 2194/2857/2360
f 2194/2857/2360 2200/2919/2420 2195/2920/2421
f 2194/2857/2360 2195/2920/2421 2189/2859/2362
f 2189/2859/2362 2195/2920/2421 2190/2921/2422
f 2189/2859/2362 2190/2921/2422 2184/2861/2364
f 2184/2861/2364 2190/2921/2422 2185/2922/2423
f 2184/2861/2364 2185/2922/2423 2174/2813/2318
f 2174/2813/2318 2185/2922/2423 2175/2923/2424
f 2174/2813/2318 2175/2923/2424 2183/2815/2320
f 2183/2815/2320 2175/2923/2424 2182/2924/2425
f 2183/2815/2320 2182/2924/2425 2284/2817/2322
f 2284/2817/2322 2182/2924/2425 2285/2925/2426
f 2284/2817/2322 2285/2925/2426 2279/2819/2324
f 2279/2819/2324 2285/2925/2426 2280/2926/2427
f 2279/2819/2324 2280/2926/2427 2274/2821/2326
f 2274/2821/2326 2280/2926/2427 2275/2927/2428
f 2274/2821/2326 2275/2927/2428 2269/2823/2328
f 2269/2823/2328 2275/2927/2428 2270/2928/2429
f 2269/2823/2328 2270/2928/2429 2264/2825/2330
f 2264/2825/2330 2270/2928/2429 2265/2929/2430
f 2264/2825/2330 2265/2929/2430 2259/2827/2332
f 2259/2827/2332 2265/2929/2430 2260/2930/2431
f 2259/2827/2332 2260/2930/2431 2254/2829/2334
f 2254/2829/2334 2260/2930/2431 2255/2931/2432
f 2254/2829/2334 2255/2931/2432 2249/2831/2336
f 2249/2831/2336 2255/2931/2432 2250/2932/2433
f 2249/2831/2336 2250/2932/2433 2244/2833/2338
f 2244/2833/2338 2250/2932/2433 2245/2933/2434
f 2244/2833/2338 2245/2933/2434 2239/2835/2340
f 2239/2835/2340 2245/2933/2434 2240/2934/2435
f 2239/2835/2340 2240/2934/2435 2234/2837/2342
f 2234/2837/2342 2240/2934/2435 2235/2935/2436
f 2234/2837/2342 2235/2935/2436 2169/2839/2344
f 2169/2839/2344 2235/2935/2436 2170/2936/2413
f 2170/2912/2413 2171/2937/2437 2230/2913/2414
f 2230/2913/2414 2171/2937/2437 2231/2938/2438
f 2230/2913/2414 2231/2938/2438 2225/2914/2415
f 2225/2914/2415 2231/2938/2438 2226/2939/2439
f 2225/2914/2415 2226/2939/2439 2220/2915/2416
f 2220/2915/2416 2226/2939/2439 2221/2940/2440
f 2220/2915/2416 2221/2940/2440 2215/2916/2417
f 2215/2916/2417 2221/2940/2440 2216/2941/2441
f 2215/2916/2417 2216/2941/2441 2210/2917/2418
f 2210/2917/2418 2216/2941/2441 2211/2942/2442
f 2210/2917/2418 2211/2942/2442 2205/2918/2419
f 2205/2918/2419 2211/2942/2442 2206/2943/2443
f 2205/2918/2419 2206/2943/2443 2200/2919/2420
f 2200/2919/2420 2206/2943/2443 2201/2944/2444
f 2200/2919/2420 2201/2944/2444 2195/2920/2421
f 2195/2920/2421 2201/2944/2444 2196/2945/2445
f 2195/2920/2421 2196/2945/2445 2190/2921/2422
f 2190/2921/2422 2196/2945/2445 2191/2946/2446
f 2190/2921/2422 2191/2946/2446 2185/2922/2423
f 2185/2922/2423 2191/2946/2446 2186/2947/2447
f 2185/2922/2423 2186/2947/2447 2175/2923/2424
f 2175/2923/2424 2186/2947/2447 2176/2948/2448
f 2175/2923/2424 2176/2948/2448 2182/2924/2425
f 2182/2924/2425 2176/2948/2448 2181/2949/2449
f 2182/2924/2425 2181/2949/2449 2285/2925/2426
f 2285/2925/2426 2181/2949/2449 2286/2950/2450
f 2285/2925/2426 2286/2950/2450 2280/2926/2427
f 2280/2926/2427 2286/2950/2450 2281/2951/2451
f 2280/2926/2427 2281/2951/2451 2275/2927/2428
f 2275/2927/2428 2281/2951/2451 2276/2952/2452
f 2275/2927/2428 2276/2952/2452 2270/2928/2429
f 2270/2928/2429 2276/2952/2452 2271/2953/2453
f 2270/2928/2429 2271/2953/2453 2265/2929/2430
f 2265/2929/2430 2271/2953/2453 2266/2954/2454
f 2265/2929/2430 2266/2954/2454 2260/2930/2431
f 2260/2930/2431 2266/2954/2454 2261/2955/2455
f 2260/2930/2431 2261/2955/2455 2255/2931/2432
f 2255/2931/2432 2261/2955/2455 2256/2956/2456
f 2255/2931/2432 2256/2956/2456 2250/2932/2433
f 2250/2932/2433 2256/2956/2456 2251/2957/2457
f 2250/2932/2433 2251/2957/2457 2245/2933/2434
f 2245/2933/2434 2251/2957/2457 2246/2958/2458
f 2245/2933/2434 2246/2958/2458 2240/2934/2435
f 2240/2934/2435 2246/2958/2458 2241/2959/2459
f 2240/2934/2435 2241/2959/2459 2235/2935/2436
f 2235/2935/2436 2241/2959/2459 2236/2960/2460
f 2235/2935/2436 2236/2960/2460 2170/2936/2413
f 2170/2936/2413 2236/2960/2460 2171/2961/2437
f 2171/2937/2437 2172/2962/2461 2231/2938/2438
f 2231/2938/2438 2172/2962/2461 2232/2963/2462
f 2231/2938/2438 2232/2963/2462 2226/2939/2439
f 2226/2939/2439 2232/2963/2462 2227/2964/2463
f 2226/2939/2439 2227/2964/2463 2221/2940/2440
f 2221/2940/2440 2227/2964/2463 2222/2965/2464
f 2221/2940/2440 2222/2965/2464 2216/2941/2441
f 2216/2941/2441 2222/2965/2464 2217/2966/2465
f 2216/2941/2441 2217/2966/2465 2211/2942/2442
f 2211/2942/2442 2217/2966/2465 2212/2967/2466
f 2211/2942/2442 2212/2967/2466 2206/2943/2443
f 2206/2943/2443 2212/2967/2466 2207/2968/2467
f 2206/2943/2443 2207/2968/2467 2201/2944/2444
f 2201/2944/2444 2207/2968/2467 2202/2969/2468
f 2201/2944/2444 2202/2969/2468 2196/2945/2445
f 2196/2945/2445 2202/2969/2468 2197/2970/2469
f 2196/2945/2445 2197/2970/2469 2191/2946/2446
f 2191/2946/2446 2197/2970/2469 2192/2971/2470
f 2191/2946/2446 2192/2971/2470 2186/2947/2447
f 2186/2947/2447 2192/2971/2470 2187/2972/2471
f 2186/2947/2447 2187/2972/2471 2176/2948/2448
f 2176/2948/2448 2187/2972/2471 2177/2973/2472
f 2176/2948/2448 2177/2973/2472 2181/2949/2449
f 2181/2949/2449 2177/2973/2472 2180/2974/2473
f 2181/2949/2449 2180/2974/2473 2286/2950/2450
f 2286/2950/2450 2180/2974/2473 2287/2975/2474
f 2286/2950/2450 2287/2975/2474 2281/2951/2451
f 2281/2951/2451 2287/2975/2474 2282/2976/2475
f 2281/2951/2451 2282/2976/2475 2276/2952/2452
f 2276/2952/2452 2282/2976/2475 2277/2977/2476
f 2276/2952/2452 2277/2977/2476 2271/2953/2453
f 2271/2953/2453 2277/2977/2476 2272/2978/2477
f 2271/2953/2453 2272/2978/2477 2266/2954/2454
f 2266/2954/2454 2272/2978/2477 2267/2979/2478
f 2266/2954/2454 2267/2979/2478 2261/2955/2455
f 2261/2955/2455 2267/2979/2478 2262/2980/2479
f 2261/2955/2455 2262/2980/2479 2256/2956/2456
f 2256/2956/2456 2262/2980/2479 2257/2981/2480
f 2256/2956/2456 2257/2981/2480 2251/2957/2457
f 2251/2957/2457 2257/2981/2480 2252/2982/2481
f 2251/2957/2457 2252/2982/2481 2246/2958/2458
f 2246/2958/2458 2252/2982/2481 2247/2983/2482
f 2246/2958/2458 2247/2983/2482 2241/2959/2459
f 2241/2959/2459 2247/2983/2482 2242/2984/2483
f 2241/2959/2459 2242/2984/2483 2236/2960/2460
f 2236/2960/2460 2242/2984/2483 2237/2985/2484
f 2236/2960/2460 2237/2985/2484 2171/2961/2437
f 2171/2961/2437 2237/2985/2484 2172/2986/2461
f 2172/2962/2461 2173/2889/2392 2232/2963/2462
f 2232/2963/2462 2173/2889/2392 2233/2887/2390
f 2232/2963/2462 2233/2887/2390 2227/2964/2463
f 2227/2964/2463 2233/2887/2390 2228/2885/2388
f 2227/2964/2463 2228/2885/2388 2222/2965/2464
f 2222/2965/2464 2228/2885/2388 2223/2883/2386
f 2222/2965/2464 2223/2883/2386 2217/2966/2465
f 2217/2966/2465 2223/2883/2386 2218/2881/2384
f 2217/2966/2465 2218/2881/2384 2212/2967/2466
f 2212/2967/2466 2218/2881/2384 2213/2879/2382
f 2212/2967/2466 2213/2879/2382 2207/2968/2467
f 2207/2968/2467 2213/2879/2382 2208/2877/2380
f 2207/2968/2467 2208/2877/2380 2202/2969/2468
f 2202/2969/2468 2208/2877/2380 2203/2875/2378
f 2202/2969/2468 2203/2875/2378 2197/2970/2469
f 2197/2970/2469 2203/2875/2378 2198/2873/2376
f 2197/2970/2469 2198/2873/2376 2192/2971/2470
f 2192/2971/2470 2198/2873/2376 2193/2871/2374
f 2192/2971/2470 2193/2871/2374 2187/2972/2471
f 2187/2972/2471 2193/2871/2374 2188/2869/2372
f 2187/2972/2471 2188/2869/2372 2177/2973/2472
f 2177/2973/2472 2188/2869/2372 2178/2867/2370
f 2177/2973/2472 2178/2867/2370 2180/2974/2473
f 2180/2974/2473 2178/2867/2370 2179/2865/2368
f 2180/2974/2473 2179/2865/2368 2287/2975/2474
f 2287/2975/2474 2179/2865/2368 2288/2863/2366
f 2287/2975/2474 2288/2863/2366 2282/2976/2475
f 2282/2976/2475 2288/2863/2366 2283/2911/2412
f 2282/2976/2475 2283/2911/2412 2277/2977/2476
f 2277/2977/2476 2283/2911/2412 2278/2909/2410
f 2277/2977/2476 2278/2909/2410 2272/2978/2477
f 2272/2978/2477 2278/2909/2410 2273/2907/2408
f 2272/2978/2477 2273/2907/2408 2267/2979/2478
f 2267/2979/2478 2273/2907/2408 2268/2905/2406
f 2267/2979/2478 2268/2905/2406 2262/2980/2479
f 2262/2980/2479 2268/2905/2406 2263/2903/2404
f 2262/2980/2479 2263/2903/2404 2257/2981/2480
f 2257/2981/2480 2263/2903/2404 2258/2901/2402
f 2257/2981/2480 2258/2901/2402 2252/2982/2481
f 2252/2982/2481 2258/2901/2402 2253/2899/2400
f 2252/2982/2481 2253/2899/2400 2247/2983/2482
f 2247/2983/2482 2253/2899/2400 2248/2897/2398
f 2247/2983/2482 2248/2897/2398 2242/2984/2483
f 2242/2984/2483 2248/2897/2398 2243/2895/2396
f 2242/2984/2483 2243/2895/2396 2237/2985/2484
f 2237/2985/2484 2243/2895/2396 2238/2893/2394
f 2237/2985/2484 2238/2893/2394 2172/2986/2461
f 2172/2986/2461 2238/2893/2394 2173/2891/2392
f 944/2987/2485 2122/2988/2317 921/2989/2486
f 921/2989/2486 2122/2988/2317 2121/2990/2319
f 921/2991/2486 2121/2992/2319 922/2993/2487
f 922/2993/2487 2121/2992/2319 2144/2994/2321
f 922/2993/2487 2144/2994/2321 923/2995/2488
f 923/2995/2488 2144/2994/2321 2143/2996/2323
f 923/2995/2488 2143/2996/2323 924/2997/2489
f 924/2997/2489 2143/2996/2323 2142/2998/2325
f 924/2997/2489 2142/2998/2325 925/2999/2490
f 925/2999/2490 2142/2998/2325 2141/3000/2327
f 925/2999/2490 2141/3000/2327 926/3001/2491
f 926/3001/2491 2141/3000/2327 2140/3002/2329
f 926/3001/2491 2140/3002/2329 927/3003/2492
f 927/3003/2492 2140/3002/2329 2139/3004/2331
f 927/3003/2492 2139/3004/2331 928/3005/2493
f 928/3005/2493 2139/3004/2331 2138/3006/2333
f 928/3005/2493 2138/3006/2333 929/3007/2494
f 929/3007/2494 2138/3006/2333 2137/3008/2335
f 929/3007/2494 2137/3008/2335 930/3009/2495
f 930/3009/2495 2137/3008/2335 2136/3010/2337
f 930/3009/2495 2136/3010/2337 931/3011/2496
f 931/3011/2496 2136/3010/2337 2135/3012/2339
f 931/3011/2496 2135/3012/2339 932/3013/2497
f 932/3013/2497 2135/3012/2339 2134/3014/2341
f 932/3013/2497 2134/3014/2341 933/3015/2498
f 933/3015/2498 2134/3014/2341 2133/3016/2343
f 933/3015/2498 2133/3016/2343 934/3017/2499
f 934/3017/2499 2133/3016/2343 2132/3018/2345
f 934/3017/2499 2132/3018/2345 935/3019/2500
f 935/3019/2500 2132/3018/2345 2131/3020/2347
f 935/3019/2500 2131/3020/2347 936/3021/2501
f 936/3021/2501 2131/3020/2347 2130/3022/2349
f 936/3021/2501 2130/3022/2349 937/3023/2502
f 937/3023/2502 2130/3022/2349 2129/3024/2351
f 937/3023/2502 2129/3024/2351 938/3025/2503
f 938/3025/2503 2129/3024/2351 2128/3026/2353
f 938/3025/2503 2128/3026/2353 939/3027/2504
f 939/3027/2504 2128/3026/2353 2127/3028/2355
f 939/3027/2504 2127/3028/2355 940/3029/2505
f 940/3029/2505 2127/3028/2355 2126/3030/2357
f 940/3029/2505 2126/3030/2357 941/3031/2506
f 941/3031/2506 2126/3030/2357 2125/3032/2359
f 941/3031/2506 2125/3032/2359 942/3033/2507
f 942/3033/2507 2125/3032/2359 2124/3034/2361
f 942/3033/2507 2124/3034/2361 943/3035/2508
f 943/3035/2508 2124/3034/2361 2123/3036/2363
f 943/3035/2508 2123/3036/2363 944/2987/2485
f 944/2987/2485 2123/3036/2363 2122/2988/2317
f 2168/3037/2369 2158/3038/2389 2145/3039/2367
f 2145/3039/2367 2158/3038/2389 2157/3040/2391
f 2145/3039/2367 2157/3040/2391 2146/3041/2365
f 2146/3041/2365 2157/3040/2391 2156/3042/2393
f 2146/3041/2365 2156/3042/2393 2147/3043/2411
f 2147/3043/2411 2156/3042/2393 2155/3044/2395
f 2147/3043/2411 2155/3044/2395 2148/3045/2409
f 2148/3045/2409 2155/3044/2395 2154/3046/2397
f 2148/3045/2409 2154/3046/2397 2149/3047/2407
f 2149/3047/2407 2154/3046/2397 2153/3048/2399
f 2149/3047/2407 2153/3048/2399 2150/3049/2405
f 2150/3049/2405 2153/3048/2399 2152/3050/2401
f 2150/3049/2405 2152/3050/2401 2151/3051/2403
f 2158/3038/2389 2168/3037/2369 2159/3052/2387
f 2159/3052/2387 2168/3037/2369 2167/3053/2371
f 2159/3052/2387 2167/3053/2371 2160/3054/2385
f 2160/3054/2385 2167/3053/2371 2166/3055/2373
f 2160/3054/2385 2166/3055/2373 2161/3056/2383
f 2161/3056/2383 2166/3055/2373 2165/3057/2375
f 2161/3056/2383 2165/3057/2375 2162/3058/2381
f 2162/3058/2381 2165/3057/2375 2164/3059/2377
f 2162/3058/2381 2164/3059/2377 2163/3060/2379
f 2290/3061/2509 2342/3062/2510 2289/3063/2511
f 2289/3063/2511 2342/3062/2510 2351/3064/2512
f 2289/3063/2511 2351/3064/2512 2312/3065/2513
f 2312/3065/2513 2351/3064/2512 2452/3066/2514
f 2312/3065/2513 2452/3066/2514 2311/3067/2515
f 2311/3067/2515 2452/3066/2514 2447/3068/2516
f 2311/3067/2515 2447/3068/2516 2310/3069/2517
f 2310/3069/2517 2447/3068/2516 2442/3070/2518
f 2310/3069/2517 2442/3070/2518 2309/3071/2519
f 2309/3071/2519 2442/3070/2518 2437/3072/2520
f 2309/3071/2519 2437/3072/2520 2308/3073/2521
f 2308/3073/2521 2437/3072/2520 2432/3074/2522
f 2308/3073/2521 2432/3074/2522 2307/3075/2523
f 2307/3075/2523 2432/3074/2522 2427/3076/2524
f 2307/3075/2523 2427/3076/2524 2306/3077/2525
f 2306/3077/2525 2427/3076/2524 2422/3078/2526
f 2306/3077/2525 2422/3078/2526 2305/3079/2527
f 2305/3079/2527 2422/3078/2526 2417/3080/2528
f 2305/3079/2527 2417/3080/2528 2304/3081/2529
f 2304/3081/2529 2417/3080/2528 2412/3082/2530
f 2304/3081/2529 2412/3082/2530 2303/3083/2531
f 2303/3083/2531 2412/3082/2530 2407/3084/2532
f 2303/3083/2531 2407/3084/2532 2302/3085/2533
f 2302/3085/2533 2407/3084/2532 2402/3086/2534
f 2302/3085/2533 2402/3086/2534 2301/3087/2535
f 2301/3087/2535 2402/3086/2534 2337/3088/2536
f 2301/3089/2535 2337/3090/2536 2300/3091/2537
f 2300/3091/2537 2337/3090/2536 2397/3092/2538
f 2300/3091/2537 2397/3092/2538 2299/3093/2539
f 2299/3093/2539 2397/3092/2538 2392/3094/2540
f 2299/3093/2539 2392/3094/2540 2298/3095/2541
f 2298/3095/2541 2392/3094/2540 2387/3096/2542
f 2298/3095/2541 2387/3096/2542 2297/3097/2543
f 2297/3097/2543 2387/3096/2542 2382/3098/2544
f 2297/3097/2543 2382/3098/2544 2296/3099/2545
f 2296/3099/2545 2382/3098/2544 2377/3100/2546
f 2296/3099/2545 2377/3100/2546 2295/3101/2547
f 2295/3101/2547 2377/3100/2546 2372/3102/2548
f 2295/3101/2547 2372/3102/2548 2294/3103/2549
f 2294/3103/2549 2372/3102/2548 2367/3104/2550
f 2294/3103/2549 2367/3104/2550 2293/3105/2551
f 2293/3105/2551 2367/3104/2550 2362/3106/2552
f 2293/3105/2551 2362/3106/2552 2292/3107/2553
f 2292/3107/2553 2362/3106/2552 2357/3108/2554
f 2292/3107/2553 2357/3108/2554 2291/3109/2555
f 2291/3109/2555 2357/3108/2554 2352/3110/2556
f 2291/3109/2555 2352/3110/2556 2290/3061/2509
f 2290/3061/2509 2352/3110/2556 2342/3062/2510
f 2314/3111/2557 2456/3112/2558 2313/3113/2559
f 2313/3113/2559 2456/3112/2558 2347/3114/2560
f 2313/3113/2559 2347/3114/2560 2336/3115/2561
f 2336/3115/2561 2347/3114/2560 2346/3116/2562
f 2336/3115/2561 2346/3116/2562 2335/3117/2563
f 2335/3117/2563 2346/3116/2562 2356/3118/2564
f 2335/3117/2563 2356/3118/2564 2334/3119/2565
f 2334/3119/2565 2356/3118/2564 2361/3120/2566
f 2334/3119/2565 2361/3120/2566 2333/3121/2567
f 2333/3121/2567 2361/3120/2566 2366/3122/2568
f 2333/3121/2567 2366/3122/2568 2332/3123/2569
f 2332/3123/2569 2366/3122/2568 2371/3124/2570
f 2332/3123/2569 2371/3124/2570 2331/3125/2571
f 2331/3125/2571 2371/3124/2570 2376/3126/2572
f 2331/3125/2571 2376/3126/2572 2330/3127/2573
f 2330/3127/2573 2376/3126/2572 2381/3128/2574
f 2330/3127/2573 2381/3128/2574 2329/3129/2575
f 2329/3129/2575 2381/3128/2574 2386/3130/2576
f 2329/3129/2575 2386/3130/2576 2328/3131/2577
f 2328/3131/2577 2386/3130/2576 2391/3132/2578
f 2328/3131/2577 2391/3132/2578 2327/3133/2579
f 2327/3133/2579 2391/3132/2578 2396/3134/2580
f 2327/3133/2579 2396/3134/2580 2326/3135/2581
f 2326/3135/2581 2396/3134/2580 2401/3136/2582
f 2326/3135/2581 2401/3136/2582 2325/3137/2583
f 2325/3137/2583 2401/3136/2582 2341/3138/2584
f 2325/3139/2583 2341/3140/2584 2324/3141/2585
f 2324/3141/2585 2341/3140/2584 2406/3142/2586
f 2324/3141/2585 2406/3142/2586 2323/3143/2587
f 2323/3143/2587 2406/3142/2586 2411/3144/2588
f 2323/3143/2587 2411/3144/2588 2322/3145/2589
f 2322/3145/2589 2411/3144/2588 2416/3146/2590
f 2322/3145/2589 2416/3146/2590 2321/3147/2591
f 2321/3147/2591 2416/3146/2590 2421/3148/2592
f 2321/3147/2591 2421/3148/2592 2320/3149/2593
f 2320/3149/2593 2421/3148/2592 2426/3150/2594
f 2320/3149/2593 2426/3150/2594 2319/3151/2595
f 2319/3151/2595 2426/3150/2594 2431/3152/2596
f 2319/3151/2595 2431/3152/2596 2318/3153/2597
f 2318/3153/2597 2431/3152/2596 2436/3154/2598
f 2318/3153/2597 2436/3154/2598 2317/3155/2599
f 2317/3155/2599 2436/3154/2598 2441/3156/2600
f 2317/3155/2599 2441/3156/2600 2316/3157/2601
f 2316/3157/2601 2441/3156/2600 2446/3158/2602
f 2316/3157/2601 2446/3158/2602 2315/3159/2603
f 2315/3159/2603 2446/3158/2602 2451/3160/2604
f 2315/3159/2603 2451/3160/2604 2314/3111/2557
f 2314/3111/2557 2451/3160/2604 2456/3112/2558
f 2337/3090/2536 2338/3161/2605 2397/3092/2538
f 2397/3092/2538 2338/3161/2605 2398/3162/2606
f 2397/3092/2538 2398/3162/2606 2392/3094/2540
f 2392/3094/2540 2398/3162/2606 2393/3163/2607
f 2392/3094/2540 2393/3163/2607 2387/3096/2542
f 2387/3096/2542 2393/3163/2607 2388/3164/2608
f 2387/3096/2542 2388/3164/2608 2382/3098/2544
f 2382/3098/2544 2388/3164/2608 2383/3165/2609
f 2382/3098/2544 2383/3165/2609 2377/3100/2546
f 2377/3100/2546 2383/3165/2609 2378/3166/2610
f 2377/3100/2546 2378/3166/2610 2372/3102/2548
f 2372/3102/2548 2378/3166/2610 2373/3167/2611
f 2372/3102/2548 2373/3167/2611 2367/3104/2550
f 2367/3104/2550 2373/3167/2611 2368/3168/2612
f 2367/3104/2550 2368/3168/2612 2362/3106/2552
f 2362/3106/2552 2368/3168/2612 2363/3169/2613
f 2362/3106/2552 2363/3169/2613 2357/3108/2554
f 2357/3108/2554 2363/3169/2613 2358/3170/2614
f 2357/3108/2554 2358/3170/2614 2352/3110/2556
f 2352/3110/2556 2358/3170/2614 2353/3171/2615
f 2352/3110/2556 2353/3171/2615 2342/3062/2510
f 2342/3062/2510 2353/3171/2615 2343/3172/2616
f 2342/3062/2510 2343/3172/2616 2351/3064/2512
f 2351/3064/2512 2343/3172/2616 2350/3173/2617
f 2351/3064/2512 2350/3173/2617 2452/3066/2514
f 2452/3066/2514 2350/3173/2617 2453/3174/2618
f 2452/3066/2514 2453/3174/2618 2447/3068/2516
f 2447/3068/2516 2453/3174/2618 2448/3175/2619
f 2447/3068/2516 2448/3175/2619 2442/3070/2518
f 2442/3070/2518 2448/3175/2619 2443/3176/2620
f 2442/3070/2518 2443/3176/2620 2437/3072/2520
f 2437/3072/2520 2443/3176/2620 2438/3177/2621
f 2437/3072/2520 2438/3177/2621 2432/3074/2522
f 2432/3074/2522 2438/3177/2621 2433/3178/2622
f 2432/3074/2522 2433/3178/2622 2427/3076/2524
f 2427/3076/2524 2433/3178/2622 2428/3179/2623
f 2427/3076/2524 2428/3179/2623 2422/3078/2526
f 2422/3078/2526 2428/3179/2623 2423/3180/2624
f 2422/3078/2526 2423/3180/2624 2417/3080/2528
f 2417/3080/2528 2423/3180/2624 2418/3181/2625
f 2417/3080/2528 2418/3181/2625 2412/3082/2530
f 2412/3082/2530 2418/3181/2625 2413/3182/2626
f 2412/3082/2530 2413/3182/2626 2407/3084/2532
f 2407/3084/2532 2413/3182/2626 2408/3183/2627
f 2407/3084/2532 2408/3183/2627 2402/3086/2534
f 2402/3086/2534 2408/3183/2627 2403/3184/2628
f 2402/3086/2534 2403/3184/2628 2337/3088/2536
f 2337/3088/2536 2403/3184/2628 2338/3185/2605
f 2338/3161/2605 2339/3186/2629 2398/3162/2606
f 2398/3162/2606 2339/3186/2629 2399/3187/2630
f 2398/3162/2606 2399/3187/2630 2393/3163/2607
f 2393/3163/2607 2399/3187/2630 2394/3188/2631
f 2393/3163/2607 2394/3188/2631 2388/3164/2608
f 2388/3164/2608 2394/3188/2631 2389/3189/2632
f 2388/3164/2608 2389/3189/2632 2383/3165/2609
f 2383/3165/2609 2389/3189/2632 2384/3190/2633
f 2383/3165/2609 2384/3190/2633 2378/3166/2610
f 2378/3166/2610 2384/3190/2633 2379/3191/2634
f 2378/3166/2610 2379/3191/2634 2373/3167/2611
f 2373/3167/2611 2379/3191/2634 2374/3192/2635
f 2373/3167/2611 2374/3192/2635 2368/3168/2612
f 2368/3168/2612 2374/3192/2635 2369/3193/2636
f 2368/3168/2612 2369/3193/2636 2363/3169/2613
f 2363/3169/2613 2369/3193/2636 2364/3194/2637
f 2363/3169/2613 2364/3194/2637 2358/3170/2614
f 2358/3170/2614 2364/3194/2637 2359/3195/2638
f 2358/3170/2614 2359/3195/2638 2353/3171/2615
f 2353/3171/2615 2359/3195/2638 2354/3196/2639
f 2353/3171/2615 2354/3196/2639 2343/3172/2616
f 2343/3172/2616 2354/3196/2639 2344/3197/2640
f 2343/3172/2616 2344/3197/2640 2350/3173/2617
f 2350/3173/2617 2344/3197/2640 2349/3198/2641
f 2350/3173/2617 2349/3198/2641 2453/3174/2618
f 2453/3174/2618 2349/3198/2641 2454/3199/2642
f 2453/3174/2618 2454/3199/2642 2448/3175/2619
f 2448/3175/2619 2454/3199/2642 2449/3200/2643
f 2448/3175/2619 2449/3200/2643 2443/3176/2620
f 2443/3176/2620 2449/3200/2643 2444/3201/2644
f 2443/3176/2620 2444/3201/2644 2438/3177/2621
f 2438/3177/2621 2444/3201/2644 2439/3202/2645
f 2438/3177/2621 2439/3202/2645 2433/3178/2622
f 2433/3178/2622 2439/3202/2645 2434/3203/2646
f 2433/3178/2622 2434/3203/2646 2428/3179/2623
f 2428/3179/2623 2434/3203/2646 2429/3204/2647
f 2428/3179/2623 2429/3204/2647 2423/3180/2624
f 2423/3180/2624 2429/3204/2647 2424/3205/2648
f 2423/3180/2624 2424/3205/2648 2418/3181/2625
f 2418/3181/2625 2424/3205/2648 2419/3206/2649
f 2418/3181/2625 2419/3206/2649 2413/3182/2626
f 2413/3182/2626 2419/3206/2649 2414/3207/2650
f 2413/3182/2626 2414/3207/2650 2408/3183/2627
f 2408/3183/2627 2414/3207/2650 2409/3208/2651
f 2408/3183/2627 2409/3208/2651 2403/3184/2628
f 2403/3184/2628 2409/3208/2651 2404/3209/2652
f 2403/3184/2628 2404/3209/2652 2338/3185/2605
f 2338/3185/2605 2404/3209/2652 2339/3210/2629
f 2339/3186/2629 2340/3211/2653 2399/3187/2630
f 2399/3187/2630 2340/3211/2653 2400/3212/2654
f 2399/3187/2630 2400/3212/2654 2394/3188/2631
f 2394/3188/2631 2400/3212/2654 2395/3213/2655
f 2394/3188/2631 2395/3213/2655 2389/3189/2632
f 2389/3189/2632 2395/3213/2655 2390/3214/2656
f 2389/3189/2632 2390/3214/2656 2384/3190/2633
f 2384/3190/2633 2390/3214/2656 2385/3215/2657
f 2384/3190/2633 2385/3215/2657 2379/3191/2634
f 2379/3191/2634 2385/3215/2657 2380/3216/2658
f 2379/3191/2634 2380/3216/2658 2374/3192/2635
f 2374/3192/2635 2380/3216/2658 2375/3217/2659
f 2374/3192/2635 2375/3217/2659 2369/3193/2636
f 2369/3193/2636 2375/3217/2659 2370/3218/2660
f 2369/3193/2636 2370/3218/2660 2364/3194/2637
f 2364/3194/2637 2370/3218/2660 2365/3219/2661
f 2364/3194/2637 2365/3219/2661 2359/3195/2638
f 2359/3195/2638 2365/3219/2661 2360/3220/2662
f 2359/3195/2638 2360/3220/2662 2354/3196/2639
f 2354/3196/2639 2360/3220/2662 2355/3221/2663
f 2354/3196/2639 2355/3221/2663 2344/3197/2640
f 2344/3197/2640 2355/3221/2663 2345/3222/2664
f 2344/3197/2640 2345/3222/2664 2349/3198/2641
f 2349/3198/2641 2345/3222/2664 2348/3223/2665
f 2349/3198/2641 2348/3223/2665 2454/3199/2642
f 2454/3199/2642 2348/3223/2665 2455/3224/2666
f 2454/3199/2642 2455/3224/2666 2449/3200/2643
f 2449/3200/2643 2455/3224/2666 2450/3225/2667
f 2449/3200/2643 2450/3225/2667 2444/3201/2644
f 2444/3201/2644 2450/3225/2667 2445/3226/2668
f 2444/3201/2644 2445/3226/2668 2439/3202/2645
f 2439/3202/2645 2445/3226/2668 2440/3227/2669
f 2439/3202/2645 2440/3227/2669 2434/3203/2646
f 2434/3203/2646 2440/3227/2669 2435/3228/2670
f 2434/3203/2646 2435/3228/2670 2429/3204/2647
f 2429/3204/2647 2435/3228/2670 2430/3229/2671
f 2429/3204/2647 2430/3229/2671 2424/3205/2648
f 2424/3205/2648 2430/3229/2671 2425/3230/2672
f 2424/3205/2648 2425/3230/2672 2419/3206/2649
f 2419/3206/2649 2425/3230/2672 2420/3231/2673
f 2419/3206/2649 2420/3231/2673 2414/3207/2650
f 2414/3207/2650 2420/3231/2673 2415/3232/2674
f 2414/3207/2650 2415/3232/2674 2409/3208/2651
f 2409/3208/2651 2415/3232/2674 2410/3233/2675
f 2409/3208/2651 2410/3233/2675 2404/3209/2652
f 2404/3209/2652 2410/3233/2675 2405/3234/2676
f 2404/3209/2652 2405/3234/2676 2339/3210/2629
f 2339/3210/2629 2405/3234/2676 2340/3235/2653
f 2340/3211/2653 2341/3138/2584 2400/3212/2654
f 2400/3212/2654 2341/3138/2584 2401/3136/2582
f 2400/3212/2654 2401/3136/2582 2395/3213/2655
f 2395/3213/2655 2401/3136/2582 2396/3134/2580
f 2395/3213/2655 2396/3134/2580 2390/3214/2656
f 2390/3214/2656 2396/3134/2580 2391/3132/2578
f 2390/3214/2656 2391/3132/2578 2385/3215/2657
f 2385/3215/2657 2391/3132/2578 2386/3130/2576
f 2385/3215/2657 2386/3130/2576 2380/3216/2658
f 2380/3216/2658 2386/3130/2576 2381/3128/2574
f 2380/3216/2658 2381/3128/2574 2375/3217/2659
f 2375/3217/2659 2381/3128/2574 2376/3126/2572
f 2375/3217/2659 2376/3126/2572 2370/3218/2660
f 2370/3218/2660 2376/3126/2572 2371/3124/2570
f 2370/3218/2660 2371/3124/2570 2365/3219/2661
f 2365/3219/2661 2371/3124/2570 2366/3122/2568
f 2365/3219/2661 2366/3122/2568 2360/3220/2662
f 2360/3220/2662 2366/3122/2568 2361/3120/2566
f 2360/3220/2662 2361/3120/2566 2355/3221/2663
f 2355/3221/2663 2361/3120/2566 2356/3118/2564
f 2355/3221/2663 2356/3118/2564 2345/3222/2664
f 2345/3222/2664 2356/3118/2564 2346/3116/2562
f 2345/3222/2664 2346/3116/2562 2348/3223/2665
f 2348/3223/2665 2346/3116/2562 2347/3114/2560
f 2348/3223/2665 2347/3114/2560 2455/3224/2666
f 2455/3224/2666 2347/3114/2560 2456/3112/2558
f 2455/3224/2666 2456/3112/2558 2450/3225/2667
f 2450/3225/2667 2456/3112/2558 2451/3160/2604
f 2450/3225/2667 2451/3160/2604 2445/3226/2668
f 2445/3226/2668 2451/3160/2604 2446/3158/2602
f 2445/3226/2668 2446/3158/2602 2440/3227/2669
f 2440/3227/2669 2446/3158/2602 2441/3156/2600
f 2440/3227/2669 2441/3156/2600 2435/3228/2670
f 2435/3228/2670 2441/3156/2600 2436/3154/2598
f 2435/3228/2670 2436/3154/2598 2430/3229/2671
f 2430/3229/2671 2436/3154/2598 2431/3152/2596
f 2430/3229/2671 2431/3152/2596 2425/3230/2672
f 2425/3230/2672 2431/3152/2596 2426/3150/2594
f 2425/3230/2672 2426/3150/2594 2420/3231/2673
f 2420/3231/2673 2426/3150/2594 2421/3148/2592
f 2420/3231/2673 2421/3148/2592 2415/3232/2674
f 2415/3232/2674 2421/3148/2592 2416/3146/2590
f 2415/3232/2674 2416/3146/2590 2410/3233/2675
f 2410/3233/2675 2416/3146/2590 2411/3144/2588
f 2410/3233/2675 2411/3144/2588 2405/3234/2676
f 2405/3234/2676 2411/3144/2588 2406/3142/2586
f 2405/3234/2676 2406/3142/2586 2340/3235/2653
f 2340/3235/2653 2406/3142/2586 2341/3140/2584
f 2458/3236/2677 2290/3237/2509 2457/3238/2678
f 2457/3238/2678 2290/3237/2509 2289/3239/2511
f 2457/3240/2678 2289/3241/2511 2480/3242/2679
f 2480/3242/2679 2289/3241/2511 2312/3243/2513
f 2480/3242/2679 2312/3243/2513 2479/3244/2680
f 2479/3244/2680 2312/3243/2513 2311/3245/2515
f 2479/3244/2680 2311/3245/2515 2478/3246/2681
f 2478/3246/2681 2311/3245/2515 2310/3247/2517
f 2478/3246/2681 2310/3247/2517 2477/3248/2682
f 2477/3248/2682 2310/3247/2517 2309/3249/2519
f 2477/3248/2682 2309/3249/2519 2476/3250/2683
f 2476/3250/2683 2309/3249/2519 2308/3251/2521
f 2476/3250/2683 2308/3251/2521 2475/3252/2684
f 2475/3252/2684 2308/3251/2521 2307/3253/2523
f 2475/3252/2684 2307/3253/2523 2474/3254/2685
f 2474/3254/2685 2307/3253/2523 2306/3255/2525
f 2474/3254/2685 2306/3255/2525 2473/3256/2686
f 2473/3256/2686 2306/3255/2525 2305/3257/2527
f 2473/3256/2686 2305/3257/2527 2472/3258/2687
f 2472/3258/2687 2305/3257/2527 2304/3259/2529
f 2472/3258/2687 2304/3259/2529 2471/3260/2688
f 2471/3260/2688 2304/3259/2529 2303/3261/2531
f 2471/3260/2688 2303/3261/2531 2470/3262/2689
f 2470/3262/2689 2303/3261/2531 2302/3263/2533
f 2470/3262/2689 2302/3263/2533 2469/3264/2690
f 2469/3264/2690 2302/3263/2533 2301/3265/2535
f 2469/3264/2690 2301/3265/2535 2468/3266/2691
f 2468/3266/2691 2301/3265/2535 2300/3267/2537
f 2468/3266/2691 2300/3267/2537 2467/3268/2692
f 2467/3268/2692 2300/3267/2537 2299/3269/2539
f 2467/3268/2692 2299/3269/2539 2466/3270/2693
f 2466/3270/2693 2299/3269/2539 2298/3271/2541
f 2466/3270/2693 2298/3271/2541 2465/3272/2694
f 2465/3272/2694 2298/3271/2541 2297/3273/2543
f 2465/3272/2694 2297/3273/2543 2464/3274/2695
f 2464/3274/2695 2297/3273/2543 2296/3275/2545
f 2464/3274/2695 2296/3275/2545 2463/3276/2696
f 2463/3276/2696 2296/3275/2545 2295/3277/2547
f 2463/3276/2696 2295/3277/2547 2462/3278/2697
f 2462/3278/2697 2295/3277/2547 2294/3279/2549
f 2462/3278/2697 2294/3279/2549 2461/3280/2698
f 2461/3280/2698 2294/3279/2549 2293/3281/2551
f 2461/3280/2698 2293/3281/2551 2460/3282/2699
f 2460/3282/2699 2293/3281/2551 2292/3283/2553
f 2460/3282/2699 2292/3283/2553 2459/3284/2700
f 2459/3284/2700 2292/3283/2553 2291/3285/2555
f 2459/3284/2700 2291/3285/2555 2458/3236/2677
f 2458/3236/2677 2291/3285/2555 2290/3237/2509
f 2504/3286/2701 2481/3287/2702 2313/3288/2559
f 2313/3288/2559 2481/3287/2702 2482/3289/2703
f 2313/3288/2559 2482/3289/2703 2314/3290/2557
f 2314/3290/2557 2482/3289/2703 2483/3291/2704
f 2314/3290/2557 2483/3291/2704 2315/3292/2603
f 2315/3292/2603 2483/3291/2704 2484/3293/2705
f 2315/3292/2603 2484/3293/2705 2316/3294/2601
f 2316/3294/2601 2484/3293/2705 2485/3295/2706
f 2316/3294/2601 2485/3295/2706 2317/3296/2599
f 2317/3296/2599 2485/3295/2706 2486/3297/2707
f 2317/3296/2599 2486/3297/2707 2318/3298/2597
f 2318/3298/2597 2486/3297/2707 2487/3299/2708
f 2318/3298/2597 2487/3299/2708 2319/3300/2595
f 2319/3300/2595 2487/3299/2708 2320/3301/2593
f 2320/3301/2593 2487/3299/2708 2488/3302/2709
f 2320/3301/2593 2488/3302/2709 2321/3303/2591
f 2321/3303/2591 2488/3302/2709 2489/3304/2710
f 2321/3303/2591 2489/3304/2710 2322/3305/2589
f 2322/3305/2589 2489/3304/2710 2490/3306/2711
f 2322/3305/2589 2490/3306/2711 2323/3307/2587
f 2323/3307/2587 2490/3306/2711 2491/3308/2712
f 2323/3307/2587 2491/3308/2712 2324/3309/2585
f 2324/3309/2585 2491/3308/2712 2492/3310/2713
f 2324/3309/2585 2492/3310/2713 2325/3311/2583
f 2325/3311/2583 2492/3310/2713 2493/3312/2714
f 2325/3311/2583 2493/3312/2714 2326/3313/2581
f 2326/3313/2581 2493/3312/2714 2494/3314/2715
f 2326/3313/2581 2494/3314/2715 2495/3315/2716
f 2326/3313/2581 2495/3315/2716 2327/3316/2579
f 2327/3316/2579 2495/3315/2716 2496/3317/2717
f 2327/3316/2579 2496/3317/2717 2328/3318/2577
f 2328/3318/2577 2496/3317/2717 2497/3319/2718
f 2328/3318/2577 2497/3319/2718 2329/3320/2575
f 2329/3320/2575 2497/3319/2718 2498/3321/2719
f 2329/3320/2575 2498/3321/2719 2330/3322/2573
f 2330/3322/2573 2498/3321/2719 2499/3323/2720
f 2330/3322/2573 2499/3323/2720 2331/3324/2571
f 2331/3324/2571 2499/3323/2720 2332/3325/2569
f 2332/3325/2569 2499/3323/2720 2500/3326/2721
f 2332/3325/2569 2500/3326/2721 2333/3327/2567
f 2333/3327/2567 2500/3326/2721 2501/3328/2722
f 2333/3327/2567 2501/3328/2722 2334/3329/2565
f 2334/3329/2565 2501/3328/2722 2502/3330/2723
f 2334/3329/2565 2502/3330/2723 2335/3331/2563
f 2335/3331/2563 2502/3330/2723 2503/3332/2724
f 2335/3331/2563 2503/3332/2724 2336/3333/2561
f 2336/3333/2561 2503/3332/2724 2504/3286/2701
f 2336/3333/2561 2504/3286/2701 2313/3288/2559
f 2506/3334/2725 2558/3335/2726 2505/3336/2727
f 2505/3336/2727 2558/3335/2726 2567/3337/2728
f 2505/3336/2727 2567/3337/2728 2528/3338/2729
f 2528/3338/2729 2567/3337/2728 2668/3339/2730
f 2528/3338/2729 2668/3339/2730 2527/3340/2731
f 2527/3340/2731 2668/3339/2730 2663/3341/2732
f 2527/3340/2731 2663/3341/2732 2526/3342/2733
f 2526/3342/2733 2663/3341/2732 2658/3343/2734
f 2526/3342/2733 2658/3343/2734 2525/3344/2735
f 2525/3344/2735 2658/3343/2734 2653/3345/2736
f 2525/3344/2735 2653/3345/2736 2524/3346/2737
f 2524/3346/2737 2653/3345/2736 2648/3347/2738
f 2524/3346/2737 2648/3347/2738 2523/3348/2739
f 2523/3348/2739 2648/3347/2738 2643/3349/2740
f 2523/3348/2739 2643/3349/2740 2522/3350/2741
f 2522/3350/2741 2643/3349/2740 2638/3351/2742
f 2522/3350/2741 2638/3351/2742 2521/3352/2743
f 2521/3352/2743 2638/3351/2742 2633/3353/2744
f 2521/3352/2743 2633/3353/2744 2520/3354/2745
f 2520/3354/2745 2633/3353/2744 2628/3355/2746
f 2520/3354/2745 2628/3355/2746 2519/3356/2747
f 2519/3356/2747 2628/3355/2746 2623/3357/2748
f 2519/3356/2747 2623/3357/2748 2518/3358/2749
f 2518/3358/2749 2623/3357/2748 2618/3359/2750
f 2518/3358/2749 2618/3359/2750 2517/3360/2751
f 2517/3360/2751 2618/3359/2750 2553/3361/2752
f 2517/3362/2751 2553/3363/2752 2516/3364/2753
f 2516/3364/2753 2553/3363/2752 2613/3365/2754
f 2516/3364/2753 2613/3365/2754 2515/3366/2755
f 2515/3366/2755 2613/3365/2754 2608/3367/2756
f 2515/3366/2755 2608/3367/2756 2514/3368/2757
f 2514/3368/2757 2608/3367/2756 2603/3369/2758
f 2514/3368/2757 2603/3369/2758 2513/3370/2759
f 2513/3370/2759 2603/3369/2758 2598/3371/2760
f 2513/3370/2759 2598/3371/2760 2512/3372/2761
f 2512/3372/2761 2598/3371/2760 2593/3373/2762
f 2512/3372/2761 2593/3373/2762 2511/3374/2763
f 2511/3374/2763 2593/3373/2762 2588/3375/2764
f 2511/3374/2763 2588/3375/2764 2510/3376/2765
f 2510/3376/2765 2588/3375/2764 2583/3377/2766
f 2510/3376/2765 2583/3377/2766 2509/3378/2767
f 2509/3378/2767 2583/3377/2766 2578/3379/2768
f 2509/3378/2767 2578/3379/2768 2508/3380/2769
f 2508/3380/2769 2578/3379/2768 2573/3381/2770
f 2508/3380/2769 2573/3381/2770 2507/3382/2771
f 2507/3382/2771 2573/3381/2770 2568/3383/2772
f 2507/3382/2771 2568/3383/2772 2506/3334/2725
f 2506/3334/2725 2568/3383/2772 2558/3335/2726
f 2530/3384/2773 2672/3385/2774 2529/3386/2775
f 2529/3386/2775 2672/3385/2774 2563/3387/2776
f 2529/3386/2775 2563/3387/2776 2552/3388/2777
f 2552/3388/2777 2563/3387/2776 2562/3389/2778
f 2552/3388/2777 2562/3389/2778 2551/3390/2779
f 2551/3390/2779 2562/3389/2778 2572/3391/2780
f 2551/3390/2779 2572/3391/2780 2550/3392/2781
f 2550/3392/2781 2572/3391/2780 2577/3393/2782
f 2550/3392/2781 2577/3393/2782 2549/3394/2783
f 2549/3394/2783 2577/3393/2782 2582/3395/2784
f 2549/3394/2783 2582/3395/2784 2548/3396/2785
f 2548/3396/2785 2582/3395/2784 2587/3397/2786
f 2548/3396/2785 2587/3397/2786 2547/3398/2787
f 2547/3398/2787 2587/3397/2786 2592/3399/2788
f 2547/3398/2787 2592/3399/2788 2546/3400/2789
f 2546/3400/2789 2592/3399/2788 2597/3401/2790
f 2546/3400/2789 2597/3401/2790 2545/3402/2791
f 2545/3402/2791 2597/3401/2790 2602/3403/2792
f 2545/3402/2791 2602/3403/2792 2544/3404/2793
f 2544/3404/2793 2602/3403/2792 2607/3405/2794
f 2544/3404/2793 2607/3405/2794 2543/3406/2795
f 2543/3406/2795 2607/3405/2794 2612/3407/2796
f 2543/3406/2795 2612/3407/2796 2542/3408/2797
f 2542/3408/2797 2612/3407/2796 2617/3409/2798
f 2542/3408/2797 2617/3409/2798 2541/3410/2799
f 2541/3410/2799 2617/3409/2798 2557/3411/2800
f 2541/3412/2799 2557/3413/2800 2540/3414/2801
f 2540/3414/2801 2557/3413/2800 2622/3415/2802
f 2540/3414/2801 2622/3415/2802 2539/3416/2803
f 2539/3416/2803 2622/3415/2802 2627/3417/2804
f 2539/3416/2803 2627/3417/2804 2538/3418/2805
f 2538/3418/2805 2627/3417/2804 2632/3419/2806
f 2538/3418/2805 2632/3419/2806 2537/3420/2807
f 2537/3420/2807 2632/3419/2806 2637/3421/2808
f 2537/3420/2807 2637/3421/2808 2536/3422/2809
f 2536/3422/2809 2637/3421/2808 2642/3423/2810
f 2536/3422/2809 2642/3423/2810 2535/3424/2811
f 2535/3424/2811 2642/3423/2810 2647/3425/2812
f 2535/3424/2811 2647/3425/2812 2534/3426/2813
f 2534/3426/2813 2647/3425/2812 2652/3427/2814
f 2534/3426/2813 2652/3427/2814 2533/3428/2815
f 2533/3428/2815 2652/3427/2814 2657/3429/2816
f 2533/3428/2815 2657/3429/2816 2532/3430/2817
f 2532/3430/2817 2657/3429/2816 2662/3431/2818
f 2532/3430/2817 2662/3431/2818 2531/3432/2819
f 2531/3432/2819 2662/3431/2818 2667/3433/2820
f 2531/3432/2819 2667/3433/2820 2530/3384/2773
f 2530/3384/2773 2667/3433/2820 2672/3385/2774
f 2553/3363/2752 2554/3434/2821 2613/3365/2754
f 2613/3365/2754 2554/3434/2821 2614/3435/2822
f 2613/3365/2754 2614/3435/2822 2608/3367/2756
f 2608/3367/2756 2614/3435/2822 2609/3436/2823
f 2608/3367/2756 2609/3436/2823 2603/3369/2758
f 2603/3369/2758 2609/3436/2823 2604/3437/2824
f 2603/3369/2758 2604/3437/2824 2598/3371/2760
f 2598/3371/2760 2604/3437/2824 2599/3438/2825
f 2598/3371/2760 2599/3438/2825 2593/3373/2762
f 2593/3373/2762 2599/3438/2825 2594/3439/2826
f 2593/3373/2762 2594/3439/2826 2588/3375/2764
f 2588/3375/2764 2594/3439/2826 2589/3440/2827
f 2588/3375/2764 2589/3440/2827 2583/3377/2766
f 2583/3377/2766 2589/3440/2827 2584/3441/2828
f 2583/3377/2766 2584/3441/2828 2578/3379/2768
f 2578/3379/2768 2584/3441/2828 2579/3442/2829
f 2578/3379/2768 2579/3442/2829 2573/3381/2770
f 2573/3381/2770 2579/3442/2829 2574/3443/2830
f 2573/3381/2770 2574/3443/2830 2568/3383/2772
f 2568/3383/2772 2574/3443/2830 2569/3444/2831
f 2568/3383/2772 2569/3444/2831 2558/3335/2726
f 2558/3335/2726 2569/3444/2831 2559/3445/2832
f 2558/3335/2726 2559/3445/2832 2567/3337/2728
f 2567/3337/2728 2559/3445/2832 2566/3446/2833
f 2567/3337/2728 2566/3446/2833 2668/3339/2730
f 2668/3339/2730 2566/3446/2833 2669/3447/2834
f 2668/3339/2730 2669/3447/2834 2663/3341/2732
f 2663/3341/2732 2669/3447/2834 2664/3448/2835
f 2663/3341/2732 2664/3448/2835 2658/3343/2734
f 2658/3343/2734 2664/3448/2835 2659/3449/2836
f 2658/3343/2734 2659/3449/2836 2653/3345/2736
f 2653/3345/2736 2659/3449/2836 2654/3450/2837
f 2653/3345/2736 2654/3450/2837 2648/3347/2738
f 2648/3347/2738 2654/3450/2837 2649/3451/2838
f 2648/3347/2738 2649/3451/2838 2643/3349/2740
f 2643/3349/2740 2649/3451/2838 2644/3452/2839
f 2643/3349/2740 2644/3452/2839 2638/3351/2742
f 2638/3351/2742 2644/3452/2839 2639/3453/2840
f 2638/3351/2742 2639/3453/2840 2633/3353/2744
f 2633/3353/2744 2639/3453/2840 2634/3454/2841
f 2633/3353/2744 2634/3454/2841 2628/3355/2746
f 2628/3355/2746 2634/3454/2841 2629/3455/2842
f 2628/3355/2746 2629/3455/2842 2623/3357/2748
f 2623/3357/2748 2629/3455/2842 2624/3456/2843
f 2623/3357/2748 2624/3456/2843 2618/3359/2750
f 2618/3359/2750 2624/3456/2843 2619/3457/2844
f 2618/3359/2750 2619/3457/2844 2553/3361/2752
f 2553/3361/2752 2619/3457/2844 2554/3458/2821
f 2554/3434/2821 2555/3459/2845 2614/3435/2822
f 2614/3435/2822 2555/3459/2845 2615/3460/2846
f 2614/3435/2822 2615/3460/2846 2609/3436/2823
f 2609/3436/2823 2615/3460/2846 2610/3461/2847
f 2609/3436/2823 2610/3461/2847 2604/3437/2824
f 2604/3437/2824 2610/3461/2847 2605/3462/2848
f 2604/3437/2824 2605/3462/2848 2599/3438/2825
f 2599/3438/2825 2605/3462/2848 2600/3463/2849
f 2599/3438/2825 2600/3463/2849 2594/3439/2826
f 2594/3439/2826 2600/3463/2849 2595/3464/2850
f 2594/3439/2826 2595/3464/2850 2589/3440/2827
f 2589/3440/2827 2595/3464/2850 2590/3465/2851
f 2589/3440/2827 2590/3465/2851 2584/3441/2828
f 2584/3441/2828 2590/3465/2851 2585/3466/2852
f 2584/3441/2828 2585/3466/2852 2579/3442/2829
f 2579/3442/2829 2585/3466/2852 2580/3467/2853
f 2579/3442/2829 2580/3467/2853 2574/3443/2830
f 2574/3443/2830 2580/3467/2853 2575/3468/2854
f 2574/3443/2830 2575/3468/2854 2569/3444/2831
f 2569/3444/2831 2575/3468/2854 2570/3469/2855
f 2569/3444/2831 2570/3469/2855 2559/3445/2832
f 2559/3445/2832 2570/3469/2855 2560/3470/2856
f 2559/3445/2832 2560/3470/2856 2566/3446/2833
f 2566/3446/2833 2560/3470/2856 2565/3471/2857
f 2566/3446/2833 2565/3471/2857 2669/3447/2834
f 2669/3447/2834 2565/3471/2857 2670/3472/2858
f 2669/3447/2834 2670/3472/2858 2664/3448/2835
f 2664/3448/2835 2670/3472/2858 2665/3473/2859
f 2664/3448/2835 2665/3473/2859 2659/3449/2836
f 2659/3449/2836 2665/3473/2859 2660/3474/2860
f 2659/3449/2836 2660/3474/2860 2654/3450/2837
f 2654/3450/2837 2660/3474/2860 2655/3475/2861
f 2654/3450/2837 2655/3475/2861 2649/3451/2838
f 2649/3451/2838 2655/3475/2861 2650/3476/2862
f 2649/3451/2838 2650/3476/2862 2644/3452/2839
f 2644/3452/2839 2650/3476/2862 2645/3477/2863
f 2644/3452/2839 2645/3477/2863 2639/3453/2840
f 2639/3453/2840 2645/3477/2863 2640/3478/2864
f 2639/3453/2840 2640/3478/2864 2634/3454/2841
f 2634/3454/2841 2640/3478/2864 2635/3479/2865
f 2634/3454/2841 2635/3479/2865 2629/3455/2842
f 2629/3455/2842 2635/3479/2865 2630/3480/2866
f 2629/3455/2842 2630/3480/2866 2624/3456/2843
f 2624/3456/2843 2630/3480/2866 2625/3481/2867
f 2624/3456/2843 2625/3481/2867 2619/3457/2844
f 2619/3457/2844 2625/3481/2867 2620/3482/2868
f 2619/3457/2844 2620/3482/2868 2554/3458/2821
f 2554/3458/2821 2620/3482/2868 2555/3483/2845
f 2555/3459/2845 2556/3484/2869 2615/3460/2846
f 2615/3460/2846 2556/3484/2869 2616/3485/2870
f 2615/3460/2846 2616/3485/2870 2610/3461/2847
f 2610/3461/2847 2616/3485/2870 2611/3486/2871
f 2610/3461/2847 2611/3486/2871 2605/3462/2848
f 2605/3462/2848 2611/3486/2871 2606/3487/2872
f 2605/3462/2848 2606/3487/2872 2600/3463/2849
f 2600/3463/2849 2606/3487/2872 2601/3488/2873
f 2600/3463/2849 2601/3488/2873 2595/3464/2850
f 2595/3464/2850 2601/3488/2873 2596/3489/2874
f 2595/3464/2850 2596/3489/2874 2590/3465/2851
f 2590/3465/2851 2596/3489/2874 2591/3490/2875
f 2590/3465/2851 2591/3490/2875 2585/3466/2852
f 2585/3466/2852 2591/3490/2875 2586/3491/2876
f 2585/3466/2852 2586/3491/2876 2580/3467/2853
f 2580/3467/2853 2586/3491/2876 2581/3492/2877
f 2580/3467/2853 2581/3492/2877 2575/3468/2854
f 2575/3468/2854 2581/3492/2877 2576/3493/2878
f 2575/3468/2854 2576/3493/2878 2570/3469/2855
f 2570/3469/2855 2576/3493/2878 2571/3494/2879
f 2570/3469/2855 2571/3494/2879 2560/3470/2856
f 2560/3470/2856 2571/3494/2879 2561/3495/2880
f 2560/3470/2856 2561/3495/2880 2565/3471/2857
f 2565/3471/2857 2561/3495/2880 2564/3496/2881
f 2565/3471/2857 2564/3496/2881 2670/3472/2858
f 2670/3472/2858 2564/3496/2881 2671/3497/2882
f 2670/3472/2858 2671/3497/2882 2665/3473/2859
f 2665/3473/2859 2671/3497/2882 2666/3498/2883
f 2665/3473/2859 2666/3498/2883 2660/3474/2860
f 2660/3474/2860 2666/3498/2883 2661/3499/2884
f 2660/3474/2860 2661/3499/2884 2655/3475/2861
f 2655/3475/2861 2661/3499/2884 2656/3500/2885
f 2655/3475/2861 2656/3500/2885 2650/3476/2862
f 2650/3476/2862 2656/3500/2885 2651/3501/2886
f 2650/3476/2862 2651/3501/2886 2645/3477/2863
f 2645/3477/2863 2651/3501/2886 2646/3502/2887
f 2645/3477/2863 2646/3502/2887 2640/3478/2864
f 2640/3478/2864 2646/3502/2887 2641/3503/2888
f 2640/3478/2864 2641/3503/2888 2635/3479/2865
f 2635/3479/2865 2641/3503/2888 2636/3504/2889
f 2635/3479/2865 2636/3504/2889 2630/3480/2866
f 2630/3480/2866 2636/3504/2889 2631/3505/2890
f 2630/3480/2866 2631/3505/2890 2625/3481/2867
f 2625/3481/2867 2631/3505/2890 2626/3506/2891
f 2625/3481/2867 2626/3506/2891 2620/3482/2868
f 2620/3482/2868 2626/3506/2891 2621/3507/2892
f 2620/3482/2868 2621/3507/2892 2555/3483/2845
f 2555/3483/2845 2621/3507/2892 2556/3508/2869
f 2556/3484/2869 2557/3411/2800 2616/3485/2870
f 2616/3485/2870 2557/3411/2800 2617/3409/2798
f 2616/3485/2870 2617/3409/2798 2611/3486/2871
f 2611/3486/2871 2617/3409/2798 2612/3407/2796
f 2611/3486/2871 2612/3407/2796 2606/3487/2872
f 2606/3487/2872 2612/3407/2796 2607/3405/2794
f 2606/3487/2872 2607/3405/2794 2601/3488/2873
f 2601/3488/2873 2607/3405/2794 2602/3403/2792
f 2601/3488/2873 2602/3403/2792 2596/3489/2874
f 2596/3489/2874 2602/3403/2792 2597/3401/2790
f 2596/3489/2874 2597/3401/2790 2591/3490/2875
f 2591/3490/2875 2597/3401/2790 2592/3399/2788
f 2591/3490/2875 2592/3399/2788 2586/3491/2876
f 2586/3491/2876 2592/3399/2788 2587/3397/2786
f 2586/3491/2876 2587/3397/2786 2581/3492/2877
f 2581/3492/2877 2587/3397/2786 2582/3395/2784
f 2581/3492/2877 2582/3395/2784 2576/3493/2878
f 2576/3493/2878 2582/3395/2784 2577/3393/2782
f 2576/3493/2878 2577/3393/2782 2571/3494/2879
f 2571/3494/2879 2577/3393/2782 2572/3391/2780
f 2571/3494/2879 2572/3391/2780 2561/3495/2880
f 2561/3495/2880 2572/3391/2780 2562/3389/2778
f 2561/3495/2880 2562/3389/2778 2564/3496/2881
f 2564/3496/2881 2562/3389/2778 2563/3387/2776
f 2564/3496/2881 2563/3387/2776 2671/3497/2882
f 2671/3497/2882 2563/3387/2776 2672/3385/2774
f 2671/3497/2882 2672/3385/2774 2666/3498/2883
f 2666/3498/2883 2672/3385/2774 2667/3433/2820
f 2666/3498/2883 2667/3433/2820 2661/3499/2884
f 2661/3499/2884 2667/3433/2820 2662/3431/2818
f 2661/3499/2884 2662/3431/2818 2656/3500/2885
f 2656/3500/2885 2662/3431/2818 2657/3429/2816
f 2656/3500/2885 2657/3429/2816 2651/3501/2886
f 2651/3501/2886 2657/3429/2816 2652/3427/2814
f 2651/3501/2886 2652/3427/2814 2646/3502/2887
f 2646/3502/2887 2652/3427/2814 2647/3425/2812
f 2646/3502/2887 2647/3425/2812 2641/3503/2888
f 2641/3503/2888 2647/3425/2812 2642/3423/2810
f 2641/3503/2888 2642/3423/2810 2636/3504/2889
f 2636/3504/2889 2642/3423/2810 2637/3421/2808
f 2636/3504/2889 2637/3421/2808 2631/3505/2890
f 2631/3505/2890 2637/3421/2808 2632/3419/2806
f 2631/3505/2890 2632/3419/2806 2626/3506/2891
f 2626/3506/2891 2632/3419/2806 2627/3417/2804
f 2626/3506/2891 2627/3417/2804 2621/3507/2892
f 2621/3507/2892 2627/3417/2804 2622/3415/2802
f 2621/3507/2892 2622/3415/2802 2556/3508/2869
f 2556/3508/2869 2622/3415/2802 2557/3413/2800
f 2674/3509/2893 2506/3510/2725 2673/3511/2894
f 2673/3511/2894 2506/3510/2725 2505/3512/2727
f 2673/3513/2894 2505/3514/2727 2696/3515/2895
f 2696/3515/2895 2505/3514/2727 2528/3516/2729
f 2696/3515/2895 2528/3516/2729 2695/3517/2896
f 2695/3517/2896 2528/3516/2729 2527/3518/2731
f 2695/3517/2896 2527/3518/2731 2694/3519/2897
f 2694/3519/2897 2527/3518/2731 2526/3520/2733
f 2694/3519/2897 2526/3520/2733 2693/3521/2898
f 2693/3521/2898 2526/3520/2733 2525/3522/2735
f 2693/3521/2898 2525/3522/2735 2692/3523/2899
f 2692/3523/2899 2525/3522/2735 2524/3524/2737
f 2692/3523/2899 2524/3524/2737 2691/3525/2900
f 2691/3525/2900 2524/3524/2737 2523/3526/2739
f 2691/3525/2900 2523/3526/2739 2690/3527/2901
f 2690/3527/2901 2523/3526/2739 2522/3528/2741
f 2690/3527/2901 2522/3528/2741 2689/3529/2902
f 2689/3529/2902 2522/3528/2741 2521/3530/2743
f 2689/3529/2902 2521/3530/2743 2688/3531/2903
f 2688/3531/2903 2521/3530/2743 2520/3532/2745
f 2688/3531/2903 2520/3532/2745 2687/3533/2904
f 2687/3533/2904 2520/3532/2745 2519/3534/2747
f 2687/3533/2904 2519/3534/2747 2686/3535/2905
f 2686/3535/2905 2519/3534/2747 2518/3536/2749
f 2686/3535/2905 2518/3536/2749 2685/3537/2906
f 2685/3537/2906 2518/3536/2749 2517/3538/2751
f 2685/3537/2906 2517/3538/2751 2684/3539/2907
f 2684/3539/2907 2517/3538/2751 2516/3540/2753
f 2684/3539/2907 2516/3540/2753 2683/3541/2908
f 2683/3541/2908 2516/3540/2753 2515/3542/2755
f 2683/3541/2908 2515/3542/2755 2682/3543/2909
f 2682/3543/2909 2515/3542/2755 2514/3544/2757
f 2682/3543/2909 2514/3544/2757 2681/3545/2910
f 2681/3545/2910 2514/3544/2757 2513/3546/2759
f 2681/3545/2910 2513/3546/2759 2680/3547/2911
f 2680/3547/2911 2513/3546/2759 2512/3548/2761
f 2680/3547/2911 2512/3548/2761 2679/3549/2912
f 2679/3549/2912 2512/3548/2761 2511/3550/2763
f 2679/3549/2912 2511/3550/2763 2678/3551/2913
f 2678/3551/2913 2511/3550/2763 2510/3552/2765
f 2678/3551/2913 2510/3552/2765 2677/3553/2914
f 2677/3553/2914 2510/3552/2765 2509/3554/2767
f 2677/3553/2914 2509/3554/2767 2676/3555/2915
f 2676/3555/2915 2509/3554/2767 2508/3556/2769
f 2676/3555/2915 2508/3556/2769 2675/3557/2916
f 2675/3557/2916 2508/3556/2769 2507/3558/2771
f 2675/3557/2916 2507/3558/2771 2674/3509/2893
f 2674/3509/2893 2507/3558/2771 2506/3510/2725
f 2720/3559/2917 2697/3560/2918 2529/3561/2775
f 2529/3561/2775 2697/3560/2918 2698/3562/2919
f 2529/3561/2775 2698/3562/2919 2530/3563/2773
f 2530/3563/2773 2698/3562/2919 2699/3564/2920
f 2530/3563/2773 2699/3564/2920 2531/3565/2819
f 2531/3565/2819 2699/3564/2920 2700/3566/2921
f 2531/3565/2819 2700/3566/2921 2532/3567/2817
f 2532/3567/2817 2700/3566/2921 2701/3568/2922
f 2532/3567/2817 2701/3568/2922 2533/3569/2815
f 2533/3569/2815 2701/3568/2922 2702/3570/2923
f 2533/3569/2815 2702/3570/2923 2534/3571/2813
f 2534/3571/2813 2702/3570/2923 2703/3572/2924
f 2534/3571/2813 2703/3572/2924 2535/3573/2811
f 2535/3573/2811 2703/3572/2924 2536/3574/2809
f 2536/3574/2809 2703/3572/2924 2704/3575/2925
f 2536/3574/2809 2704/3575/2925 2537/3576/2807
f 2537/3576/2807 2704/3575/2925 2705/3577/2926
f 2537/3576/2807 2705/3577/2926 2538/3578/2805
f 2538/3578/2805 2705/3577/2926 2706/3579/2927
f 2538/3578/2805 2706/3579/2927 2539/3580/2803
f 2539/3580/2803 2706/3579/2927 2707/3581/2928
f 2539/3580/2803 2707/3581/2928 2540/3582/2801
f 2540/3582/2801 2707/3581/2928 2708/3583/2929
f 2540/3582/2801 2708/3583/2929 2541/3584/2799
f 2541/3584/2799 2708/3583/2929 2709/3585/2930
f 2541/3584/2799 2709/3585/2930 2542/3586/2797
f 2542/3586/2797 2709/3585/2930 2710/3587/2931
f 2542/3586/2797 2710/3587/2931 2711/3588/2932
f 2542/3586/2797 2711/3588/2932 2543/3589/2795
f 2543/3589/2795 2711/3588/2932 2712/3590/2933
f 2543/3589/2795 2712/3590/2933 2544/3591/2793
f 2544/3591/2793 2712/3590/2933 2713/3592/2934
f 2544/3591/2793 2713/3592/2934 2545/3593/2791
f 2545/3593/2791 2713/3592/2934 2714/3594/2935
f 2545/3593/2791 2714/3594/2935 2546/3595/2789
f 2546/3595/2789 2714/3594/2935 2715/3596/2936
f 2546/3595/2789 2715/3596/2936 2547/3597/2787
f 2547/3597/2787 2715/3596/2936 2548/3598/2785
f 2548/3598/2785 2715/3596/2936 2716/3599/2937
f 2548/3598/2785 2716/3599/2937 2549/3600/2783
f 2549/3600/2783 2716/3599/2937 2717/3601/2938
f 2549/3600/2783 2717/3601/2938 2550/3602/2781
f 2550/3602/2781 2717/3601/2938 2718/3603/2939
f 2550/3602/2781 2718/3603/2939 2551/3604/2779
f 2551/3604/2779 2718/3603/2939 2719/3605/2940
f 2551/3604/2779 2719/3605/2940 2552/3606/2777
f 2552/3606/2777 2719/3605/2940 2720/3559/2917
f 2552/3606/2777 2720/3559/2917 2529/3561/2775
f 2722/3607/2941 2774/3608/2942 2721/3609/2943
f 2721/3609/2943 2774/3608/2942 2783/3610/2944
f 2721/3609/2943 2783/3610/2944 2744/3611/2945
f 2744/3611/2945 2783/3610/2944 2884/3612/2946
f 2744/3611/2945 2884/3612/2946 2743/3613/2947
f 2743/3613/2947 2884/3612/2946 2879/3614/2948
f 2743/3613/2947 2879/3614/2948 2742/3615/2949
f 2742/3615/2949 2879/3614/2948 2874/3616/2950
f 2742/3615/2949 2874/3616/2950 2741/3617/2951
f 2741/3617/2951 2874/3616/2950 2869/3618/2952
f 2741/3617/2951 2869/3618/2952 2740/3619/2953
f 2740/3619/2953 2869/3618/2952 2864/3620/2954
f 2740/3619/2953 2864/3620/2954 2739/3621/2955
f 2739/3621/2955 2864/3620/2954 2859/3622/2956
f 2739/3621/2955 2859/3622/2956 2738/3623/2957
f 2738/3623/2957 2859/3622/2956 2854/3624/2958
f 2738/3623/2957 2854/3624/2958 2737/3625/2959
f 2737/3625/2959 2854/3624/2958 2849/3626/2960
f 2737/3625/2959 2849/3626/2960 2736/3627/2961
f 2736/3627/2961 2849/3626/2960 2844/3628/2962
f 2736/3627/2961 2844/3628/2962 2735/3629/2963
f 2735/3629/2963 2844/3628/2962 2839/3630/2964
f 2735/3629/2963 2839/3630/2964 2734/3631/2965
f 2734/3631/2965 2839/3630/2964 2834/3632/2966
f 2734/3631/2965 2834/3632/2966 2733/3633/2967
f 2733/3633/2967 2834/3632/2966 2769/3634/2968
f 2733/3635/2967 2769/3636/2968 2732/3637/2969
f 2732/3637/2969 2769/3636/2968 2829/3638/2970
f 2732/3637/2969 2829/3638/2970 2731/3639/2971
f 2731/3639/2971 2829/3638/2970 2824/3640/2972
f 2731/3639/2971 2824/3640/2972 2730/3641/2973
f 2730/3641/2973 2824/3640/2972 2819/3642/2974
f 2730/3641/2973 2819/3642/2974 2729/3643/2975
f 2729/3643/2975 2819/3642/2974 2814/3644/2976
f 2729/3643/2975 2814/3644/2976 2728/3645/2977
f 2728/3645/2977 2814/3644/2976 2809/3646/2978
f 2728/3645/2977 2809/3646/2978 2727/3647/2979
f 2727/3647/2979 2809/3646/2978 2804/3648/2980
f 2727/3647/2979 2804/3648/2980 2726/3649/2981
f 2726/3649/2981 2804/3648/2980 2799/3650/2982
f 2726/3649/2981 2799/3650/2982 2725/3651/2983
f 2725/3651/2983 2799/3650/2982 2794/3652/2984
f 2725/3651/2983 2794/3652/2984 2724/3653/2985
f 2724/3653/2985 2794/3652/2984 2789/3654/2986
f 2724/3653/2985 2789/3654/2986 2723/3655/2987
f 2723/3655/2987 2789/3654/2986 2784/3656/2988
f 2723/3655/2987 2784/3656/2988 2722/3607/2941
f 2722/3607/2941 2784/3656/2988 2774/3608/2942
f 2746/3657/2989 2888/3658/2990 2745/3659/2991
f 2745/3659/2991 2888/3658/2990 2779/3660/2992
f 2745/3659/2991 2779/3660/2992 2768/3661/2993
f 2768/3661/2993 2779/3660/2992 2778/3662/2994
f 2768/3661/2993 2778/3662/2994 2767/3663/2995
f 2767/3663/2995 2778/3662/2994 2788/3664/2996
f 2767/3663/2995 2788/3664/2996 2766/3665/2997
f 2766/3665/2997 2788/3664/2996 2793/3666/2998
f 2766/3665/2997 2793/3666/2998 2765/3667/2999
f 2765/3667/2999 2793/3666/2998 2798/3668/3000
f 2765/3667/2999 2798/3668/3000 2764/3669/3001
f 2764/3669/3001 2798/3668/3000 2803/3670/3002
f 2764/3669/3001 2803/3670/3002 2763/3671/3003
f 2763/3671/3003 2803/3670/3002 2808/3672/3004
f 2763/3671/3003 2808/3672/3004 2762/3673/3005
f 2762/3673/3005 2808/3672/3004 2813/3674/3006
f 2762/3673/3005 2813/3674/3006 2761/3675/3007
f 2761/3675/3007 2813/3674/3006 2818/3676/3008
f 2761/3675/3007 2818/3676/3008 2760/3677/3009
f 2760/3677/3009 2818/3676/3008 2823/3678/3010
f 2760/3677/3009 2823/3678/3010 2759/3679/3011
f 2759/3679/3011 2823/3678/3010 2828/3680/3012
f 2759/3679/3011 2828/3680/3012 2758/3681/3013
f 2758/3681/3013 2828/3680/3012 2833/3682/3014
f 2758/3681/3013 2833/3682/3014 2757/3683/3015
f 2757/3683/3015 2833/3682/3014 2773/3684/3016
f 2757/3685/3015 2773/3686/3016 2756/3687/3017
f 2756/3687/3017 2773/3686/3016 2838/3688/3018
f 2756/3687/3017 2838/3688/3018 2755/3689/3019
f 2755/3689/3019 2838/3688/3018 2843/3690/3020
f 2755/3689/3019 2843/3690/3020 2754/3691/3021
f 2754/3691/3021 2843/3690/3020 2848/3692/3022
f 2754/3691/3021 2848/3692/3022 2753/3693/3023
f 2753/3693/3023 2848/3692/3022 2853/3694/3024
f 2753/3693/3023 2853/3694/3024 2752/3695/3025
f 2752/3695/3025 2853/3694/3024 2858/3696/3026
f 2752/3695/3025 2858/3696/3026 2751/3697/3027
f 2751/3697/3027 2858/3696/3026 2863/3698/3028
f 2751/3697/3027 2863/3698/3028 2750/3699/3029
f 2750/3699/3029 2863/3698/3028 2868/3700/3030
f 2750/3699/3029 2868/3700/3030 2749/3701/3031
f 2749/3701/3031 2868/3700/3030 2873/3702/3032
f 2749/3701/3031 2873/3702/3032 2748/3703/3033
f 2748/3703/3033 2873/3702/3032 2878/3704/3034
f 2748/3703/3033 2878/3704/3034 2747/3705/3035
f 2747/3705/3035 2878/3704/3034 2883/3706/3036
f 2747/3705/3035 2883/3706/3036 2746/3657/2989
f 2746/3657/2989 2883/3706/3036 2888/3658/2990
f 2769/3636/2968 2770/3707/3037 2829/3638/2970
f 2829/3638/2970 2770/3707/3037 2830/3708/3038
f 2829/3638/2970 2830/3708/3038 2824/3640/2972
f 2824/3640/2972 2830/3708/3038 2825/3709/3039
f 2824/3640/2972 2825/3709/3039 2819/3642/2974
f 2819/3642/2974 2825/3709/3039 2820/3710/3040
f 2819/3642/2974 2820/3710/3040 2814/3644/2976
f 2814/3644/2976 2820/3710/3040 2815/3711/3041
f 2814/3644/2976 2815/3711/3041 2809/3646/2978
f 2809/3646/2978 2815/3711/3041 2810/3712/3042
f 2809/3646/2978 2810/3712/3042 2804/3648/2980
f 2804/3648/2980 2810/3712/3042 2805/3713/3043
f 2804/3648/2980 2805/3713/3043 2799/3650/2982
f 2799/3650/2982 2805/3713/3043 2800/3714/3044
f 2799/3650/2982 2800/3714/3044 2794/3652/2984
f 2794/3652/2984 2800/3714/3044 2795/3715/3045
f 2794/3652/2984 2795/3715/3045 2789/3654/2986
f 2789/3654/2986 2795/3715/3045 2790/3716/3046
f 2789/3654/2986 2790/3716/3046 2784/3656/2988
f 2784/3656/2988 2790/3716/3046 2785/3717/3047
f 2784/3656/2988 2785/3717/3047 2774/3608/2942
f 2774/3608/2942 2785/3717/3047 2775/3718/3048
f 2774/3608/2942 2775/3718/3048 2783/3610/2944
f 2783/3610/2944 2775/3718/3048 2782/3719/3049
f 2783/3610/2944 2782/3719/3049 2884/3612/2946
f 2884/3612/2946 2782/3719/3049 2885/3720/3050
f 2884/3612/2946 2885/3720/3050 2879/3614/2948
f 2879/3614/2948 2885/3720/3050 2880/3721/3051
f 2879/3614/2948 2880/3721/3051 2874/3616/2950
f 2874/3616/2950 2880/3721/3051 2875/3722/3052
f 2874/3616/2950 2875/3722/3052 2869/3618/2952
f 2869/3618/2952 2875/3722/3052 2870/3723/3053
f 2869/3618/2952 2870/3723/3053 2864/3620/2954
f 2864/3620/2954 2870/3723/3053 2865/3724/3054
f 2864/3620/2954 2865/3724/3054 2859/3622/2956
f 2859/3622/2956 2865/3724/3054 2860/3725/3055
f 2859/3622/2956 2860/3725/3055 2854/3624/2958
f 2854/3624/2958 2860/3725/3055 2855/3726/3056
f 2854/3624/2958 2855/3726/3056 2849/3626/2960
f 2849/3626/2960 2855/3726/3056 2850/3727/3057
f 2849/3626/2960 2850/3727/3057 2844/3628/2962
f 2844/3628/2962 2850/3727/3057 2845/3728/3058
f 2844/3628/2962 2845/3728/3058 2839/3630/2964
f 2839/3630/2964 2845/3728/3058 2840/3729/3059
f 2839/3630/2964 2840/3729/3059 2834/3632/2966
f 2834/3632/2966 2840/3729/3059 2835/3730/3060
f 2834/3632/2966 2835/3730/3060 2769/3634/2968
f 2769/3634/2968 2835/3730/3060 2770/3731/3037
f 2770/3707/3037 2771/3732/3061 2830/3708/3038
f 2830/3708/3038 2771/3732/3061 2831/3733/3062
f 2830/3708/3038 2831/3733/3062 2825/3709/3039
f 2825/3709/3039 2831/3733/3062 2826/3734/3063
f 2825/3709/3039 2826/3734/3063 2820/3710/3040
f 2820/3710/3040 2826/3734/3063 2821/3735/3064
f 2820/3710/3040 2821/3735/3064 2815/3711/3041
f 2815/3711/3041 2821/3735/3064 2816/3736/3065
f 2815/3711/3041 2816/3736/3065 2810/3712/3042
f 2810/3712/3042 2816/3736/3065 2811/3737/3066
f 2810/3712/3042 2811/3737/3066 2805/3713/3043
f 2805/3713/3043 2811/3737/3066 2806/3738/3067
f 2805/3713/3043 2806/3738/3067 2800/3714/3044
f 2800/3714/3044 2806/3738/3067 2801/3739/3068
f 2800/3714/3044 2801/3739/3068 2795/3715/3045
f 2795/3715/3045 2801/3739/3068 2796/3740/3069
f 2795/3715/3045 2796/3740/3069 2790/3716/3046
f 2790/3716/3046 2796/3740/3069 2791/3741/3070
f 2790/3716/3046 2791/3741/3070 2785/3717/3047
f 2785/3717/3047 2791/3741/3070 2786/3742/3071
f 2785/3717/3047 2786/3742/3071 2775/3718/3048
f 2775/3718/3048 2786/3742/3071 2776/3743/3072
f 2775/3718/3048 2776/3743/3072 2782/3719/3049
f 2782/3719/3049 2776/3743/3072 2781/3744/3073
f 2782/3719/3049 2781/3744/3073 2885/3720/3050
f 2885/3720/3050 2781/3744/3073 2886/3745/3074
f 2885/3720/3050 2886/3745/3074 2880/3721/3051
f 2880/3721/3051 2886/3745/3074 2881/3746/3075
f 2880/3721/3051 2881/3746/3075 2875/3722/3052
f 2875/3722/3052 2881/3746/3075 2876/3747/3076
f 2875/3722/3052 2876/3747/3076 2870/3723/3053
f 2870/3723/3053 2876/3747/3076 2871/3748/3077
f 2870/3723/3053 2871/3748/3077 2865/3724/3054
f 2865/3724/3054 2871/3748/3077 2866/3749/3078
f 2865/3724/3054 2866/3749/3078 2860/3725/3055
f 2860/3725/3055 2866/3749/3078 2861/3750/3079
f 2860/3725/3055 2861/3750/3079 2855/3726/3056
f 2855/3726/3056 2861/3750/3079 2856/3751/3080
f 2855/3726/3056 2856/3751/3080 2850/3727/3057
f 2850/3727/3057 2856/3751/3080 2851/3752/3081
f 2850/3727/3057 2851/3752/3081 2845/3728/3058
f 2845/3728/3058 2851/3752/3081 2846/3753/3082
f 2845/3728/3058 2846/3753/3082 2840/3729/3059
f 2840/3729/3059 2846/3753/3082 2841/3754/3083
f 2840/3729/3059 2841/3754/3083 2835/3730/3060
f 2835/3730/3060 2841/3754/3083 2836/3755/3084
f 2835/3730/3060 2836/3755/3084 2770/3731/3037
f 2770/3731/3037 2836/3755/3084 2771/3756/3061
f 2771/3732/3061 2772/3757/3085 2831/3733/3062
f 2831/3733/3062 2772/3757/3085 2832/3758/3086
f 2831/3733/3062 2832/3758/3086 2826/3734/3063
f 2826/3734/3063 2832/3758/3086 2827/3759/3087
f 2826/3734/3063 2827/3759/3087 2821/3735/3064
f 2821/3735/3064 2827/3759/3087 2822/3760/3088
f 2821/3735/3064 2822/3760/3088 2816/3736/3065
f 2816/3736/3065 2822/3760/3088 2817/3761/3089
f 2816/3736/3065 2817/3761/3089 2811/3737/3066
f 2811/3737/3066 2817/3761/3089 2812/3762/3090
f 2811/3737/3066 2812/3762/3090 2806/3738/3067
f 2806/3738/3067 2812/3762/3090 2807/3763/3091
f 2806/3738/3067 2807/3763/3091 2801/3739/3068
f 2801/3739/3068 2807/3763/3091 2802/3764/3092
f 2801/3739/3068 2802/3764/3092 2796/3740/3069
f 2796/3740/3069 2802/3764/3092 2797/3765/3093
f 2796/3740/3069 2797/3765/3093 2791/3741/3070
f 2791/3741/3070 2797/3765/3093 2792/3766/3094
f 2791/3741/3070 2792/3766/3094 2786/3742/3071
f 2786/3742/3071 2792/3766/3094 2787/3767/3095
f 2786/3742/3071 2787/3767/3095 2776/3743/3072
f 2776/3743/3072 2787/3767/3095 2777/3768/3096
f 2776/3743/3072 2777/3768/3096 2781/3744/3073
f 2781/3744/3073 2777/3768/3096 2780/3769/3097
f 2781/3744/3073 2780/3769/3097 2886/3745/3074
f 2886/3745/3074 2780/3769/3097 2887/3770/3098
f 2886/3745/3074 2887/3770/3098 2881/3746/3075
f 2881/3746/3075 2887/3770/3098 2882/3771/3099
f 2881/3746/3075 2882/3771/3099 2876/3747/3076
f 2876/3747/3076 2882/3771/3099 2877/3772/3100
f 2876/3747/3076 2877/3772/3100 2871/3748/3077
f 2871/3748/3077 2877/3772/3100 2872/3773/3101
f 2871/3748/3077 2872/3773/3101 2866/3749/3078
f 2866/3749/3078 2872/3773/3101 2867/3774/3102
f 2866/3749/3078 2867/3774/3102 2861/3750/3079
f 2861/3750/3079 2867/3774/3102 2862/3775/3103
f 2861/3750/3079 2862/3775/3103 2856/3751/3080
f 2856/3751/3080 2862/3775/3103 2857/3776/3104
f 2856/3751/3080 2857/3776/3104 2851/3752/3081
f 2851/3752/3081 2857/3776/3104 2852/3777/3105
f 2851/3752/3081 2852/3777/3105 2846/3753/3082
f 2846/3753/3082 2852/3777/3105 2847/3778/3106
f 2846/3753/3082 2847/3778/3106 2841/3754/3083
f 2841/3754/3083 2847/3778/3106 2842/3779/3107
f 2841/3754/3083 2842/3779/3107 2836/3755/3084
f 2836/3755/3084 2842/3779/3107 2837/3780/3108
f 2836/3755/3084 2837/3780/3108 2771/3756/3061
f 2771/3756/3061 2837/3780/3108 2772/3781/3085
f 2772/3757/3085 2773/3684/3016 2832/3758/3086
f 2832/3758/3086 2773/3684/3016 2833/3682/3014
f 2832/3758/3086 2833/3682/3014 2827/3759/3087
f 2827/3759/3087 2833/3682/3014 2828/3680/3012
f 2827/3759/3087 2828/3680/3012 2822/3760/3088
f 2822/3760/3088 2828/3680/3012 2823/3678/3010
f 2822/3760/3088 2823/3678/3010 2817/3761/3089
f 2817/3761/3089 2823/3678/3010 2818/3676/3008
f 2817/3761/3089 2818/3676/3008 2812/3762/3090
f 2812/3762/3090 2818/3676/3008 2813/3674/3006
f 2812/3762/3090 2813/3674/3006 2807/3763/3091
f 2807/3763/3091 2813/3674/3006 2808/3672/3004
f 2807/3763/3091 2808/3672/3004 2802/3764/3092
f 2802/3764/3092 2808/3672/3004 2803/3670/3002
f 2802/3764/3092 2803/3670/3002 2797/3765/3093
f 2797/3765/3093 2803/3670/3002 2798/3668/3000
f 2797/3765/3093 2798/3668/3000 2792/3766/3094
f 2792/3766/3094 2798/3668/3000 2793/3666/2998
f 2792/3766/3094 2793/3666/2998 2787/3767/3095
f 2787/3767/3095 2793/3666/2998 2788/3664/2996
f 2787/3767/3095 2788/3664/2996 2777/3768/3096
f 2777/3768/3096 2788/3664/2996 2778/3662/2994
f 2777/3768/3096 2778/3662/2994 2780/3769/3097
f 2780/3769/3097 2778/3662/2994 2779/3660/2992
f 2780/3769/3097 2779/3660/2992 2887/3770/3098
f 2887/3770/3098 2779/3660/2992 2888/3658/2990
f 2887/3770/3098 2888/3658/2990 2882/3771/3099
f 2882/3771/3099 2888/3658/2990 2883/3706/3036
f 2882/3771/3099 2883/3706/3036 2877/3772/3100
f 2877/3772/3100 2883/3706/3036 2878/3704/3034
f 2877/3772/3100 2878/3704/3034 2872/3773/3101
f 2872/3773/3101 2878/3704/3034 2873/3702/3032
f 2872/3773/3101 2873/3702/3032 2867/3774/3102
f 2867/3774/3102 2873/3702/3032 2868/3700/3030
f 2867/3774/3102 2868/3700/3030 2862/3775/3103
f 2862/3775/3103 2868/3700/3030 2863/3698/3028
f 2862/3775/3103 2863/3698/3028 2857/3776/3104
f 2857/3776/3104 2863/3698/3028 2858/3696/3026
f 2857/3776/3104 2858/3696/3026 2852/3777/3105
f 2852/3777/3105 2858/3696/3026 2853/3694/3024
f 2852/3777/3105 2853/3694/3024 2847/3778/3106
f 2847/3778/3106 2853/3694/3024 2848/3692/3022
f 2847/3778/3106 2848/3692/3022 2842/3779/3107
f 2842/3779/3107 2848/3692/3022 2843/3690/3020
f 2842/3779/3107 2843/3690/3020 2837/3780/3108
f 2837/3780/3108 2843/3690/3020 2838/3688/3018
f 2837/3780/3108 2838/3688/3018 2772/3781/3085
f 2772/3781/3085 2838/3688/3018 2773/3686/3016
f 2890/3782/3109 2722/3783/2941 2889/3784/3110
f 2889/3784/3110 2722/3783/2941 2721/3785/2943
f 2889/3786/3110 2721/3787/2943 2912/3788/3111
f 2912/3788/3111 2721/3787/2943 2744/3789/2945
f 2912/3788/3111 2744/3789/2945 2911/3790/3112
f 2911/3790/3112 2744/3789/2945 2743/3791/2947
f 2911/3790/3112 2743/3791/2947 2910/3792/3113
f 2910/3792/3113 2743/3791/2947 2742/3793/2949
f 2910/3792/3113 2742/3793/2949 2909/3794/3114
f 2909/3794/3114 2742/3793/2949 2741/3795/2951
f 2909/3794/3114 2741/3795/2951 2908/3796/3115
f 2908/3796/3115 2741/3795/2951 2740/3797/2953
f 2908/3796/3115 2740/3797/2953 2907/3798/3116
f 2907/3798/3116 2740/3797/2953 2739/3799/2955
f 2907/3798/3116 2739/3799/2955 2906/3800/3117
f 2906/3800/3117 2739/3799/2955 2738/3801/2957
f 2906/3800/3117 2738/3801/2957 2905/3802/3118
f 2905/3802/3118 2738/3801/2957 2737/3803/2959
f 2905/3802/3118 2737/3803/2959 2904/3804/3119
f 2904/3804/3119 2737/3803/2959 2736/3805/2961
f 2904/3804/3119 2736/3805/2961 2903/3806/3120
f 2903/3806/3120 2736/3805/2961 2735/3807/2963
f 2903/3806/3120 2735/3807/2963 2902/3808/3121
f 2902/3808/3121 2735/3807/2963 2734/3809/2965
f 2902/3808/3121 2734/3809/2965 2901/3810/3122
f 2901/3810/3122 2734/3809/2965 2733/3811/2967
f 2901/3810/3122 2733/3811/2967 2900/3812/3123
f 2900/3812/3123 2733/3811/2967 2732/3813/2969
f 2900/3812/3123 2732/3813/2969 2899/3814/3124
f 2899/3814/3124 2732/3813/2969 2731/3815/2971
f 2899/3814/3124 2731/3815/2971 2898/3816/3125
f 2898/3816/3125 2731/3815/2971 2730/3817/2973
f 2898/3816/3125 2730/3817/2973 2897/3818/3126
f 2897/3818/3126 2730/3817/2973 2729/3819/2975
f 2897/3818/3126 2729/3819/2975 2896/3820/3127
f 2896/3820/3127 2729/3819/2975 2728/3821/2977
f 2896/3820/3127 2728/3821/2977 2895/3822/3128
f 2895/3822/3128 2728/3821/2977 2727/3823/2979
f 2895/3822/3128 2727/3823/2979 2894/3824/3129
f 2894/3824/3129 2727/3823/2979 2726/3825/2981
f 2894/3824/3129 2726/3825/2981 2893/3826/3130
f 2893/3826/3130 2726/3825/2981 2725/3827/2983
f 2893/3826/3130 2725/3827/2983 2892/3828/3131
f 2892/3828/3131 2725/3827/2983 2724/3829/2985
f 2892/3828/3131 2724/3829/2985 2891/3830/3132
f 2891/3830/3132 2724/3829/2985 2723/3831/2987
f 2891/3830/3132 2723/3831/2987 2890/3782/3109
f 2890/3782/3109 2723/3831/2987 2722/3783/2941
f 2936/3832/3133 2913/3833/3134 2745/3834/2991
f 2745/3834/2991 2913/3833/3134 2914/3835/3135
f 2745/3834/2991 2914/3835/3135 2746/3836/2989
f 2746/3836/2989 2914/3835/3135 2915/3837/3136
f 2746/3836/2989 2915/3837/3136 2747/3838/3035
f 2747/3838/3035 2915/3837/3136 2916/3839/3137
f 2747/3838/3035 2916/3839/3137 2748/3840/3033
f 2748/3840/3033 2916/3839/3137 2917/3841/3138
f 2748/3840/3033 2917/3841/3138 2749/3842/3031
f 2749/3842/3031 2917/3841/3138 2918/3843/3139
f 2749/3842/3031 2918/3843/3139 2750/3844/3029
f 2750/3844/3029 2918/3843/3139 2919/3845/3140
f 2750/3844/3029 2919/3845/3140 2751/3846/3027
f 2751/3846/3027 2919/3845/3140 2752/3847/3025
f 2752/3847/3025 2919/3845/3140 2920/3848/3141
f 2752/3847/3025 2920/3848/3141 2753/3849/3023
f 2753/3849/3023 2920/3848/3141 2921/3850/3142
f 2753/3849/3023 2921/3850/3142 2754/3851/3021
f 2754/3851/3021 2921/3850/3142 2922/3852/3143
f 2754/3851/3021 2922/3852/3143 2755/3853/3019
f 2755/3853/3019 2922/3852/3143 2923/3854/3144
f 2755/3853/3019 2923/3854/3144 2756/3855/3017
f 2756/3855/3017 2923/3854/3144 2924/3856/3145
f 2756/3855/3017 2924/3856/3145 2757/3857/3015
f 2757/3857/3015 2924/3856/3145 2925/3858/3146
f 2757/3857/3015 2925/3858/3146 2758/3859/3013
f 2758/3859/3013 2925/3858/3146 2926/3860/3147
f 2758/3859/3013 2926/3860/3147 2927/3861/3148
f 2758/3859/3013 2927/3861/3148 2759/3862/3011
f 2759/3862/3011 2927/3861/3148 2928/3863/3149
f 2759/3862/3011 2928/3863/3149 2760/3864/3009
f 2760/3864/3009 2928/3863/3149 2929/3865/3150
f 2760/3864/3009 2929/3865/3150 2761/3866/3007
f 2761/3866/3007 2929/3865/3150 2930/3867/3151
f 2761/3866/3007 2930/3867/3151 2762/3868/3005
f 2762/3868/3005 2930/3867/3151 2931/3869/3152
f 2762/3868/3005 2931/3869/3152 2763/3870/3003
f 2763/3870/3003 2931/3869/3152 2764/3871/3001
f 2764/3871/3001 2931/3869/3152 2932/3872/3153
f 2764/3871/3001 2932/3872/3153 2765/3873/2999
f 2765/3873/2999 2932/3872/3153 2933/3874/3154
f 2765/3873/2999 2933/3874/3154 2766/3875/2997
f 2766/3875/2997 2933/3874/3154 2934/3876/3155
f 2766/3875/2997 2934/3876/3155 2767/3877/2995
f 2767/3877/2995 2934/3876/3155 2935/3878/3156
f 2767/3877/2995 2935/3878/3156 2768/3879/2993
f 2768/3879/2993 2935/3878/3156 2936/3832/3133
f 2768/3879/2993 2936/3832/3133 2745/3834/2991
f 2936/3880/3157 2960/3881/3158 2913/3882/3159
f 2913/3882/3159 2960/3881/3158 2937/3883/3160
f 2913/3884/3159 2937/3885/3160 2914/3886/3161
f 2914/3886/3161 2937/3885/3160 2938/3887/3162
f 2914/3886/3161 2938/3887/3162 2915/3888/3163
f 2915/3888/3163 2938/3887/3162 2939/3889/3164
f 2915/3888/3163 2939/3889/3164 2916/3890/3165
f 2916/3890/3165 2939/3889/3164 2940/3891/3166
f 2916/3890/3165 2940/3891/3166 2917/3892/3167
f 2917/3892/3167 2940/3891/3166 2941/3893/3168
f 2917/3892/3167 2941/3893/3168 2918/3894/3169
f 2918/3894/3169 2941/3893/3168 2942/3895/3170
f 2918/3894/3169 2942/3895/3170 2919/3896/3171
f 2919/3896/3171 2942/3895/3170 2943/3897/3172
f 2919/3896/3171 2943/3897/3172 2920/3898/3173
f 2920/3898/3173 2943/3897/3172 2944/3899/3174
f 2920/3898/3173 2944/3899/3174 2921/3900/3175
f 2921/3900/3175 2944/3899/3174 2945/3901/3176
f 2921/3900/3175 2945/3901/3176 2922/3902/3177
f 2922/3902/3177 2945/3901/3176 2946/3903/3178
f 2922/3902/3177 2946/3903/3178 2923/3904/3179
f 2923/3904/3179 2946/3903/3178 2947/3905/3180
f 2923/3904/3179 2947/3905/3180 2924/3906/3181
f 2924/3906/3181 2947/3905/3180 2948/3907/3182
f 2924/3906/3181 2948/3907/3182 2925/3908/3183
f 2925/3908/3183 2948/3907/3182 2949/3909/3184
f 2925/3908/3183 2949/3909/3184 2926/3910/3185
f 2926/3910/3185 2949/3909/3184 2950/3911/3186
f 2926/3910/3185 2950/3911/3186 2927/3912/3187
f 2927/3912/3187 2950/3911/3186 2951/3913/3188
f 2927/3912/3187 2951/3913/3188 2928/3914/3189
f 2928/3914/3189 2951/3913/3188 2952/3915/3190
f 2928/3914/3189 2952/3915/3190 2929/3916/3191
f 2929/3916/3191 2952/3915/3190 2953/3917/3192
f 2929/3916/3191 2953/3917/3192 2930/3918/3193
f 2930/3918/3193 2953/3917/3192 2954/3919/3194
f 2930/3918/3193 2954/3919/3194 2931/3920/3195
f 2931/3920/3195 2954/3919/3194 2955/3921/3196
f 2931/3920/3195 2955/3921/3196 2932/3922/3197
f 2932/3922/3197 2955/3921/3196 2956/3923/3198
f 2932/3922/3197 2956/3923/3198 2933/3924/3199
f 2933/3924/3199 2956/3923/3198 2957/3925/3200
f 2933/3924/3199 2957/3925/3200 2934/3926/3201
f 2934/3926/3201 2957/3925/3200 2958/3927/3202
f 2934/3926/3201 2958/3927/3202 2935/3928/3203
f 2935/3928/3203 2958/3927/3202 2959/3929/3204
f 2935/3928/3203 2959/3929/3204 2936/3880/3157
f 2936/3880/3157 2959/3929/3204 2960/3881/3158
f 2720/3930/3205 2984/3931/3206 2697/3932/3207
f 2697/3932/3207 2984/3931/3206 2961/3933/3208
f 2697/3934/3207 2961/3935/3208 2698/3936/3209
f 2698/3936/3209 2961/3935/3208 2962/3937/3210
f 2698/3936/3209 2962/3937/3210 2699/3938/3211
f 2699/3938/3211 2962/3937/3210 2963/3939/3212
f 2699/3938/3211 2963/3939/3212 2700/3940/3213
f 2700/3940/3213 2963/3939/3212 2964/3941/3214
f 2700/3940/3213 2964/3941/3214 2701/3942/3215
f 2701/3942/3215 2964/3941/3214 2965/3943/3216
f 2701/3942/3215 2965/3943/3216 2702/3944/3217
f 2702/3944/3217 2965/3943/3216 2966/3945/3218
f 2702/3944/3217 2966/3945/3218 2703/3946/3219
f 2703/3946/3219 2966/3945/3218 2967/3947/3220
f 2703/3946/3219 2967/3947/3220 2704/3948/3221
f 2704/3948/3221 2967/3947/3220 2968/3949/3222
f 2704/3948/3221 2968/3949/3222 2705/3950/3223
f 2705/3950/3223 2968/3949/3222 2969/3951/3224
f 2705/3950/3223 2969/3951/3224 2706/3952/3225
f 2706/3952/3225 2969/3951/3224 2970/3953/3226
f 2706/3952/3225 2970/3953/3226 2707/3954/3227
f 2707/3954/3227 2970/3953/3226 2971/3955/3228
f 2707/3954/3227 2971/3955/3228 2708/3956/3229
f 2708/3956/3229 2971/3955/3228 2972/3957/3230
f 2708/3956/3229 2972/3957/3230 2709/3958/3231
f 2709/3958/3231 2972/3957/3230 2973/3959/3232
f 2709/3958/3231 2973/3959/3232 2710/3960/3233
f 2710/3960/3233 2973/3959/3232 2974/3961/3234
f 2710/3960/3233 2974/3961/3234 2711/3962/3235
f 2711/3962/3235 2974/3961/3234 2975/3963/3236
f 2711/3962/3235 2975/3963/3236 2712/3964/3237
f 2712/3964/3237 2975/3963/3236 2976/3965/3238
f 2712/3964/3237 2976/3965/3238 2713/3966/3239
f 2713/3966/3239 2976/3965/3238 2977/3967/3240
f 2713/3966/3239 2977/3967/3240 2714/3968/3241
f 2714/3968/3241 2977/3967/3240 2978/3969/3242
f 2714/3968/3241 2978/3969/3242 2715/3970/3243
f 2715/3970/3243 2978/3969/3242 2979/3971/3244
f 2715/3970/3243 2979/3971/3244 2716/3972/3245
f 2716/3972/3245 2979/3971/3244 2980/3973/3246
f 2716/3972/3245 2980/3973/3246 2717/3974/3247
f 2717/3974/3247 2980/3973/3246 2981/3975/3248
f 2717/3974/3247 2981/3975/3248 2718/3976/3249
f 2718/3976/3249 2981/3975/3248 2982/3977/3250
f 2718/3976/3249 2982/3977/3250 2719/3978/3251
f 2719/3978/3251 2982/3977/3250 2983/3979/3252
f 2719/3978/3251 2983/3979/3252 2720/3930/3205
f 2720/3930/3205 2983/3979/3252 2984/3931/3206
f 2984/3980/3253 2974/3981/3254 2961/3982/3255
f 2961/3982/3255 2974/3981/3254 2973/3983/3256
f 2961/3982/3255 2973/3983/3256 2962/3984/3257
f 2962/3984/3257 2973/3983/3256 2972/3985/3258
f 2962/3984/3257 2972/3985/3258 2963/3986/3259
f 2963/3986/3259 2972/3985/3258 2971/3987/3260
f 2963/3986/3259 2971/3987/3260 2964/3988/3261
f 2964/3988/3261 2971/3987/3260 2970/3989/3262
f 2964/3988/3261 2970/3989/3262 2965/3990/3263
f 2965/3990/3263 2970/3989/3262 2969/3991/3264
f 2965/3990/3263 2969/3991/3264 2966/3992/3265
f 2966/3992/3265 2969/3991/3264 2968/3993/3266
f 2966/3992/3265 2968/3993/3266 2967/3994/3267
f 2974/3981/3254 2984/3980/3253 2975/3995/3268
f 2975/3995/3268 2984/3980/3253 2983/3996/3269
f 2975/3995/3268 2983/3996/3269 2976/3997/3270
f 2976/3997/3270 2983/3996/3269 2982/3998/3271
f 2976/3997/3270 2982/3998/3271 2977/3999/3272
f 2977/3999/3272 2982/3998/3271 2981/4000/3273
f 2977/3999/3272 2981/4000/3273 2978/4001/3274
f 2978/4001/3274 2981/4000/3273 2980/4002/3275
f 2978/4001/3274 2980/4002/3275 2979/4003/3276
f 2960/4004/3277 2950/4005/3278 2937/4006/3279
f 2937/4006/3279 2950/4005/3278 2949/4007/3280
f 2937/4006/3279 2949/4007/3280 2938/4008/3281
f 2938/4008/3281 2949/4007/3280 2948/4009/3282
f 2938/4008/3281 2948/4009/3282 2939/4010/3283
f 2939/4010/3283 2948/4009/3282 2947/4011/3284
f 2939/4010/3283 2947/4011/3284 2940/4012/3285
f 2940/4012/3285 2947/4011/3284 2946/4013/3286
f 2940/4012/3285 2946/4013/3286 2941/4014/3287
f 2941/4014/3287 2946/4013/3286 2945/4015/3288
f 2941/4014/3287 2945/4015/3288 2942/4016/3289
f 2942/4016/3289 2945/4015/3288 2944/4017/3290
f 2942/4016/3289 2944/4017/3290 2943/4018/3291
f 2950/4005/3278 2960/4004/3277 2951/4019/3292
f 2951/4019/3292 2960/4004/3277 2959/4020/3293
f 2951/4019/3292 2959/4020/3293 2952/4021/3294
f 2952/4021/3294 2959/4020/3293 2958/4022/3295
f 2952/4021/3294 2958/4022/3295 2953/4023/3296
f 2953/4023/3296 2958/4022/3295 2957/4024/3297
f 2953/4023/3296 2957/4024/3297 2954/4025/3298
f 2954/4025/3298 2957/4024/3297 2956/4026/3299
f 2954/4025/3298 2956/4026/3299 2955/4027/3300
f 2504/4028/3301 3008/4029/3302 2481/4030/3303
f 2481/4030/3303 3008/4029/3302 2985/4031/3304
f 2481/4032/3303 2985/4033/3304 2482/4034/3305
f 2482/4034/3305 2985/4033/3304 2986/4035/3306
f 2482/4034/3305 2986/4035/3306 2483/4036/3307
f 2483/4036/3307 2986/4035/3306 2987/4037/3308
f 2483/4036/3307 2987/4037/3308 2484/4038/3309
f 2484/4038/3309 2987/4037/3308 2988/4039/3310
f 2484/4038/3309 2988/4039/3310 2485/4040/3311
f 2485/4040/3311 2988/4039/3310 2989/4041/3312
f 2485/4040/3311 2989/4041/3312 2486/4042/3313
f 2486/4042/3313 2989/4041/3312 2990/4043/3314
f 2486/4042/3313 2990/4043/3314 2487/4044/3315
f 2487/4044/3315 2990/4043/3314 2991/4045/3316
f 2487/4044/3315 2991/4045/3316 2488/4046/3317
f 2488/4046/3317 2991/4045/3316 2992/4047/3318
f 2488/4046/3317 2992/4047/3318 2489/4048/3319
f 2489/4048/3319 2992/4047/3318 2993/4049/3320
f 2489/4048/3319 2993/4049/3320 2490/4050/3321
f 2490/4050/3321 2993/4049/3320 2994/4051/3322
f 2490/4050/3321 2994/4051/3322 2491/4052/3323
f 2491/4052/3323 2994/4051/3322 2995/4053/3324
f 2491/4052/3323 2995/4053/3324 2492/4054/3325
f 2492/4054/3325 2995/4053/3324 2996/4055/3326
f 2492/4054/3325 2996/4055/3326 2493/4056/3327
f 2493/4056/3327 2996/4055/3326 2997/4057/3328
f 2493/4056/3327 2997/4057/3328 2494/4058/3329
f 2494/4058/3329 2997/4057/3328 2998/4059/3330
f 2494/4058/3329 2998/4059/3330 2495/4060/3331
f 2495/4060/3331 2998/4059/3330 2999/4061/3332
f 2495/4060/3331 2999/4061/3332 2496/4062/3333
f 2496/4062/3333 2999/4061/3332 3000/4063/3334
f 2496/4062/3333 3000/4063/3334 2497/4064/3335
f 2497/4064/3335 3000/4063/3334 3001/4065/3336
f 2497/4064/3335 3001/4065/3336 2498/4066/3337
f 2498/4066/3337 3001/4065/3336 3002/4067/3338
f 2498/4066/3337 3002/4067/3338 2499/4068/3339
f 2499/4068/3339 3002/4067/3338 3003/4069/3340
f 2499/4068/3339 3003/4069/3340 2500/4070/3341
f 2500/4070/3341 3003/4069/3340 3004/4071/3342
f 2500/4070/3341 3004/4071/3342 2501/4072/3343
f 2501/4072/3343 3004/4071/3342 3005/4073/3344
f 2501/4072/3343 3005/4073/3344 2502/4074/3345
f 2502/4074/3345 3005/4073/3344 3006/4075/3346
f 2502/4074/3345 3006/4075/3346 2503/4076/3347
f 2503/4076/3347 3006/4075/3346 3007/4077/3348
f 2503/4076/3347 3007/4077/3348 2504/4028/3301
f 2504/4028/3301 3007/4077/3348 3008/4029/3302
f 3008/4078/3349 2998/4079/3350 2985/4080/3351
f 2985/4080/3351 2998/4079/3350 2997/4081/3352
f 2985/4080/3351 2997/4081/3352 2986/4082/3353
f 2986/4082/3353 2997/4081/3352 2996/4083/3354
f 2986/4082/3353 2996/4083/3354 2987/4084/3355
f 2987/4084/3355 2996/4083/3354 2995/4085/3356
f 2987/4084/3355 2995/4085/3356 2988/4086/3357
f 2988/4086/3357 2995/4085/3356 2994/4087/3358
f 2988/4086/3357 2994/4087/3358 2989/4088/3359
f 2989/4088/3359 2994/4087/3358 2993/4089/3360
f 2989/4088/3359 2993/4089/3360 2990/4090/3361
f 2990/4090/3361 2993/4089/3360 2992/4091/3362
f 2990/4090/3361 2992/4091/3362 2991/4092/3363
f 2998/4079/3350 3008/4078/3349 2999/4093/3364
f 2999/4093/3364 3008/4078/3349 3007/4094/3365
f 2999/4093/3364 3007/4094/3365 3000/4095/3366
f 3000/4095/3366 3007/4094/3365 3006/4096/3367
f 3000/4095/3366 3006/4096/3367 3001/4097/3368
f 3001/4097/3368 3006/4096/3367 3005/4098/3369
f 3001/4097/3368 3005/4098/3369 3002/4099/3370
f 3002/4099/3370 3005/4098/3369 3004/4100/3371
f 3002/4099/3370 3004/4100/3371 3003/4101/3372
f 3010/4102/3373 3056/4103/3374 3009/4104/3375
f 3009/4104/3375 3056/4103/3374 3033/4105/3376
f 3009/4106/3375 3033/4107/3376 3032/4108/3377
f 3032/4108/3377 3033/4107/3376 3034/4109/3378
f 3032/4108/3377 3034/4109/3378 3031/4110/3379
f 3031/4110/3379 3034/4109/3378 3035/4111/3380
f 3031/4110/3379 3035/4111/3380 3030/4112/3381
f 3030/4112/3381 3035/4111/3380 3036/4113/3382
f 3030/4112/3381 3036/4113/3382 3029/4114/3383
f 3029/4114/3383 3036/4113/3382 3037/4115/3384
f 3029/4114/3383 3037/4115/3384 3028/4116/3385
f 3028/4116/3385 3037/4115/3384 3038/4117/3386
f 3028/4116/3385 3038/4117/3386 3027/4118/3387
f 3027/4118/3387 3038/4117/3386 3039/4119/3388
f 3027/4118/3387 3039/4119/3388 3026/4120/3389
f 3026/4120/3389 3039/4119/3388 3040/4121/3390
f 3026/4120/3389 3040/4121/3390 3025/4122/3391
f 3025/4122/3391 3040/4121/3390 3041/4123/3392
f 3025/4122/3391 3041/4123/3392 3024/4124/3393
f 3024/4124/3393 3041/4123/3392 3042/4125/3394
f 3024/4124/3393 3042/4125/3394 3023/4126/3395
f 3023/4126/3395 3042/4125/3394 3043/4127/3396
f 3023/4126/3395 3043/4127/3396 3022/4128/3397
f 3022/4128/3397 3043/4127/3396 3044/4129/3398
f 3022/4128/3397 3044/4129/3398 3021/4130/3399
f 3021/4130/3399 3044/4129/3398 3045/4131/3400
f 3021/4130/3399 3045/4131/3400 3020/4132/3401
f 3020/4132/3401 3045/4131/3400 3046/4133/3402
f 3020/4132/3401 3046/4133/3402 3019/4134/3403
f 3019/4134/3403 3046/4133/3402 3047/4135/3404
f 3019/4134/3403 3047/4135/3404 3018/4136/3405
f 3018/4136/3405 3047/4135/3404 3048/4137/3406
f 3018/4136/3405 3048/4137/3406 3017/4138/3407
f 3017/4138/3407 3048/4137/3406 3049/4139/3408
f 3017/4138/3407 3049/4139/3408 3016/4140/3409
f 3016/4140/3409 3049/4139/3408 3050/4141/3410
f 3016/4140/3409 3050/4141/3410 3015/4142/3411
f 3015/4142/3411 3050/4141/3410 3051/4143/3412
f 3015/4142/3411 3051/4143/3412 3014/4144/3413
f 3014/4144/3413 3051/4143/3412 3052/4145/3414
f 3014/4144/3413 3052/4145/3414 3013/4146/3415
f 3013/4146/3415 3052/4145/3414 3053/4147/3416
f 3013/4146/3415 3053/4147/3416 3012/4148/3417
f 3012/4148/3417 3053/4147/3416 3054/4149/3418
f 3012/4148/3417 3054/4149/3418 3011/4150/3419
f 3011/4150/3419 3054/4149/3418 3055/4151/3420
f 3011/4150/3419 3055/4151/3420 3010/4102/3373
f 3010/4102/3373 3055/4151/3420 3056/4103/3374
f 3032/4152/3421 3022/4153/3422 3009/4154/3423
f 3009/4154/3423 3022/4153/3422 3021/4155/3424
f 3009/4154/3423 3021/4155/3424 3010/4156/3425
f 3010/4156/3425 3021/4155/3424 3020/4157/3426
f 3010/4156/3425 3020/4157/3426 3011/4158/3427
f 3011/4158/3427 3020/4157/3426 3019/4159/3428
f 3011/4158/3427 3019/4159/3428 3012/4160/3429
f 3012/4160/3429 3019/4159/3428 3018/4161/3430
f 3012/4160/3429 3018/4161/3430 3013/4162/3431
f 3013/4162/3431 3018/4161/3430 3017/4163/3432
f 3013/4162/3431 3017/4163/3432 3014/4164/3433
f 3014/4164/3433 3017/4163/3432 3016/4165/3434
f 3014/4164/3433 3016/4165/3434 3015/4166/3435
f 3022/4153/3422 3032/4152/3421 3023/4167/3436
f 3023/4167/3436 3032/4152/3421 3031/4168/3437
f 3023/4167/3436 3031/4168/3437 3024/4169/3438
f 3024/4169/3438 3031/4168/3437 3030/4170/3439
f 3024/4169/3438 3030/4170/3439 3025/4171/3440
f 3025/4171/3440 3030/4170/3439 3029/4172/3441
f 3025/4171/3440 3029/4172/3441 3026/4173/3442
f 3026/4173/3442 3029/4172/3441 3028/4174/3443
f 3026/4173/3442 3028/4174/3443 3027/4175/3444
f 3058/4176/3445 3104/4177/3446 3057/4178/3447
f 3057/4178/3447 3104/4177/3446 3081/4179/3448
f 3057/4180/3447 3081/4181/3448 3080/4182/3449
f 3080/4182/3449 3081/4181/3448 3082/4183/3450
f 3080/4182/3449 3082/4183/3450 3079/4184/3451
f 3079/4184/3451 3082/4183/3450 3083/4185/3452
f 3079/4184/3451 3083/4185/3452 3078/4186/3453
f 3078/4186/3453 3083/4185/3452 3084/4187/3454
f 3078/4186/3453 3084/4187/3454 3077/4188/3455
f 3077/4188/3455 3084/4187/3454 3085/4189/3456
f 3077/4188/3455 3085/4189/3456 3076/4190/3457
f 3076/4190/3457 3085/4189/3456 3086/4191/3458
f 3076/4190/3457 3086/4191/3458 3075/4192/3459
f 3075/4192/3459 3086/4191/3458 3087/4193/3460
f 3075/4192/3459 3087/4193/3460 3074/4194/3461
f 3074/4194/3461 3087/4193/3460 3088/4195/3462
f 3074/4194/3461 3088/4195/3462 3073/4196/3463
f 3073/4196/3463 3088/4195/3462 3089/4197/3464
f 3073/4196/3463 3089/4197/3464 3072/4198/3465
f 3072/4198/3465 3089/4197/3464 3090/4199/3466
f 3072/4198/3465 3090/4199/3466 3071/4200/3467
f 3071/4200/3467 3090/4199/3466 3091/4201/3468
f 3071/4200/3467 3091/4201/3468 3070/4202/3469
f 3070/4202/3469 3091/4201/3468 3092/4203/3470
f 3070/4202/3469 3092/4203/3470 3069/4204/3471
f 3069/4204/3471 3092/4203/3470 3093/4205/3472
f 3069/4204/3471 3093/4205/3472 3068/4206/3473
f 3068/4206/3473 3093/4205/3472 3094/4207/3474
f 3068/4206/3473 3094/4207/3474 3067/4208/3475
f 3067/4208/3475 3094/4207/3474 3095/4209/3476
f 3067/4208/3475 3095/4209/3476 3066/4210/3477
f 3066/4210/3477 3095/4209/3476 3096/4211/3478
f 3066/4210/3477 3096/4211/3478 3065/4212/3479
f 3065/4212/3479 3096/4211/3478 3097/4213/3480
f 3065/4212/3479 3097/4213/3480 3064/4214/3481
f 3064/4214/3481 3097/4213/3480 3098/4215/3482
f 3064/4214/3481 3098/4215/3482 3063/4216/3483
f 3063/4216/3483 3098/4215/3482 3099/4217/3484
f 3063/4216/3483 3099/4217/3484 3062/4218/3485
f 3062/4218/3485 3099/4217/3484 3100/4219/3486
f 3062/4218/3485 3100/4219/3486 3061/4220/3487
f 3061/4220/3487 3100/4219/3486 3101/4221/3488
f 3061/4220/3487 3101/4221/3488 3060/4222/3489
f 3060/4222/3489 3101/4221/3488 3102/4223/3490
f 3060/4222/3489 3102/4223/3490 3059/4224/3491
f 3059/4224/3491 3102/4223/3490 3103/4225/3492
f 3059/4224/3491 3103/4225/3492 3058/4176/3445
f 3058/4176/3445 3103/4225/3492 3104/4177/3446
f 3080/4226/3493 3070/4227/3494 3057/4228/3495
f 3057/4228/3495 3070/4227/3494 3069/4229/3496
f 3057/4228/3495 3069/4229/3496 3058/4230/3497
f 3058/4230/3497 3069/4229/3496 3068/4231/3498
f 3058/4230/3497 3068/4231/3498 3059/4232/3499
f 3059/4232/3499 3068/4231/3498 3067/4233/3500
f 3059/4232/3499 3067/4233/3500 3060/4234/3501
f 3060/4234/3501 3067/4233/3500 3066/4235/3502
f 3060/4234/3501 3066/4235/3502 3061/4236/3503
f 3061/4236/3503 3066/4235/3502 3065/4237/3504
f 3061/4236/3503 3065/4237/3504 3062/4238/3505
f 3062/4238/3505 3065/4237/3504 3064/4239/3506
f 3062/4238/3505 3064/4239/3506 3063/4240/3507
f 3070/4227/3494 3080/4226/3493 3071/4241/3508
f 3071/4241/3508 3080/4226/3493 3079/4242/3509
f 3071/4241/3508 3079/4242/3509 3072/4243/3510
f 3072/4243/3510 3079/4242/3509 3078/4244/3511
f 3072/4243/3510 3078/4244/3511 3073/4245/3512
f 3073/4245/3512 3078/4244/3511 3077/4246/3513
f 3073/4245/3512 3077/4246/3513 3074/4247/3514
f 3074/4247/3514 3077/4246/3513 3076/4248/3515
f 3074/4247/3514 3076/4248/3515 3075/4249/3516
f 3106/4250/3517 3152/4251/3518 3105/4252/3519
f 3105/4252/3519 3152/4251/3518 3129/4253/3520
f 3105/4254/3519 3129/4255/3520 3128/4256/3521
f 3128/4256/3521 3129/4255/3520 3130/4257/3522
f 3128/4256/3521 3130/4257/3522 3127/4258/3523
f 3127/4258/3523 3130/4257/3522 3131/4259/3524
f 3127/4258/3523 3131/4259/3524 3126/4260/3525
f 3126/4260/3525 3131/4259/3524 3132/4261/3526
f 3126/4260/3525 3132/4261/3526 3125/4262/3527
f 3125/4262/3527 3132/4261/3526 3133/4263/3528
f 3125/4262/3527 3133/4263/3528 3124/4264/3529
f 3124/4264/3529 3133/4263/3528 3134/4265/3530
f 3124/4264/3529 3134/4265/3530 3123/4266/3531
f 3123/4266/3531 3134/4265/3530 3135/4267/3532
f 3123/4266/3531 3135/4267/3532 3122/4268/3533
f 3122/4268/3533 3135/4267/3532 3136/4269/3534
f 3122/4268/3533 3136/4269/3534 3121/4270/3535
f 3121/4270/3535 3136/4269/3534 3137/4271/3536
f 3121/4270/3535 3137/4271/3536 3120/4272/3537
f 3120/4272/3537 3137/4271/3536 3138/4273/3538
f 3120/4272/3537 3138/4273/3538 3119/4274/3539
f 3119/4274/3539 3138/4273/3538 3139/4275/3540
f 3119/4274/3539 3139/4275/3540 3118/4276/3541
f 3118/4276/3541 3139/4275/3540 3140/4277/3542
f 3118/4276/3541 3140/4277/3542 3117/4278/3543
f 3117/4278/3543 3140/4277/3542 3141/4279/3544
f 3117/4278/3543 3141/4279/3544 3116/4280/3545
f 3116/4280/3545 3141/4279/3544 3142/4281/3546
f 3116/4280/3545 3142/4281/3546 3115/4282/3547
f 3115/4282/3547 3142/4281/3546 3143/4283/3548
f 3115/4282/3547 3143/4283/3548 3114/4284/3549
f 3114/4284/3549 3143/4283/3548 3144/4285/3550
f 3114/4284/3549 3144/4285/3550 3113/4286/3551
f 3113/4286/3551 3144/4285/3550 3145/4287/3552
f 3113/4286/3551 3145/4287/3552 3112/4288/3553
f 3112/4288/3553 3145/4287/3552 3146/4289/3554
f 3112/4288/3553 3146/4289/3554 3111/4290/3555
f 3111/4290/3555 3146/4289/3554 3147/4291/3556
f 3111/4290/3555 3147/4291/3556 3110/4292/3557
f 3110/4292/3557 3147/4291/3556 3148/4293/3558
f 3110/4292/3557 3148/4293/3558 3109/4294/3559
f 3109/4294/3559 3148/4293/3558 3149/4295/3560
f 3109/4294/3559 3149/4295/3560 3108/4296/3561
f 3108/4296/3561 3149/4295/3560 3150/4297/3562
f 3108/4296/3561 3150/4297/3562 3107/4298/3563
f 3107/4298/3563 3150/4297/3562 3151/4299/3564
f 3107/4298/3563 3151/4299/3564 3106/4250/3517
f 3106/4250/3517 3151/4299/3564 3152/4251/3518
f 3128/4300/3565 3118/4301/3566 3105/4302/3567
f 3105/4302/3567 3118/4301/3566 3117/4303/3568
f 3105/4302/3567 3117/4303/3568 3106/4304/3569
f 3106/4304/3569 3117/4303/3568 3116/4305/3570
f 3106/4304/3569 3116/4305/3570 3107/4306/3571
f 3107/4306/3571 3116/4305/3570 3115/4307/3572
f 3107/4306/3571 3115/4307/3572 3108/4308/3573
f 3108/4308/3573 3115/4307/3572 3114/4309/3574
f 3108/4308/3573 3114/4309/3574 3109/4310/3575
f 3109/4310/3575 3114/4309/3574 3113/4311/3576
f 3109/4310/3575 3113/4311/3576 3110/4312/3577
f 3110/4312/3577 3113/4311/3576 3112/4313/3578
f 3110/4312/3577 3112/4313/3578 3111/4314/3579
f 3118/4301/3566 3128/4300/3565 3119/4315/3580
f 3119/4315/3580 3128/4300/3565 3127/4316/3581
f 3119/4315/3580 3127/4316/3581 3120/4317/3582
f 3120/4317/3582 3127/4316/3581 3126/4318/3583
f 3120/4317/3582 3126/4318/3583 3121/4319/3584
f 3121/4319/3584 3126/4318/3583 3125/4320/3585
f 3121/4319/3584 3125/4320/3585 3122/4321/3586
f 3122/4321/3586 3125/4320/3585 3124/4322/3587
f 3122/4321/3586 3124/4322/3587 3123/4323/3588
f 3154/4324/3589 3200/4325/3590 3153/4326/3591
f 3153/4326/3591 3200/4325/3590 3177/4327/3592
f 3153/4328/3591 3177/4329/3592 3176/4330/3593
f 3176/4330/3593 3177/4329/3592 3178/4331/3594
f 3176/4330/3593 3178/4331/3594 3175/4332/3595
f 3175/4332/3595 3178/4331/3594 3179/4333/3596
f 3175/4332/3595 3179/4333/3596 3174/4334/3597
f 3174/4334/3597 3179/4333/3596 3180/4335/3598
f 3174/4334/3597 3180/4335/3598 3173/4336/3599
f 3173/4336/3599 3180/4335/3598 3181/4337/3600
f 3173/4336/3599 3181/4337/3600 3172/4338/3601
f 3172/4338/3601 3181/4337/3600 3182/4339/3602
f 3172/4338/3601 3182/4339/3602 3171/4340/3603
f 3171/4340/3603 3182/4339/3602 3183/4341/3604
f 3171/4340/3603 3183/4341/3604 3170/4342/3605
f 3170/4342/3605 3183/4341/3604 3184/4343/3606
f 3170/4342/3605 3184/4343/3606 3169/4344/3607
f 3169/4344/3607 3184/4343/3606 3185/4345/3608
f 3169/4344/3607 3185/4345/3608 3168/4346/3609
f 3168/4346/3609 3185/4345/3608 3186/4347/3610
f 3168/4346/3609 3186/4347/3610 3167/4348/3611
f 3167/4348/3611 3186/4347/3610 3187/4349/3612
f 3167/4348/3611 3187/4349/3612 3166/4350/3613
f 3166/4350/3613 3187/4349/3612 3188/4351/3614
f 3166/4350/3613 3188/4351/3614 3165/4352/3615
f 3165/4352/3615 3188/4351/3614 3189/4353/3616
f 3165/4352/3615 3189/4353/3616 3164/4354/3617
f 3164/4354/3617 3189/4353/3616 3190/4355/3618
f 3164/4354/3617 3190/4355/3618 3163/4356/3619
f 3163/4356/3619 3190/4355/3618 3191/4357/3620
f 3163/4356/3619 3191/4357/3620 3162/4358/3621
f 3162/4358/3621 3191/4357/3620 3192/4359/3622
f 3162/4358/3621 3192/4359/3622 3161/4360/3623
f 3161/4360/3623 3192/4359/3622 3193/4361/3624
f 3161/4360/3623 3193/4361/3624 3160/4362/3625
f 3160/4362/3625 3193/4361/3624 3194/4363/3626
f 3160/4362/3625 3194/4363/3626 3159/4364/3627
f 3159/4364/3627 3194/4363/3626 3195/4365/3628
f 3159/4364/3627 3195/4365/3628 3158/4366/3629
f 3158/4366/3629 3195/4365/3628 3196/4367/3630
f 3158/4366/3629 3196/4367/3630 3157/4368/3631
f 3157/4368/3631 3196/4367/3630 3197/4369/3632
f 3157/4368/3631 3197/4369/3632 3156/4370/3633
f 3156/4370/3633 3197/4369/3632 3198/4371/3634
f 3156/4370/3633 3198/4371/3634 3155/4372/3635
f 3155/4372/3635 3198/4371/3634 3199/4373/3636
f 3155/4372/3635 3199/4373/3636 3154/4324/3589
f 3154/4324/3589 3199/4373/3636 3200/4325/3590
f 3176/4374/3637 3166/4375/3638 3153/4376/3639
f 3153/4376/3639 3166/4375/3638 3165/4377/3640
f 3153/4376/3639 3165/4377/3640 3154/4378/3641
f 3154/4378/3641 3165/4377/3640 3164/4379/3642
f 3154/4378/3641 3164/4379/3642 3155/4380/3643
f 3155/4380/3643 3164/4379/3642 3163/4381/3644
f 3155/4380/3643 3163/4381/3644 3156/4382/3645
f 3156/4382/3645 3163/4381/3644 3162/4383/3646
f 3156/4382/3645 3162/4383/3646 3157/4384/3647
f 3157/4384/3647 3162/4383/3646 3161/4385/3648
f 3157/4384/3647 3161/4385/3648 3158/4386/3649
f 3158/4386/3649 3161/4385/3648 3160/4387/3650
f 3158/4386/3649 3160/4387/3650 3159/4388/3651
f 3166/4375/3638 3176/4374/3637 3167/4389/3652
f 3167/4389/3652 3176/4374/3637 3175/4390/3653
f 3167/4389/3652 3175/4390/3653 3168/4391/3654
f 3168/4391/3654 3175/4390/3653 3174/4392/3655
f 3168/4391/3654 3174/4392/3655 3169/4393/3656
f 3169/4393/3656 3174/4392/3655 3173/4394/3657
f 3169/4393/3656 3173/4394/3657 3170/4395/3658
f 3170/4395/3658 3173/4394/3657 3172/4396/3659
f 3170/4395/3658 3172/4396/3659 3171/4397/3660
f 3202/4398/3661 3248/4399/3662 3201/4400/3663
f 3201/4400/3663 3248/4399/3662 3225/4401/3664
f 3201/4402/3663 3225/4403/3664 3224/4404/3665
f 3224/4404/3665 3225/4403/3664 3226/4405/3666
f 3224/4404/3665 3226/4405/3666 3223/4406/3667
f 3223/4406/3667 3226/4405/3666 3227/4407/3668
f 3223/4406/3667 3227/4407/3668 3222/4408/3669
f 3222/4408/3669 3227/4407/3668 3228/4409/3670
f 3222/4408/3669 3228/4409/3670 3221/4410/3671
f 3221/4410/3671 3228/4409/3670 3229/4411/3672
f 3221/4410/3671 3229/4411/3672 3220/4412/3673
f 3220/4412/3673 3229/4411/3672 3230/4413/3674
f 3220/4412/3673 3230/4413/3674 3219/4414/3675
f 3219/4414/3675 3230/4413/3674 3231/4415/3676
f 3219/4414/3675 3231/4415/3676 3218/4416/3677
f 3218/4416/3677 3231/4415/3676 3232/4417/3678
f 3218/4416/3677 3232/4417/3678 3217/4418/3679
f 3217/4418/3679 3232/4417/3678 3233/4419/3680
f 3217/4418/3679 3233/4419/3680 3216/4420/3681
f 3216/4420/3681 3233/4419/3680 3234/4421/3682
f 3216/4420/3681 3234/4421/3682 3215/4422/3683
f 3215/4422/3683 3234/4421/3682 3235/4423/3684
f 3215/4422/3683 3235/4423/3684 3214/4424/3685
f 3214/4424/3685 3235/4423/3684 3236/4425/3686
f 3214/4424/3685 3236/4425/3686 3213/4426/3687
f 3213/4426/3687 3236/4425/3686 3237/4427/3688
f 3213/4426/3687 3237/4427/3688 3212/4428/3689
f 3212/4428/3689 3237/4427/3688 3238/4429/3690
f 3212/4428/3689 3238/4429/3690 3211/4430/3691
f 3211/4430/3691 3238/4429/3690 3239/4431/3692
f 3211/4430/3691 3239/4431/3692 3210/4432/3693
f 3210/4432/3693 3239/4431/3692 3240/4433/3694
f 3210/4432/3693 3240/4433/3694 3209/4434/3695
f 3209/4434/3695 3240/4433/3694 3241/4435/3696
f 3209/4434/3695 3241/4435/3696 3208/4436/3697
f 3208/4436/3697 3241/4435/3696 3242/4437/3698
f 3208/4436/3697 3242/4437/3698 3207/4438/3699
f 3207/4438/3699 3242/4437/3698 3243/4439/3700
f 3207/4438/3699 3243/4439/3700 3206/4440/3701
f 3206/4440/3701 3243/4439/3700 3244/4441/3702
f 3206/4440/3701 3244/4441/3702 3205/4442/3703
f 3205/4442/3703 3244/4441/3702 3245/4443/3704
f 3205/4442/3703 3245/4443/3704 3204/4444/3705
f 3204/4444/3705 3245/4443/3704 3246/4445/3706
f 3204/4444/3705 3246/4445/3706 3203/4446/3707
f 3203/4446/3707 3246/4445/3706 3247/4447/3708
f 3203/4446/3707 3247/4447/3708 3202/4398/3661
f 3202/4398/3661 3247/4447/3708 3248/4399/3662
f 3224/4448/3709 3214/4449/3710 3201/4450/3711
f 3201/4450/3711 3214/4449/3710 3213/4451/3712
f 3201/4450/3711 3213/4451/3712 3202/4452/3713
f 3202/4452/3713 3213/4451/3712 3212/4453/3714
f 3202/4452/3713 3212/4453/3714 3203/4454/3715
f 3203/4454/3715 3212/4453/3714 3211/4455/3716
f 3203/4454/3715 3211/4455/3716 3204/4456/3717
f 3204/4456/3717 3211/4455/3716 3210/4457/3718
f 3204/4456/3717 3210/4457/3718 3205/4458/3719
f 3205/4458/3719 3210/4457/3718 3209/4459/3720
f 3205/4458/3719 3209/4459/3720 3206/4460/3721
f 3206/4460/3721 3209/4459/3720 3208/4461/3722
f 3206/4460/3721 3208/4461/3722 3207/4462/3723
f 3214/4449/3710 3224/4448/3709 3215/4463/3724
f 3215/4463/3724 3224/4448/3709 3223/4464/3725
f 3215/4463/3724 3223/4464/3725 3216/4465/3726
f 3216/4465/3726 3223/4464/3725 3222/4466/3727
f 3216/4465/3726 3222/4466/3727 3217/4467/3728
f 3217/4467/3728 3222/4466/3727 3221/4468/3729
f 3217/4467/3728 3221/4468/3729 3218/4469/3730
f 3218/4469/3730 3221/4468/3729 3220/4470/3731
f 3218/4469/3730 3220/4470/3731 3219/4471/3732
f 3250/4472/3733 3296/4473/3734 3249/4474/3735
f 3249/4474/3735 3296/4473/3734 3273/4475/3736
f 3249/4476/3735 3273/4477/3736 3272/4478/3737
f 3272/4478/3737 3273/4477/3736 3274/4479/3738
f 3272/4478/3737 3274/4479/3738 3271/4480/3739
f 3271/4480/3739 3274/4479/3738 3275/4481/3740
f 3271/4480/3739 3275/4481/3740 3270/4482/3741
f 3270/4482/3741 3275/4481/3740 3276/4483/3742
f 3270/4482/3741 3276/4483/3742 3269/4484/3743
f 3269/4484/3743 3276/4483/3742 3277/4485/3744
f 3269/4484/3743 3277/4485/3744 3268/4486/3745
f 3268/4486/3745 3277/4485/3744 3278/4487/3746
f 3268/4486/3745 3278/4487/3746 3267/4488/3747
f 3267/4488/3747 3278/4487/3746 3279/4489/3748
f 3267/4488/3747 3279/4489/3748 3266/4490/3749
f 3266/4490/3749 3279/4489/3748 3280/4491/3750
f 3266/4490/3749 3280/4491/3750 3265/4492/3751
f 3265/4492/3751 3280/4491/3750 3281/4493/3752
f 3265/4492/3751 3281/4493/3752 3264/4494/3753
f 3264/4494/3753 3281/4493/3752 3282/4495/3754
f 3264/4494/3753 3282/4495/3754 3263/4496/3755
f 3263/4496/3755 3282/4495/3754 3283/4497/3756
f 3263/4496/3755 3283/4497/3756 3262/4498/3757
f 3262/4498/3757 3283/4497/3756 3284/4499/3758
f 3262/4498/3757 3284/4499/3758 3261/4500/3759
f 3261/4500/3759 3284/4499/3758 3285/4501/3760
f 3261/4500/3759 3285/4501/3760 3260/4502/3761
f 3260/4502/3761 3285/4501/3760 3286/4503/3762
f 3260/4502/3761 3286/4503/3762 3259/4504/3763
f 3259/4504/3763 3286/4503/3762 3287/4505/3764
f 3259/4504/3763 3287/4505/3764 3258/4506/3765
f 3258/4506/3765 3287/4505/3764 3288/4507/3766
f 3258/4506/3765 3288/4507/3766 3257/4508/3767
f 3257/4508/3767 3288/4507/3766 3289/4509/3768
f 3257/4508/3767 3289/4509/3768 3256/4510/3769
f 3256/4510/3769 3289/4509/3768 3290/4511/3770
f 3256/4510/3769 3290/4511/3770 3255/4512/3771
f 3255/4512/3771 3290/4511/3770 3291/4513/3772
f 3255/4512/3771 3291/4513/3772 3254/4514/3773
f 3254/4514/3773 3291/4513/3772 3292/4515/3774
f 3254/4514/3773 3292/4515/3774 3253/4516/3775
f 3253/4516/3775 3292/4515/3774 3293/4517/3776
f 3253/4516/3775 3293/4517/3776 3252/4518/3777
f 3252/4518/3777 3293/4517/3776 3294/4519/3778
f 3252/4518/3777 3294/4519/3778 3251/4520/3779
f 3251/4520/3779 3294/4519/3778 3295/4521/3780
f 3251/4520/3779 3295/4521/3780 3250/4472/3733
f 3250/4472/3733 3295/4521/3780 3296/4473/3734
f 3272/4522/3781 3262/4523/3782 3249/4524/3783
f 3249/4524/3783 3262/4523/3782 3261/4525/3784
f 3249/4524/3783 3261/4525/3784 3250/4526/3785
f 3250/4526/3785 3261/4525/3784 3260/4527/3786
f 3250/4526/3785 3260/4527/3786 3251/4528/3787
f 3251/4528/3787 3260/4527/3786 3259/4529/3788
f 3251/4528/3787 3259/4529/3788 3252/4530/3789
f 3252/4530/3789 3259/4529/3788 3258/4531/3790
f 3252/4530/3789 3258/4531/3790 3253/4532/3791
f 3253/4532/3791 3258/4531/3790 3257/4533/3792
f 3253/4532/3791 3257/4533/3792 3254/4534/3793
f 3254/4534/3793 3257/4533/3792 3256/4535/3794
f 3254/4534/3793 3256/4535/3794 3255/4536/3795
f 3262/4523/3782 3272/4522/3781 3263/4537/3796
f 3263/4537/3796 3272/4522/3781 3271/4538/3797
f 3263/4537/3796 3271/4538/3797 3264/4539/3798
f 3264/4539/3798 3271/4538/3797 3270/4540/3799
f 3264/4539/3798 3270/4540/3799 3265/4541/3800
f 3265/4541/3800 3270/4540/3799 3269/4542/3801
f 3265/4541/3800 3269/4542/3801 3266/4543/3802
f 3266/4543/3802 3269/4542/3801 3268/4544/3803
f 3266/4543/3802 3268/4544/3803 3267/4545/3804
f 3298/4546/3805 3344/4547/3806 3297/4548/3807
f 3297/4548/3807 3344/4547/3806 3321/4549/3808
f 3297/4550/3807 3321/4551/3808 3320/4552/3809
f 3320/4552/3809 3321/4551/3808 3322/4553/3810
f 3320/4552/3809 3322/4553/3810 3319/4554/3811
f 3319/4554/3811 3322/4553/3810 3323/4555/3812
f 3319/4554/3811 3323/4555/3812 3318/4556/3813
f 3318/4556/3813 3323/4555/3812 3324/4557/3814
f 3318/4556/3813 3324/4557/3814 3317/4558/3815
f 3317/4558/3815 3324/4557/3814 3325/4559/3816
f 3317/4558/3815 3325/4559/3816 3316/4560/3817
f 3316/4560/3817 3325/4559/3816 3326/4561/3818
f 3316/4560/3817 3326/4561/3818 3315/4562/3819
f 3315/4562/3819 3326/4561/3818 3327/4563/3820
f 3315/4562/3819 3327/4563/3820 3314/4564/3821
f 3314/4564/3821 3327/4563/3820 3328/4565/3822
f 3314/4564/3821 3328/4565/3822 3313/4566/3823
f 3313/4566/3823 3328/4565/3822 3329/4567/3824
f 3313/4566/3823 3329/4567/3824 3312/4568/3825
f 3312/4568/3825 3329/4567/3824 3330/4569/3826
f 3312/4568/3825 3330/4569/3826 3311/4570/3827
f 3311/4570/3827 3330/4569/3826 3331/4571/3828
f 3311/4570/3827 3331/4571/3828 3310/4572/3829
f 3310/4572/3829 3331/4571/3828 3332/4573/3830
f 3310/4572/3829 3332/4573/3830 3309/4574/3831
f 3309/4574/3831 3332/4573/3830 3333/4575/3832
f 3309/4574/3831 3333/4575/3832 3308/4576/3833
f 3308/4576/3833 3333/4575/3832 3334/4577/3834
f 3308/4576/3833 3334/4577/3834 3307/4578/3835
f 3307/4578/3835 3334/4577/3834 3335/4579/3836
f 3307/4578/3835 3335/4579/3836 3306/4580/3837
f 3306/4580/3837 3335/4579/3836 3336/4581/3838
f 3306/4580/3837 3336/4581/3838 3305/4582/3839
f 3305/4582/3839 3336/4581/3838 3337/4583/3840
f 3305/4582/3839 3337/4583/3840 3304/4584/3841
f 3304/4584/3841 3337/4583/3840 3338/4585/3842
f 3304/4584/3841 3338/4585/3842 3303/4586/3843
f 3303/4586/3843 3338/4585/3842 3339/4587/3844
f 3303/4586/3843 3339/4587/3844 3302/4588/3845
f 3302/4588/3845 3339/4587/3844 3340/4589/3846
f 3302/4588/3845 3340/4589/3846 3301/4590/3847
f 3301/4590/3847 3340/4589/3846 3341/4591/3848
f 3301/4590/3847 3341/4591/3848 3300/4592/3849
f 3300/4592/3849 3341/4591/3848 3342/4593/3850
f 3300/4592/3849 3342/4593/3850 3299/4594/3851
f 3299/4594/3851 3342/4593/3850 3343/4595/3852
f 3299/4594/3851 3343/4595/3852 3298/4546/3805
f 3298/4546/3805 3343/4595/3852 3344/4547/3806
f 3320/4596/3853 3310/4597/3854 3297/4598/3855
f 3297/4598/3855 3310/4597/3854 3309/4599/3856
f 3297/4598/3855 3309/4599/3856 3298/4600/3857
f 3298/4600/3857 3309/4599/3856 3308/4601/3858
f 3298/4600/3857 3308/4601/3858 3299/4602/3859
f 3299/4602/3859 3308/4601/3858 3307/4603/3860
f 3299/4602/3859 3307/4603/3860 3300/4604/3861
f 3300/4604/3861 3307/4603/3860 3306/4605/3862
f 3300/4604/3861 3306/4605/3862 3301/4606/3863
f 3301/4606/3863 3306/4605/3862 3305/4607/3864
f 3301/4606/3863 3305/4607/3864 3302/4608/3865
f 3302/4608/3865 3305/4607/3864 3304/4609/3866
f 3302/4608/3865 3304/4609/3866 3303/4610/3867
f 3310/4597/3854 3320/4596/3853 3311/4611/3868
f 3311/4611/3868 3320/4596/3853 3319/4612/3869
f 3311/4611/3868 3319/4612/3869 3312/4613/3870
f 3312/4613/3870 3319/4612/3869 3318/4614/3871
f 3312/4613/3870 3318/4614/3871 3313/4615/3872
f 3313/4615/3872 3318/4614/3871 3317/4616/3873
f 3313/4615/3872 3317/4616/3873 3314/4617/3874
f 3314/4617/3874 3317/4616/3873 3316/4618/3875
f 3314/4617/3874 3316/4618/3875 3315/4619/3876
f 3346/4620/3877 3392/4621/3878 3345/4622/3879
f 3345/4622/3879 3392/4621/3878 3369/4623/3880
f 3345/4624/3879 3369/4625/3880 3368/4626/3881
f 3368/4626/3881 3369/4625/3880 3370/4627/3882
f 3368/4626/3881 3370/4627/3882 3367/4628/3883
f 3367/4628/3883 3370/4627/3882 3371/4629/3884
f 3367/4628/3883 3371/4629/3884 3366/4630/3885
f 3366/4630/3885 3371/4629/3884 3372/4631/3886
f 3366/4630/3885 3372/4631/3886 3365/4632/3887
f 3365/4632/3887 3372/4631/3886 3373/4633/3888
f 3365/4632/3887 3373/4633/3888 3364/4634/3889
f 3364/4634/3889 3373/4633/3888 3374/4635/3890
f 3364/4634/3889 3374/4635/3890 3363/4636/3891
f 3363/4636/3891 3374/4635/3890 3375/4637/3892
f 3363/4636/3891 3375/4637/3892 3362/4638/3893
f 3362/4638/3893 3375/4637/3892 3376/4639/3894
f 3362/4638/3893 3376/4639/3894 3361/4640/3895
f 3361/4640/3895 3376/4639/3894 3377/4641/3896
f 3361/4640/3895 3377/4641/3896 3360/4642/3897
f 3360/4642/3897 3377/4641/3896 3378/4643/3898
f 3360/4642/3897 3378/4643/3898 3359/4644/3899
f 3359/4644/3899 3378/4643/3898 3379/4645/3900
f 3359/4644/3899 3379/4645/3900 3358/4646/3901
f 3358/4646/3901 3379/4645/3900 3380/4647/3902
f 3358/4646/3901 3380/4647/3902 3357/4648/3903
f 3357/4648/3903 3380/4647/3902 3381/4649/3904
f 3357/4648/3903 3381/4649/3904 3356/4650/3905
f 3356/4650/3905 3381/4649/3904 3382/4651/3906
f 3356/4650/3905 3382/4651/3906 3355/4652/3907
f 3355/4652/3907 3382/4651/3906 3383/4653/3908
f 3355/4652/3907 3383/4653/3908 3354/4654/3909
f 3354/4654/3909 3383/4653/3908 3384/4655/3910
f 3354/4654/3909 3384/4655/3910 3353/4656/3911
f 3353/4656/3911 3384/4655/3910 3385/4657/3912
f 3353/4656/3911 3385/4657/3912 3352/4658/3913
f 3352/4658/3913 3385/4657/3912 3386/4659/3914
f 3352/4658/3913 3386/4659/3914 3351/4660/3915
f 3351/4660/3915 3386/4659/3914 3387/4661/3916
f 3351/4660/3915 3387/4661/3916 3350/4662/3917
f 3350/4662/3917 3387/4661/3916 3388/4663/3918
f 3350/4662/3917 3388/4663/3918 3349/4664/3919
f 3349/4664/3919 3388/4663/3918 3389/4665/3920
f 3349/4664/3919 3389/4665/3920 3348/4666/3921
f 3348/4666/3921 3389/4665/3920 3390/4667/3922
f 3348/4666/3921 3390/4667/3922 3347/4668/3923
f 3347/4668/3923 3390/4667/3922 3391/4669/3924
f 3347/4668/3923 3391/4669/3924 3346/4620/3877
f 3346/4620/3877 3391/4669/3924 3392/4621/3878
f 3368/4670/3925 3358/4671/3926 3345/4672/3927
f 3345/4672/3927 3358/4671/3926 3357/4673/3928
f 3345/4672/3927 3357/4673/3928 3346/4674/3929
f 3346/4674/3929 3357/4673/3928 3356/4675/3930
f 3346/4674/3929 3356/4675/3930 3347/4676/3931
f 3347/4676/3931 3356/4675/3930 3355/4677/3932
f 3347/4676/3931 3355/4677/3932 3348/4678/3933
f 3348/4678/3933 3355/4677/3932 3354/4679/3934
f 3348/4678/3933 3354/4679/3934 3349/4680/3935
f 3349/4680/3935 3354/4679/3934 3353/4681/3936
f 3349/4680/3935 3353/4681/3936 3350/4682/3937
f 3350/4682/3937 3353/4681/3936 3352/4683/3938
f 3350/4682/3937 3352/4683/3938 3351/4684/3939
f 3358/4671/3926 3368/4670/3925 3359/4685/3940
f 3359/4685/3940 3368/4670/3925 3367/4686/3941
f 3359/4685/3940 3367/4686/3941 3360/4687/3942
f 3360/4687/3942 3367/4686/3941 3366/4688/3943
f 3360/4687/3942 3366/4688/3943 3361/4689/3944
f 3361/4689/3944 3366/4688/3943 3365/4690/3945
f 3361/4689/3944 3365/4690/3945 3362/4691/3946
f 3362/4691/3946 3365/4690/3945 3364/4692/3947
f 3362/4691/3946 3364/4692/3947 3363/4693/3948
f 750/4694/3949 749/4695/3950 3394/4696/3951
f 3394/4696/3951 749/4695/3950 3393/4697/3952
f 749/4698/3953 752/4699/3954 3393/4700/3955
f 3393/4700/3955 752/4699/3954 3395/4701/3956
f 752/4702/3957 751/4703/3958 3395/4704/3959
f 3395/4704/3959 751/4703/3958 3396/4705/3960
f 751/4706/3961 750/4707/3962 3396/4708/3963
f 3396/4708/3963 750/4707/3962 3394/4709/3964
f 2480/4710/3965 3193/4711/3966 2457/4712/3967
f 2457/4712/3967 3193/4711/3966 3192/4713/3968
f 2457/4712/3967 3192/4713/3968 3378/4714/3969
f 3378/4714/3969 3192/4713/3968 3191/4715/3970
f 3378/4714/3969 3191/4715/3970 3379/4716/3971
f 3379/4716/3971 3191/4715/3970 3380/4717/3972
f 3380/4717/3972 3191/4715/3970 3190/4718/3973
f 3380/4717/3972 3190/4718/3973 3396/4719/3974
f 3396/4719/3974 3190/4718/3973 3189/4720/3975
f 3396/4719/3974 3189/4720/3975 3188/4721/3976
f 3193/4711/3966 2480/4710/3965 3194/4722/3977
f 3194/4722/3977 2480/4710/3965 2479/4723/3978
f 3194/4722/3977 2479/4723/3978 3195/4724/3979
f 3195/4724/3979 2479/4723/3978 2478/4725/3980
f 3195/4724/3979 2478/4725/3980 3196/4726/3981
f 3196/4726/3981 2478/4725/3980 3197/4727/3982
f 3197/4727/3982 2478/4725/3980 2477/4728/3983
f 3197/4727/3982 2477/4728/3983 3198/4729/3984
f 3198/4729/3984 2477/4728/3983 3199/4730/3985
f 3199/4730/3985 2477/4728/3983 2476/4731/3986
f 3199/4730/3985 2476/4731/3986 3200/4732/3987
f 3200/4732/3987 2476/4731/3986 3177/4733/3988
f 3177/4733/3988 2476/4731/3986 2475/4734/3989
f 3177/4733/3988 2475/4734/3989 3178/4735/3990
f 3178/4735/3990 2475/4734/3989 3140/4736/3991
f 3178/4735/3990 3140/4736/3991 3179/4737/3992
f 3179/4737/3992 3140/4736/3991 3139/4738/3993
f 3179/4737/3992 3139/4738/3993 3180/4739/3994
f 3180/4739/3994 3139/4738/3993 3138/4740/3995
f 3180/4739/3994 3138/4740/3995 3181/4741/3996
f 3181/4741/3996 3138/4740/3995 3137/4742/3997
f 3181/4741/3996 3137/4742/3997 3182/4743/3998
f 3182/4743/3998 3137/4742/3997 3136/4744/3999
f 3182/4743/3998 3136/4744/3999 3396/4719/3974
f 3396/4719/3974 3136/4744/3999 3135/4745/4000
f 3396/4719/3974 3135/4745/4000 3087/4746/4001
f 3087/4746/4001 3135/4745/4000 3088/4747/4002
f 3088/4747/4002 3135/4745/4000 3134/4748/4003
f 3088/4747/4002 3134/4748/4003 3089/4749/4004
f 3089/4749/4004 3134/4748/4003 3133/4750/4005
f 3089/4749/4004 3133/4750/4005 3090/4751/4006
f 3090/4751/4006 3133/4750/4005 3132/4752/4007
f 3090/4751/4006 3132/4752/4007 3091/4753/4008
f 3091/4753/4008 3132/4752/4007 3131/4754/4009
f 3091/4753/4008 3131/4754/4009 3092/4755/4010
f 3092/4755/4010 3131/4754/4009 3130/4756/4011
f 3092/4755/4010 3130/4756/4011 2691/4757/4012
f 2691/4757/4012 3130/4756/4011 3129/4758/4013
f 2691/4757/4012 3129/4758/4013 2692/4759/4014
f 2692/4759/4014 3129/4758/4013 3152/4760/4015
f 2692/4759/4014 3152/4760/4015 3151/4761/4016
f 3140/4736/3991 2475/4734/3989 3141/4762/4017
f 3141/4762/4017 2475/4734/3989 2474/4763/4018
f 3141/4762/4017 2474/4763/4018 3142/4764/4019
f 3142/4764/4019 2474/4763/4018 3143/4765/4020
f 3143/4765/4020 2474/4763/4018 2473/4766/4021
f 3143/4765/4020 2473/4766/4021 3144/4767/4022
f 3144/4767/4022 2473/4766/4021 3145/4768/4023
f 3145/4768/4023 2473/4766/4021 2472/4769/4024
f 3145/4768/4023 2472/4769/4024 3146/4770/4025
f 3146/4770/4025 2472/4769/4024 3147/4771/4026
f 3147/4771/4026 2472/4769/4024 2694/4772/4027
f 3147/4771/4026 2694/4772/4027 3148/4773/4028
f 3148/4773/4028 2694/4772/4027 3149/4774/4029
f 3149/4774/4029 2694/4772/4027 2693/4775/4030
f 3149/4774/4029 2693/4775/4030 3150/4776/4031
f 3150/4776/4031 2693/4775/4030 3151/4761/4016
f 3151/4761/4016 2693/4775/4030 2692/4759/4014
f 2694/4772/4027 2472/4769/4024 2695/4777/4032
f 2695/4777/4032 2472/4769/4024 2471/4778/4033
f 2695/4777/4032 2471/4778/4033 2696/4779/4034
f 2696/4779/4034 2471/4778/4033 2470/4780/4035
f 2696/4779/4034 2470/4780/4035 2673/4781/4036
f 2673/4781/4036 2470/4780/4035 2469/4782/4037
f 2673/4781/4036 2469/4782/4037 2674/4783/4038
f 2674/4783/4038 2469/4782/4037 2468/4784/4039
f 2674/4783/4038 2468/4784/4039 2675/4785/4040
f 2675/4785/4040 2468/4784/4039 2467/4786/4041
f 2675/4785/4040 2467/4786/4041 2676/4787/4042
f 2676/4787/4042 2467/4786/4041 2466/4788/4043
f 2676/4787/4042 2466/4788/4043 3327/4789/4044
f 3327/4789/4044 2466/4788/4043 3328/4790/4045
f 3328/4790/4045 2466/4788/4043 3329/4791/4046
f 3329/4791/4046 2466/4788/4043 2465/4792/4047
f 3329/4791/4046 2465/4792/4047 3330/4793/4048
f 3330/4793/4048 2465/4792/4047 3331/4794/4049
f 3331/4794/4049 2465/4792/4047 2464/4795/4050
f 3331/4794/4049 2464/4795/4050 3332/4796/4051
f 3332/4796/4051 2464/4795/4050 3333/4797/4052
f 3333/4797/4052 2464/4795/4050 2463/4798/4053
f 3333/4797/4052 2463/4798/4053 3334/4799/4054
f 3334/4799/4054 2463/4798/4053 3392/4800/4055
f 3334/4799/4054 3392/4800/4055 3335/4801/4056
f 3335/4801/4056 3392/4800/4055 3391/4802/4057
f 3335/4801/4056 3391/4802/4057 3336/4803/4058
f 3336/4803/4058 3391/4802/4057 3390/4804/4059
f 3336/4803/4058 3390/4804/4059 3337/4805/4060
f 3337/4805/4060 3390/4804/4059 3389/4806/4061
f 3337/4805/4060 3389/4806/4061 3338/4807/4062
f 3338/4807/4062 3389/4806/4061 3388/4808/4063
f 3338/4807/4062 3388/4808/4063 3394/4809/4064
f 3394/4809/4064 3388/4808/4063 3387/4810/4065
f 3394/4809/4064 3387/4810/4065 3386/4811/4066
f 3392/4800/4055 2463/4798/4053 3369/4812/4067
f 3369/4812/4067 2463/4798/4053 2462/4813/4068
f 3369/4812/4067 2462/4813/4068 3370/4814/4069
f 3370/4814/4069 2462/4813/4068 3371/4815/4070
f 3371/4815/4070 2462/4813/4068 2461/4816/4071
f 3371/4815/4070 2461/4816/4071 3372/4817/4072
f 3372/4817/4072 2461/4816/4071 3373/4818/4073
f 3373/4818/4073 2461/4816/4071 2460/4819/4074
f 3373/4818/4073 2460/4819/4074 3374/4820/4075
f 3374/4820/4075 2460/4819/4074 3375/4821/4076
f 3375/4821/4076 2460/4819/4074 2459/4822/4077
f 3375/4821/4076 2459/4822/4077 3376/4823/4078
f 3376/4823/4078 2459/4822/4077 2458/4824/4079
f 3376/4823/4078 2458/4824/4079 3377/4825/4080
f 3377/4825/4080 2458/4824/4079 2457/4712/3967
f 3377/4825/4080 2457/4712/3967 3378/4714/3969
f 3396/4719/3974 3394/4809/4064 3380/4717/3972
f 3380/4717/3972 3394/4809/4064 3381/4826/4081
f 3381/4826/4081 3394/4809/4064 3382/4827/4082
f 3382/4827/4082 3394/4809/4064 3383/4828/4083
f 3383/4828/4083 3394/4809/4064 3384/4829/4084
f 3384/4829/4084 3394/4809/4064 3385/4830/4085
f 3385/4830/4085 3394/4809/4064 3386/4811/4066
f 3338/4807/4062 3394/4809/4064 3339/4831/4086
f 3339/4831/4086 3394/4809/4064 3393/4832/4087
f 3339/4831/4086 3393/4832/4087 3291/4833/4088
f 3291/4833/4088 3393/4832/4087 3292/4834/4089
f 3292/4834/4089 3393/4832/4087 3242/4835/4090
f 3292/4834/4089 3242/4835/4090 3293/4836/4091
f 3293/4836/4091 3242/4835/4090 3241/4837/4092
f 3293/4836/4091 3241/4837/4092 3294/4838/4093
f 3294/4838/4093 3241/4837/4092 3240/4839/4094
f 3294/4838/4093 3240/4839/4094 3295/4840/4095
f 3295/4840/4095 3240/4839/4094 3239/4841/4096
f 3295/4840/4095 3239/4841/4096 3296/4842/4097
f 3296/4842/4097 3239/4841/4096 3238/4843/4098
f 3296/4842/4097 3238/4843/4098 2895/4844/4099
f 2895/4844/4099 3238/4843/4098 3237/4845/4100
f 2895/4844/4099 3237/4845/4100 2896/4846/4101
f 2896/4846/4101 3237/4845/4100 3236/4847/4102
f 2896/4846/4101 3236/4847/4102 3235/4848/4103
f 3395/4849/4104 3226/4850/4105 3393/4832/4087
f 3393/4832/4087 3226/4850/4105 3225/4851/4106
f 3393/4832/4087 3225/4851/4106 3248/4852/4107
f 3396/4719/3974 3087/4746/4001 3395/4849/4104
f 3395/4849/4104 3087/4746/4001 3086/4853/4108
f 3395/4849/4104 3086/4853/4108 3040/4854/4109
f 3040/4854/4109 3086/4853/4108 3041/4855/4110
f 3041/4855/4110 3086/4853/4108 3085/4856/4111
f 3041/4855/4110 3085/4856/4111 3042/4857/4112
f 3042/4857/4112 3085/4856/4111 3084/4858/4113
f 3042/4857/4112 3084/4858/4113 3043/4859/4114
f 3043/4859/4114 3084/4858/4113 3083/4860/4115
f 3043/4859/4114 3083/4860/4115 3044/4861/4116
f 3044/4861/4116 3083/4860/4115 3082/4862/4117
f 3044/4861/4116 3082/4862/4117 2907/4863/4118
f 2907/4863/4118 3082/4862/4117 3081/4864/4119
f 2907/4863/4118 3081/4864/4119 2908/4865/4120
f 2908/4865/4120 3081/4864/4119 3104/4866/4121
f 2908/4865/4120 3104/4866/4121 3103/4867/4122
f 3344/4868/4123 2679/4869/4124 3321/4870/4125
f 3321/4870/4125 2679/4869/4124 2678/4871/4126
f 3321/4870/4125 2678/4871/4126 3322/4872/4127
f 3322/4872/4127 2678/4871/4126 3323/4873/4128
f 3323/4873/4128 2678/4871/4126 2677/4874/4129
f 3323/4873/4128 2677/4874/4129 3324/4875/4130
f 3324/4875/4130 2677/4874/4129 3325/4876/4131
f 3325/4876/4131 2677/4874/4129 2676/4787/4042
f 3325/4876/4131 2676/4787/4042 3326/4877/4132
f 3326/4877/4132 2676/4787/4042 3327/4789/4044
f 3343/4878/4133 3287/4879/4134 3344/4868/4123
f 3344/4868/4123 3287/4879/4134 3286/4880/4135
f 3344/4868/4123 3286/4880/4135 2679/4869/4124
f 2679/4869/4124 3286/4880/4135 3285/4881/4136
f 2679/4869/4124 3285/4881/4136 2680/4882/4137
f 2680/4882/4137 3285/4881/4136 3284/4883/4138
f 2680/4882/4137 3284/4883/4138 3283/4884/4139
f 3287/4879/4134 3343/4878/4133 3288/4885/4140
f 3288/4885/4140 3343/4878/4133 3342/4886/4141
f 3288/4885/4140 3342/4886/4141 3289/4887/4142
f 3289/4887/4142 3342/4886/4141 3341/4888/4143
f 3289/4887/4142 3341/4888/4143 3290/4889/4144
f 3290/4889/4144 3341/4888/4143 3340/4890/4145
f 3290/4889/4144 3340/4890/4145 3291/4833/4088
f 3291/4833/4088 3340/4890/4145 3339/4831/4086
f 3296/4842/4097 2895/4844/4099 3273/4891/4146
f 3273/4891/4146 2895/4844/4099 2894/4892/4147
f 3273/4891/4146 2894/4892/4147 3274/4893/4148
f 3274/4893/4148 2894/4892/4147 3275/4894/4149
f 3275/4894/4149 2894/4892/4147 2893/4895/4150
f 3275/4894/4149 2893/4895/4150 3276/4896/4151
f 3276/4896/4151 2893/4895/4150 3277/4897/4152
f 3277/4897/4152 2893/4895/4150 2892/4898/4153
f 3277/4897/4152 2892/4898/4153 3278/4899/4154
f 3278/4899/4154 2892/4898/4153 3279/4900/4155
f 3279/4900/4155 2892/4898/4153 2682/4901/4156
f 3279/4900/4155 2682/4901/4156 3280/4902/4157
f 3280/4902/4157 2682/4901/4156 3281/4903/4158
f 3281/4903/4158 2682/4901/4156 2681/4904/4159
f 3281/4903/4158 2681/4904/4159 3282/4905/4160
f 3282/4905/4160 2681/4904/4159 3283/4884/4139
f 3283/4884/4139 2681/4904/4159 2680/4882/4137
f 3248/4852/4107 3247/4906/4161 3393/4832/4087
f 3393/4832/4087 3247/4906/4161 3246/4907/4162
f 3393/4832/4087 3246/4907/4162 3245/4908/4163
f 3245/4908/4163 3244/4909/4164 3393/4832/4087
f 3393/4832/4087 3244/4909/4164 3243/4910/4165
f 3393/4832/4087 3243/4910/4165 3242/4835/4090
f 2896/4846/4101 3235/4848/4103 2897/4911/4166
f 2897/4911/4166 3235/4848/4103 3234/4912/4167
f 2897/4911/4166 3234/4912/4167 3233/4913/4168
f 2897/4911/4166 3233/4913/4168 2898/4914/4169
f 2898/4914/4169 3233/4913/4168 3232/4915/4170
f 2898/4914/4169 3232/4915/4170 3231/4916/4171
f 2898/4914/4169 3231/4916/4171 2899/4917/4172
f 2899/4917/4172 3231/4916/4171 3230/4918/4173
f 2899/4917/4172 3230/4918/4173 2900/4919/4174
f 2900/4919/4174 3230/4918/4173 3229/4920/4175
f 2900/4919/4174 3229/4920/4175 2901/4921/4176
f 2901/4921/4176 3229/4920/4175 3228/4922/4177
f 2901/4921/4176 3228/4922/4177 3054/4923/4178
f 3054/4923/4178 3228/4922/4177 3055/4924/4179
f 3055/4924/4179 3228/4922/4177 3227/4925/4180
f 3055/4924/4179 3227/4925/4180 3226/4850/4105
f 3188/4721/3976 3187/4926/4181 3396/4719/3974
f 3396/4719/3974 3187/4926/4181 3186/4927/4182
f 3396/4719/3974 3186/4927/4182 3185/4928/4183
f 3185/4928/4183 3184/4929/4184 3396/4719/3974
f 3396/4719/3974 3184/4929/4184 3183/4930/4185
f 3396/4719/3974 3183/4930/4185 3182/4743/3998
f 2908/4865/4120 3103/4867/4122 2909/4931/4186
f 2909/4931/4186 3103/4867/4122 3102/4932/4187
f 2909/4931/4186 3102/4932/4187 3101/4933/4188
f 2909/4931/4186 3101/4933/4188 2910/4934/4189
f 2910/4934/4189 3101/4933/4188 3100/4935/4190
f 2910/4934/4189 3100/4935/4190 3099/4936/4191
f 2910/4934/4189 3099/4936/4191 2688/4937/4192
f 2688/4937/4192 3099/4936/4191 3098/4938/4193
f 2688/4937/4192 3098/4938/4193 3097/4939/4194
f 2688/4937/4192 3097/4939/4194 2689/4940/4195
f 2689/4940/4195 3097/4939/4194 3096/4941/4196
f 2689/4940/4195 3096/4941/4196 3095/4942/4197
f 2689/4940/4195 3095/4942/4197 2690/4943/4198
f 2690/4943/4198 3095/4942/4197 3094/4944/4199
f 2690/4943/4198 3094/4944/4199 3093/4945/4200
f 2690/4943/4198 3093/4945/4200 2691/4757/4012
f 2691/4757/4012 3093/4945/4200 3092/4755/4010
f 3034/4946/4201 3033/4947/4202 3395/4849/4104
f 3395/4849/4104 3033/4947/4202 3056/4948/4203
f 3395/4849/4104 3056/4948/4203 3226/4850/4105
f 3226/4850/4105 3056/4948/4203 3055/4924/4179
f 3054/4923/4178 3053/4949/4204 2901/4921/4176
f 2901/4921/4176 3053/4949/4204 2902/4950/4205
f 2902/4950/4205 3053/4949/4204 3052/4951/4206
f 2902/4950/4205 3052/4951/4206 2903/4952/4207
f 2903/4952/4207 3052/4951/4206 3051/4953/4208
f 2903/4952/4207 3051/4953/4208 2904/4954/4209
f 2904/4954/4209 3051/4953/4208 3050/4955/4210
f 2904/4954/4209 3050/4955/4210 3049/4956/4211
f 2904/4954/4209 3049/4956/4211 2905/4957/4212
f 2905/4957/4212 3049/4956/4211 3048/4958/4213
f 2905/4957/4212 3048/4958/4213 3047/4959/4214
f 2905/4957/4212 3047/4959/4214 2906/4960/4215
f 2906/4960/4215 3047/4959/4214 3046/4961/4216
f 2906/4960/4215 3046/4961/4216 3045/4962/4217
f 2906/4960/4215 3045/4962/4217 2907/4863/4118
f 2907/4863/4118 3045/4962/4217 3044/4861/4116
f 3040/4854/4109 3039/4963/4218 3395/4849/4104
f 3395/4849/4104 3039/4963/4218 3038/4964/4219
f 3395/4849/4104 3038/4964/4219 3037/4965/4220
f 3037/4965/4220 3036/4966/4221 3395/4849/4104
f 3395/4849/4104 3036/4966/4221 3035/4967/4222
f 3395/4849/4104 3035/4967/4222 3034/4946/4201
f 2910/4934/4189 2688/4937/4192 2911/4968/4223
f 2911/4968/4223 2688/4937/4192 2687/4969/4224
f 2911/4968/4223 2687/4969/4224 2912/4970/4225
f 2912/4970/4225 2687/4969/4224 2686/4971/4226
f 2912/4970/4225 2686/4971/4226 2889/4972/4227
f 2889/4972/4227 2686/4971/4226 2685/4973/4228
f 2889/4972/4227 2685/4973/4228 2890/4974/4229
f 2890/4974/4229 2685/4973/4228 2684/4975/4230
f 2890/4974/4229 2684/4975/4230 2891/4976/4231
f 2891/4976/4231 2684/4975/4230 2683/4977/4232
f 2891/4976/4231 2683/4977/4232 2892/4898/4153
f 2892/4898/4153 2683/4977/4232 2682/4901/4156
f 134/4978/154 437/4979/439 100/4980/120
f 100/4980/120 437/4979/439 403/4981/418
f 47/4982/67 128/4983/130 13/4984/32
f 13/4984/32 128/4983/130 94/4985/101
# 3396 vertices
# 4985 texture params
# 4232 normals
# 6788 facets

# 1 groups
